1520863410.000000, 1520863410.000000, 1520863410.000000
32.000000, 32.000000, 32.000000
9,-2,63
9,-1,63
8,-1,63
9,-1,63
9,-1,64
9,-1,63
9,-1,63
9,-1,63
9,-2,63
8,-2,63
9,-2,63
9,-2,63
9,-2,64
8,-1,66
9,-1,69
9,-2,72
11,-2,73
13,-5,73
14,-7,68
14,-7,67
11,-8,61
5,-14,56
5,-16,53
0,-18,51
-3,-20,52
-2,-22,53
-3,-23,53
-1,-26,56
4,-27,54
6,-26,54
7,-26,58
6,-25,61
3,-23,58
6,-24,57
6,-27,55
2,-27,57
0,-26,58
-2,-27,52
5,-27,47
6,-27,47
1,-23,54
0,-21,55
1,-16,57
2,-12,65
1,-8,69
7,-5,72
8,-2,68
8,-1,69
9,-2,70
5,-3,65
3,-3,64
2,-4,64
3,-3,63
3,-3,63
5,-6,62
7,-6,64
10,-3,68
9,-2,65
10,-4,65
9,-5,63
9,-4,62
8,-4,62
7,-4,62
6,-4,62
6,-3,62
6,-3,62
8,-2,64
9,-1,65
10,-2,65
9,-2,64
8,-2,63
7,-2,63
7,-2,62
8,-2,63
8,-2,63
8,-2,64
8,-2,64
8,-3,64
8,-3,63
7,-3,62
7,-3,62
7,-3,62
8,-3,63
10,-3,63
9,-3,63
9,-3,63
9,-3,63
9,-3,63
9,-2,63
10,-2,63
11,-2,63
10,-2,63
8,-3,62
9,-2,63
10,-2,63
10,-2,63
11,-2,63
10,-2,63
10,-2,63
9,-2,63
10,-2,63
10,-3,63
10,-3,63
10,-3,63
9,-3,63
9,-3,63
10,-3,63
9,-3,63
10,-3,63
9,-3,63
9,-3,63
10,-3,63
10,-3,63
10,-3,63
9,-2,63
9,-2,63
9,-3,63
10,-3,63
10,-3,63
10,-3,63
10,-3,63
10,-3,63
10,-3,63
10,-3,63
9,-3,63
9,-3,63
10,-3,63
10,-3,63
9,-3,63
9,-3,63
9,-3,63
9,-3,63
10,-3,63
9,-3,63
10,-3,63
9,-3,63
10,-3,63
9,-3,63
9,-3,63
9,-3,63
10,-3,63
10,-3,63
9,-3,63
9,-3,63
9,-3,62
9,-3,63
9,-3,63
10,-3,63
10,-3,63
10,-3,63
9,-3,63
9,-3,63
9,-3,63
10,-3,63
10,-3,63
10,-3,63
10,-3,63
10,-3,63
9,-3,63
10,-3,63
10,-3,63
10,-3,63
9,-3,63
9,-3,63
10,-3,63
9,-3,63
9,-3,63
10,-3,63
10,-3,63
10,-3,63
9,-3,63
9,-3,63
9,-3,63
10,-3,63
10,-3,63
10,-3,63
10,-3,63
10,-3,63
9,-3,63
9,-3,63
9,-3,63
10,-3,63
10,-3,63
9,-3,63
9,-3,63
9,-3,62
10,-3,62
10,-3,62
10,-3,62
9,-3,63
8,0,65
8,1,65
10,0,65
11,-2,65
12,-4,62
12,-3,61
11,-3,61
10,-3,62
9,-3,63
8,-3,64
9,-2,63
9,-2,63
9,-4,62
11,-4,63
7,-3,62
6,-2,61
10,-2,64
9,-2,64
9,-2,64
7,-2,63
7,-2,63
7,-2,62
9,-1,64
8,-2,62
8,-2,64
7,-2,64
8,-2,63
8,-2,63
7,-3,63
8,-3,63
6,-2,63
7,-1,63
6,-1,64
9,-3,63
8,-2,63
7,-2,63
8,-2,64
9,-2,63
7,-3,63
6,-2,63
4,-1,64
5,-1,65
5,0,64
5,-2,62
5,-3,63
6,-2,64
7,-1,64
7,-2,64
6,-2,64
5,-2,64
5,-2,63
6,-2,63
6,-3,63
7,-3,63
7,-3,63
8,-3,63
7,-3,63
6,-2,63
6,-2,64
6,-2,63
6,-2,64
7,-2,64
7,-3,63
7,-3,63
7,-2,63
7,-2,63
7,-2,64
7,-2,64
7,-2,64
7,-2,63
7,-2,63
7,-2,63
7,-2,63
7,-2,64
7,-2,64
7,-2,63
7,-3,63
7,-3,63
7,-3,63
7,-3,63
7,-2,63
7,-3,63
7,-3,63
7,-3,63
7,-3,63
7,-3,63
7,-2,63
7,-2,63
7,-2,63
7,-2,63
7,-3,63
7,-2,63
7,-2,63
8,-1,65
9,-2,65
8,-2,63
7,-2,63
6,-2,63
8,-2,64
8,-2,65
7,-2,64
6,-2,63
5,-2,63
4,-2,64
-2,0,67
-8,-3,65
-2,-2,64
6,-2,63
6,-2,61
9,-5,62
18,-4,62
21,-6,60
22,-7,61
21,-6,61
13,-5,63
11,-5,62
9,-6,64
7,-5,62
7,-5,61
15,-6,65
19,-7,67
20,-9,62
27,-10,59
28,-10,57
15,-5,56
10,-1,59
2,2,63
-9,3,63
-19,4,65
-12,4,68
-10,1,67
-4,-3,63
0,-3,64
5,-3,63
6,-4,62
4,-5,60
7,-5,61
4,-5,61
2,-4,63
2,-3,65
5,-2,67
8,-4,67
9,-4,65
10,-4,63
10,-4,62
9,-4,62
7,-4,62
5,-3,62
5,-3,63
4,-2,59
9,0,65
9,-3,64
9,-3,62
14,-3,63
12,-3,63
10,-3,63
10,-3,63
10,-2,63
10,-2,63
10,-3,63
10,-3,63
11,-3,63
11,-3,62
11,-3,63
11,-3,63
11,-3,63
11,-3,63
11,-3,63
11,-3,63
11,-3,62
11,-3,63
11,-3,63
11,-3,62
12,-3,62
12,-3,62
12,-3,62
12,-3,61
12,-3,62
11,-2,63
9,-1,65
10,-1,64
10,-2,63
11,-2,63
12,-2,62
12,-2,63
12,-2,63
11,-2,63
11,-2,63
11,-2,62
12,-2,63
12,-2,62
12,-2,62
11,-2,62
11,-2,63
11,-2,63
12,-2,63
11,-2,63
11,-2,62
12,-2,63
12,-3,62
12,-3,62
12,-2,62
11,-2,63
11,-2,63
11,-2,63
12,-2,62
12,-2,62
12,-2,62
11,-2,62
11,-2,63
12,-2,63
12,-2,62
13,-2,62
13,-3,62
12,-2,63
12,-2,63
12,-2,63
12,-2,63
12,-2,62
12,-2,62
13,-2,62
13,-2,62
12,-2,62
12,-2,62
12,-2,63
12,-2,63
12,-2,62
13,-2,62
12,-2,63
12,-2,62
12,-3,62
12,-2,62
12,-3,62
12,-3,62
12,-3,62
12,-3,62
12,-2,63
12,-2,63
12,-2,63
12,-2,63
12,-2,62
12,-3,62
12,-2,62
12,-3,62
12,-2,62
12,-2,63
12,-2,62
12,-2,62
12,-2,62
12,-2,62
12,-2,63
12,-2,63
12,-2,63
12,-2,63
12,-2,63
12,-2,62
12,-2,62
12,-2,62
12,-2,62
12,-2,62
12,-2,63
12,-2,63
12,-2,63
12,-2,62
12,-3,62
12,-2,62
12,-2,62
12,-2,63
12,-2,63
12,-2,63
12,-2,63
12,-2,62
12,-2,63
12,-2,63
12,-2,63
12,-2,62
12,-2,62
12,-3,62
12,-2,62
12,-2,62
12,-2,63
12,-2,63
12,-2,62
12,-2,62
12,-2,62
12,-2,63
12,-2,63
12,-2,63
12,-2,62
12,-2,62
12,-2,63
12,-2,63
12,-2,63
12,-2,62
12,-2,62
12,-2,62
12,-2,62
12,-2,62
12,-2,63
12,-2,62
12,-2,63
12,-2,63
12,-2,62
12,-2,63
12,-2,63
12,-2,62
12,-2,63
12,-2,62
12,-2,62
12,-2,62
12,-2,62
12,-2,62
12,-2,62
12,-2,63
13,-2,63
12,-2,62
12,-2,63
12,-2,62
12,-2,63
12,-2,62
12,-2,62
12,-2,62
12,-2,62
13,-2,63
12,-2,62
12,-2,62
12,-2,62
12,-2,62
12,-2,63
12,-2,62
12,-2,62
12,-2,63
12,-2,63
12,-2,62
12,-2,62
12,-2,62
12,-2,62
12,-2,62
12,-2,62
12,-2,63
12,-2,63
12,-2,62
12,-2,63
12,-2,63
12,-2,63
12,-2,63
12,-2,62
12,-2,63
12,-2,62
12,-2,62
12,-3,62
12,-2,62
12,-2,62
12,-2,62
12,-2,62
12,-2,62
12,-2,62
12,-2,63
12,-2,62
12,-2,63
12,-2,62
12,-2,62
12,-2,62
12,-2,63
12,-2,62
13,-2,63
12,-2,62
13,-2,63
12,-2,63
12,-2,62
12,-2,62
12,-2,62
12,-2,63
12,-2,63
13,-2,63
12,-2,62
12,-2,63
12,-2,62
12,-2,62
12,-2,63
12,-2,63
12,-2,62
12,-2,62
12,-2,63
12,-2,62
12,-2,63
12,-2,63
12,-2,62
12,-2,62
12,-2,63
12,-2,62
12,-2,63
12,-2,62
12,-2,63
12,-2,63
12,-2,62
12,-2,62
12,-2,62
12,-2,62
12,-2,63
12,-2,63
12,-3,63
12,-2,62
12,-2,62
12,-2,62
12,-2,63
12,-2,63
12,-2,62
12,-2,62
12,-2,62
12,-2,62
12,-2,63
12,-2,63
12,-2,62
12,-2,63
12,-2,63
12,-2,62
12,-2,62
12,-2,62
12,-3,62
12,-2,62
12,-2,62
12,-2,62
12,-2,62
12,-3,62
12,-2,62
12,-2,63
12,-2,63
12,-2,62
12,-2,62
12,-2,62
12,-2,62
12,-2,62
12,-2,62
12,-2,63
12,-2,63
13,-2,63
13,-2,62
12,-2,62
12,-2,62
12,-2,62
12,-2,63
12,-2,63
12,-2,62
12,-2,62
12,-3,62
12,-2,62
12,-2,62
12,-2,63
12,-2,63
12,-2,62
12,-2,62
12,-2,63
12,-2,63
12,-2,63
12,-2,63
13,-3,62
12,-2,62
12,-2,62
12,-2,62
12,-2,62
12,-2,62
12,-2,62
12,-2,63
12,-2,63
12,-2,62
12,-2,63
12,-2,62
12,-2,62
12,-2,62
12,-2,63
12,-2,63
12,-2,63
12,-2,62
12,-2,62
12,-3,62
12,-2,63
12,-2,63
12,-2,63
13,-2,63
12,-3,62
12,-2,62
12,-2,62
12,-2,62
12,-2,63
12,-2,63
12,-2,62
12,-2,62
12,-2,62
12,-2,63
12,-2,63
12,-2,63
12,-2,63
12,-2,62
12,-2,62
12,-2,62
12,-2,63
12,-2,63
12,-2,63
12,-2,63
12,-2,62
12,-2,63
12,-2,62
12,-2,63
12,-2,62
12,-2,63
12,-2,62
12,-2,62
12,-2,62
12,-2,63
12,-2,63
12,-2,62
12,-2,62
12,-2,63
12,-2,63
12,-2,62
12,-2,63
12,-2,62
12,-2,63
12,-2,62
12,-2,63
12,-2,63
12,-2,63
12,-2,63
12,-2,63
12,-2,63
12,-2,63
12,-2,63
12,-2,62
12,-2,63
12,-2,62
12,-2,63
12,-2,63
12,-2,62
12,-2,63
12,-2,62
12,-2,63
12,-2,63
12,-2,63
12,-2,62
12,-2,62
12,-2,62
12,-2,62
12,-2,63
12,-2,63
12,-2,62
12,-2,62
11,-2,63
12,-2,63
12,-2,63
12,-2,63
12,-2,62
12,-2,62
12,-2,62
12,-2,63
12,-2,63
12,-2,62
12,-2,62
12,-2,63
12,-2,62
12,-2,63
12,-2,63
12,-2,62
12,-2,62
12,-2,62
12,-2,63
12,-2,63
12,-2,62
12,-2,62
12,-2,63
12,-2,63
12,-2,63
12,-2,62
12,-2,63
12,-2,63
12,-2,63
12,-2,62
12,-2,62
12,-2,62
12,-2,63
12,-2,63
12,-2,63
12,-2,62
12,-2,62
12,-2,63
12,-2,63
12,-2,62
12,-2,63
12,-2,62
12,-2,63
12,-2,62
12,-2,62
12,-2,63
12,-2,63
12,-2,62
12,-2,63
12,-2,63
12,-2,63
12,-2,62
12,-2,62
12,-2,62
12,-2,63
12,-2,63
12,-2,62
12,-2,62
12,-2,62
12,-2,63
12,-2,62
12,-2,63
12,-2,63
12,-2,63
12,-2,63
12,-2,62
12,-2,63
12,-2,63
12,-2,63
12,-2,63
12,-2,63
12,-3,62
12,-2,62
12,-2,62
12,-2,62
12,-2,62
12,-2,62
12,-3,62
12,-3,62
12,-3,62
12,-2,63
12,-2,62
12,-2,63
12,-2,63
12,-2,62
12,-2,62
12,-2,62
12,-2,62
12,-3,62
12,-3,62
12,-2,62
12,-3,62
12,-2,63
12,-3,62
12,-3,62
12,-3,62
12,-3,62
12,-2,63
12,-3,62
12,-2,63
12,-3,63
12,-3,62
12,-3,62
12,-2,63
12,-2,63
12,-3,62
12,-2,62
12,-2,63
12,-2,62
12,-3,62
12,-2,63
12,-2,63
12,-2,63
12,-3,62
12,-3,62
12,-2,62
12,-2,63
12,-2,63
12,-3,62
12,-2,62
12,-2,62
12,-3,62
12,-3,63
12,-3,62
12,-2,62
12,-2,62
12,-3,62
12,-2,63
12,-2,62
12,-2,63
12,-2,63
12,-2,63
12,-3,62
12,-3,62
12,-2,63
12,-2,63
12,-2,63
12,-3,63
12,-2,63
12,-2,63
12,-2,62
12,-2,63
12,-2,62
12,-2,63
12,-2,62
12,-2,62
12,-2,63
12,-2,63
12,-2,63
12,-2,62
12,-2,62
12,-2,62
12,-3,63
12,-2,62
12,-2,63
12,-2,63
12,-2,63
12,-3,62
12,-3,62
12,-2,62
12,-2,63
12,-2,63
12,-2,63
12,-2,62
12,-3,62
12,-2,62
12,-2,63
12,-2,63
12,-2,63
12,-2,62
12,-2,62
12,-2,63
12,-2,62
12,-2,62
12,-3,62
12,-2,63
12,-2,63
12,-2,63
12,-2,63
12,-2,62
12,-2,62
12,-2,63
12,-2,62
12,-2,62
11,-2,62
12,-2,63
12,-2,63
12,-2,63
12,-2,63
12,-2,62
12,-2,63
12,-2,63
12,-3,62
12,-3,63
12,-2,62
12,-3,62
12,-3,62
12,-2,62
12,-2,62
12,-2,62
12,-2,63
12,-2,62
12,-2,62
12,-2,63
12,-2,63
12,-2,63
12,-2,62
12,-2,63
12,-2,62
12,-2,63
12,-3,62
12,-2,62
12,-3,62
12,-2,63
12,-2,62
12,-2,63
12,-2,62
12,-2,62
12,-3,62
12,-3,62
12,-2,62
12,-2,63
12,-2,63
12,-2,62
12,-3,62
12,-2,63
12,-3,63
12,-2,63
12,-2,62
12,-3,62
12,-3,62
12,-2,63
12,-2,63
12,-3,62
12,-2,62
11,-2,62
12,-2,63
12,-2,63
12,-2,62
12,-2,63
12,-2,63
12,-3,63
12,-2,62
12,-2,63
12,-3,63
12,-2,63
12,-2,62
12,-2,62
12,-2,62
12,-2,62
12,-2,63
12,-2,63
12,-3,62
12,-2,62
12,-2,62
12,-2,62
12,-2,63
12,-2,63
12,-2,63
12,-2,62
12,-3,62
12,-2,63
12,-2,63
12,-2,62
12,-2,62
12,-2,62
12,-2,62
12,-2,62
12,-2,63
12,-2,63
12,-2,63
12,-2,62
12,-2,62
12,-2,63
12,-2,62
12,-2,62
12,-2,62
12,-2,63
12,-2,63
12,-3,62
12,-2,62
12,-2,62
12,-2,62
12,-2,63
12,-2,62
12,-2,62
12,-2,62
12,-2,62
12,-2,62
12,-2,62
12,-2,63
12,-2,63
12,-2,62
12,-2,62
12,-2,62
12,-2,63
12,-2,63
12,-2,62
12,-2,63
12,-2,62
12,-2,62
12,-2,62
12,-2,62
12,-2,62
12,-2,63
12,-2,62
12,-2,63
12,-2,62
12,-3,62
12,-2,62
12,-2,63
12,-2,62
12,-2,63
12,-2,63
12,-2,62
12,-2,62
12,-2,63
12,-2,62
12,-2,63
12,-2,63
12,-2,62
12,-2,62
12,-2,62
12,-2,63
12,-2,63
12,-2,62
12,-2,62
12,-3,63
12,-2,62
12,-2,63
12,-2,63
12,-2,62
12,-3,62
12,-3,62
12,-2,62
12,-2,63
12,-2,63
12,-2,63
12,-2,63
12,-2,63
12,-3,62
12,-3,62
12,-2,63
12,-2,63
12,-2,63
12,-2,62
12,-3,62
12,-3,62
12,-2,63
12,-3,63
12,-3,62
12,-3,62
12,-3,63
12,-2,63
12,-2,63
12,-2,63
12,-3,63
12,-2,63
12,-2,62
12,-3,62
12,-2,62
12,-2,63
12,-3,63
12,-2,62
12,-3,62
12,-2,63
12,-3,63
12,-2,63
12,-2,63
12,-3,62
12,-3,63
11,-3,63
12,-2,63
12,-3,63
12,-2,62
12,-2,62
12,-2,63
12,-2,63
12,-2,63
12,-3,62
12,-2,62
12,-2,62
12,-3,63
12,-2,63
12,-2,62
12,-2,63
12,-2,63
12,-2,63
12,-2,62
12,-2,62
12,-2,62
12,-2,63
12,-2,62
12,-2,62
12,-2,62
12,-2,62
12,-2,62
12,-2,63
12,-2,62
12,-2,62
12,-2,63
12,-2,63
12,-2,62
12,-2,62
12,-2,62
12,-2,62
12,-2,62
12,-2,62
12,-2,62
12,-2,63
12,-2,62
12,-2,62
12,-2,62
12,-2,63
12,-2,62
12,-2,62
12,-2,63
12,-2,63
12,-2,63
12,-2,62
12,-2,62
12,-2,62
12,-2,62
12,-2,63
12,-2,62
12,-2,62
12,-2,62
12,-3,62
12,-2,62
12,-2,62
12,-2,63
12,-2,63
12,-2,63
12,-2,63
12,-2,62
12,-2,63
12,-2,62
12,-2,63
12,-2,62
12,-2,62
12,-2,62
12,-2,63
12,-2,62
12,-2,62
12,-2,62
12,-2,62
12,-2,63
12,-2,63
12,-2,62
12,-2,62
12,-2,62
12,-2,62
12,-2,63
12,-3,63
12,-2,62
12,-2,63
12,-2,63
12,-2,63
12,-2,62
12,-2,63
12,-2,63
12,-2,62
12,-2,63
12,-2,63
12,-2,63
11,-2,63
12,-3,62
12,-3,62
12,-3,62
11,-3,63
11,-3,63
12,-2,63
12,-3,63
12,-3,62
12,-2,62
12,-2,62
11,-2,63
11,-3,63
12,-2,62
12,-2,63
12,-3,63
11,-2,63
11,-2,63
12,-3,63
12,-3,62
12,-3,62
12,-3,62
12,-3,62
12,-2,63
12,-2,63
12,-3,63
12,-3,63
12,-3,62
12,-3,62
12,-3,63
12,-3,63
12,-3,63
12,-3,63
11,-3,63
11,-3,62
12,-3,63
12,-3,62
12,-3,62
12,-3,63
12,-3,63
12,-2,63
12,-2,63
12,-2,63
12,-3,63
11,-3,62
12,-3,62
12,-3,62
12,-3,63
11,-3,62
12,-3,63
12,-3,62
12,-3,63
12,-3,62
12,-3,62
11,-3,62
12,-3,63
12,-3,63
11,-2,63
12,-2,63
12,-3,63
12,-3,63
12,-3,62
12,-3,62
11,-3,62
12,-3,62
11,-3,63
11,-2,62
12,-2,62
12,-3,62
12,-3,62
12,-3,63
12,-2,63
12,-2,63
11,-2,63
11,-2,63
12,-2,62
12,-3,63
12,-2,62
12,-2,62
12,-2,63
12,-3,63
12,-2,62
12,-2,62
12,-3,62
12,-3,63
12,-3,63
12,-3,63
12,-3,62
12,-2,63
12,-2,63
12,-2,63
12,-2,62
12,-3,62
12,-3,62
12,-2,62
12,-2,63
12,-2,63
12,-3,62
12,-3,62
12,-2,62
12,-2,62
12,-3,63
12,-2,62
12,-2,62
12,-3,62
12,-2,63
12,-3,63
12,-3,62
12,-3,62
12,-3,63
12,-3,62
12,-2,63
12,-2,63
12,-2,63
12,-2,62
12,-2,63
12,-2,63
12,-2,63
12,-2,63
12,-2,62
12,-3,62
12,-3,62
12,-2,62
12,-2,63
11,-2,63
12,-3,63
12,-3,62
12,-3,63
12,-2,62
12,-2,63
12,-2,63
12,-2,62
12,-2,63
12,-3,63
12,-2,63
12,-2,63
12,-3,62
11,-2,63
12,-2,63
12,-2,63
12,-3,62
12,-2,62
11,-2,62
11,-2,63
12,-2,63
12,-2,63
12,-2,63
12,-2,62
12,-2,62
12,-2,62
12,-2,63
12,-2,63
12,-2,63
12,-3,63
12,-2,63
12,-2,63
12,-2,63
11,-2,62
11,-2,63
12,-2,63
12,-2,63
12,-2,63
12,-2,62
12,-2,63
11,-2,63
12,-2,63
12,-3,63
11,-2,62
12,-2,63
12,-2,62
12,-3,62
12,-2,63
12,-3,63
12,-2,63
12,-2,62
12,-2,62
12,-2,62
12,-2,63
12,-2,63
12,-2,63
11,-3,62
11,-3,63
10,-3,62
12,-3,62
12,-2,63
14,-1,64
15,-1,65
12,-3,63
11,-3,62
11,-3,61
11,-3,62
11,-3,62
12,-4,61
11,-3,62
10,-2,62
11,-2,63
12,-2,63
13,-3,63
13,-2,64
10,-2,63
10,-3,63
10,-3,62
10,-3,63
10,-3,62
10,-5,61
11,-4,61
12,-3,62
12,-3,63
12,-3,63
11,-3,63
10,-3,63
10,-2,63
11,-3,62
11,-4,62
11,-3,62
11,-3,62
11,-3,63
11,-3,63
11,-3,63
10,-2,63
10,-2,63
11,-3,63
11,-3,62
11,-3,63
11,-3,63
11,-3,62
11,-3,62
11,-3,62
11,-3,62
11,-3,63
11,-3,63
11,-3,63
11,-3,63
11,-3,62
11,-3,62
11,-3,63
11,-3,63
11,-3,63
10,-3,62
11,-3,63
11,-3,63
11,-3,63
11,-3,63
11,-3,63
11,-2,63
11,-3,62
11,-3,62
11,-3,63
11,-3,63
11,-3,62
11,-3,63
11,-3,62
11,-3,63
11,-3,63
11,-3,62
11,-3,63
11,-3,63
12,-3,63
12,-3,62
11,-3,63
11,-3,63
11,-3,62
11,-3,63
11,-3,63
12,-3,63
12,-3,63
11,-3,63
11,-3,63
11,-3,63
11,-3,63
11,-3,62
12,-3,62
12,-3,63
11,-3,63
11,-3,63
11,-3,63
11,-3,63
11,-3,63
11,-3,63
11,-3,62
11,-3,63
11,-3,63
11,-3,63
11,-3,63
11,-3,63
11,-3,63
11,-3,62
11,-3,63
11,-3,63
11,-3,63
11,-3,63
11,-3,63
11,-3,63
11,-3,63
11,-3,63
11,-3,62
11,-3,63
11,-3,63
11,-3,63
11,-3,63
11,-3,62
11,-3,63
11,-3,63
11,-3,63
11,-3,62
11,-3,62
11,-3,63
11,-3,63
11,-3,63
11,-3,62
11,-3,63
11,-3,63
11,-3,63
10,-3,62
12,-3,63
11,-3,63
11,-3,63
11,-3,63
11,-3,63
11,-2,63
11,-3,63
11,-2,63
11,-3,63
12,-3,62
11,-5,61
11,-6,60
9,-5,60
9,-4,61
10,-2,63
11,-2,64
12,-2,65
13,-2,63
12,-3,62
11,-3,62
11,-2,63
11,-2,63
11,-3,63
11,-3,63
11,-3,63
11,-3,63
11,-4,62
11,-3,62
11,-3,63
11,-3,63
11,-3,63
11,-3,63
11,-3,62
11,-4,62
11,-3,62
11,-3,63
11,-2,63
11,-2,63
12,-3,63
12,-3,63
12,-3,62
11,-3,62
11,-3,62
11,-3,63
11,-3,63
11,-3,63
11,-3,62
11,-3,62
11,-3,63
11,-3,63
11,-3,63
11,-3,63
11,-3,63
11,-3,62
11,-3,63
12,-3,63
12,-3,63
11,-3,63
11,-3,63
11,-3,63
11,-3,63
11,-3,62
11,-3,62
11,-3,62
11,-3,62
11,-3,62
11,-3,63
11,-3,63
11,-3,63
11,-3,63
12,-3,63
11,-3,63
11,-3,62
11,-3,62
11,-3,62
11,-3,63
11,-3,63
11,-3,63
11,-3,63
11,-3,63
11,-3,63
11,-3,62
11,-3,63
11,-3,63
11,-3,63
11,-3,63
12,-3,63
11,-3,63
11,-3,62
11,-3,63
11,-3,63
11,-3,63
11,-3,63
11,-3,62
11,-3,62
11,-3,63
12,-3,63
11,-3,62
11,-3,63
11,-3,63
11,-3,63
12,-3,63
12,-3,63
11,-3,63
11,-3,63
11,-3,63
11,-3,62
11,-3,63
11,-3,63
11,-3,62
11,-3,62
11,-3,62
11,-3,62
11,-3,62
11,-3,63
11,-3,63
11,-3,63
11,-3,63
11,-3,63
11,-3,63
11,-3,63
11,-3,62
11,-3,63
11,-3,63
11,-3,63
11,-3,63
11,-3,63
11,-3,63
11,-3,63
11,-3,63
11,-3,63
11,-3,62
11,-3,63
11,-3,63
11,-3,63
11,-3,63
11,-3,63
11,-3,63
11,-3,63
11,-3,63
11,-3,63
11,-3,63
11,-3,62
11,-3,63
11,-3,63
11,-3,63
11,-3,63
11,-3,63
11,-3,63
11,-3,63
11,-3,63
11,-3,63
11,-3,63
11,-3,62
11,-3,63
11,-3,63
11,-3,63
11,-3,63
11,-3,62
11,-3,63
11,-3,63
11,-3,63
11,-3,63
11,-3,63
11,-3,62
11,-3,63
11,-3,63
11,-3,63
11,-3,63
11,-3,63
11,-3,62
11,-3,62
11,-3,62
11,-3,62
11,-3,63
11,-3,63
11,-3,63
11,-3,62
11,-3,62
11,-3,63
11,-3,63
11,-3,63
11,-3,62
11,-3,62
11,-3,63
11,-3,62
11,-3,63
11,-3,63
11,-3,63
11,-3,62
11,-3,62
11,-3,62
11,-3,63
11,-3,63
11,-3,63
11,-3,63
11,-3,63
11,-3,63
11,-3,63
11,-3,62
11,-3,63
11,-3,63
11,-3,63
11,-3,62
11,-3,62
11,-3,63
11,-3,63
11,-3,63
11,-3,62
11,-3,63
11,-3,62
11,-3,62
11,-3,63
11,-3,63
11,-3,63
11,-3,62
11,-3,62
11,-3,63
11,-3,63
11,-3,63
11,-3,62
11,-3,62
11,-3,63
11,-3,63
11,-3,63
11,-3,63
11,-3,62
11,-3,63
11,-3,62
11,-3,63
11,-3,63
11,-3,63
11,-3,62
11,-3,62
11,-3,62
11,-3,63
11,-3,63
11,-3,63
11,-3,63
11,-3,63
11,-3,62
11,-3,63
11,-3,63
11,-3,63
12,-3,63
11,-3,63
11,-3,63
11,-3,63
11,-3,62
11,-3,62
11,-3,63
11,-3,63
11,-3,63
11,-3,63
11,-3,62
11,-3,63
11,-3,63
11,-3,63
11,-3,63
11,-3,62
11,-3,62
11,-3,63
11,-3,63
11,-3,63
11,-3,62
11,-3,63
11,-3,62
11,-3,63
11,-3,62
11,-3,63
11,-3,63
11,-3,63
11,-3,63
11,-3,63
11,-3,63
11,-3,63
11,-3,63
11,-3,63
11,-3,63
11,-3,63
11,-3,63
11,-3,63
11,-3,63
11,-3,63
11,-3,63
11,-3,63
11,-3,63
11,-3,63
11,-3,63
11,-3,63
11,-3,62
11,-3,62
11,-3,63
11,-3,63
11,-3,63
11,-3,63
11,-3,63
11,-3,63
11,-3,63
11,-3,63
11,-3,62
11,-3,63
11,-3,63
11,-3,63
11,-3,63
11,-3,63
11,-3,63
11,-3,62
11,-3,63
11,-3,63
11,-3,63
11,-3,63
11,-3,63
11,-3,63
11,-3,63
11,-3,63
11,-3,62
11,-3,63
11,-3,63
11,-3,63
11,-3,63
11,-3,63
11,-3,63
11,-3,63
11,-3,63
11,-3,63
11,-3,63
11,-3,63
11,-3,63
11,-3,63
11,-3,63
11,-3,63
11,-3,63
11,-3,63
11,-3,63
11,-3,63
11,-3,62
11,-3,63
11,-3,63
11,-3,63
11,-3,63
11,-3,62
10,-3,62
11,-3,63
11,-3,63
11,-3,63
11,-3,62
11,-3,62
11,-3,63
11,-3,63
11,-3,62
11,-3,63
11,-3,63
11,-3,63
11,-3,63
11,-3,63
11,-3,63
11,-3,63
11,-3,63
11,-3,63
11,-3,63
11,-3,63
11,-3,63
11,-3,63
11,-3,62
10,-2,63
11,-2,63
12,-3,63
11,-3,63
10,-3,63
10,-3,62
11,-3,62
11,-3,63
11,-2,63
11,-3,63
11,-3,63
11,-3,62
10,-3,62
10,-3,62
11,-3,63
11,-3,62
11,-3,62
10,-3,62
10,-3,62
11,-3,63
12,-2,63
12,-2,63
11,-3,62
12,-3,62
12,-2,63
11,-2,63
11,-3,63
11,-3,63
11,-2,63
12,-2,63
11,-3,63
11,-3,63
11,-3,62
11,-3,62
11,-3,62
11,-2,63
11,-3,63
11,-3,62
12,-3,61
11,-2,63
10,-2,63
10,-2,63
12,-2,64
13,-2,62
14,-2,63
13,-3,62
13,-3,61
13,-2,62
12,-2,63
12,-3,62
12,-2,62
11,-2,62
11,-2,63
12,-3,62
12,-3,62
12,-3,62
12,-2,62
12,-2,63
11,-2,64
12,-2,63
12,-2,62
13,-1,63
12,-2,63
12,-2,62
11,-2,62
12,-2,63
12,-2,62
12,-2,62
12,-2,62
12,-1,63
12,-2,63
12,-2,62
12,-2,63
12,-2,62
12,-2,62
12,-2,62
11,-2,62
12,-2,63
12,-2,63
12,-2,62
12,-2,62
12,-2,62
12,-2,62
12,-2,62
12,-2,62
12,-2,62
12,-2,62
12,-2,63
12,-2,62
12,-2,62
12,-2,63
12,-2,63
12,-2,62
13,-2,62
13,-2,63
12,-2,63
12,-2,62
12,-2,62
12,-2,62
12,-2,62
12,-2,62
12,-2,62
12,-2,62
12,-2,62
12,-2,63
12,-2,63
12,-2,62
12,-2,62
12,-2,62
12,-2,63
12,-2,62
12,-2,63
12,-2,62
12,-2,63
12,-2,63
12,-2,62
12,-2,62
12,-2,62
12,-2,62
13,-2,63
12,-2,63
11,-2,63
10,-2,63
11,-2,62
12,-2,63
13,-2,62
12,-2,62
12,-2,63
12,-2,63
12,-2,62
12,-2,62
12,-2,62
12,-2,63
12,-2,63
12,-2,62
12,-2,62
12,-2,62
12,-2,63
12,-2,63
12,-2,63
12,-2,63
12,-2,63
12,-2,63
12,-2,62
12,-2,62
12,-2,63
12,-2,63
12,-2,63
11,-2,62
11,-2,63
12,-2,63
12,-2,63
12,-2,62
12,-2,62
12,-2,62
12,-2,63
12,-2,63
12,-2,63
12,-2,63
12,-2,62
12,-2,63
11,-2,63
12,-2,63
12,-2,63
12,-2,62
12,-2,63
12,-2,62
12,-2,63
12,-2,62
12,-2,63
12,-2,63
12,-2,62
12,-2,63
12,-2,62
12,-2,62
12,-2,63
12,-2,62
12,-2,62
12,-2,62
12,-2,63
12,-2,62
12,-2,63
12,-2,62
11,-2,63
12,-2,63
12,-2,63
12,-2,62
12,-2,62
12,-2,62
12,-2,63
12,-2,63
12,-2,62
12,-2,62
12,-3,62
12,-2,62
11,-2,62
12,-2,62
12,-2,63
12,-2,62
12,-2,63
12,-3,62
12,-3,62
12,-3,62
12,-2,63
12,-2,63
12,-2,62
12,-2,63
12,-2,63
12,-2,63
12,-3,62
12,-2,62
12,-2,62
12,-2,63
12,-2,63
12,-2,63
12,-3,62
12,-2,63
12,-2,63
12,-2,63
12,-2,62
12,-3,62
12,-3,62
12,-2,63
12,-2,63
12,-3,62
12,-2,63
12,-2,63
12,-2,63
12,-2,63
11,-2,63
12,-2,63
12,-3,62
12,-2,62
12,-2,63
12,-2,62
12,-3,62
11,-2,62
12,-2,62
12,-2,63
12,-2,63
12,-2,62
12,-3,62
12,-3,63
12,-3,62
12,-2,63
12,-2,62
12,-3,62
12,-2,62
12,-2,62
12,-2,63
12,-3,63
12,-2,62
12,-2,63
12,-2,62
12,-2,62
12,-2,63
12,-2,63
12,-2,63
12,-2,62
12,-2,63
11,-2,62
12,-2,62
12,-2,63
12,-2,63
12,-2,63
12,-2,62
12,-2,63
12,-3,63
12,-2,62
12,-3,62
12,-2,62
12,-2,63
12,-3,63
12,-2,62
12,-3,62
12,-2,63
12,-2,63
12,-2,62
12,-2,62
12,-2,62
12,-3,63
12,-2,63
12,-2,62
12,-2,62
12,-2,62
12,-2,62
12,-2,62
12,-2,62
12,-2,63
12,-3,62
12,-3,63
12,-2,62
12,-2,63
12,-3,62
12,-2,63
11,-3,62
12,-3,62
12,-2,62
12,-3,62
12,-2,62
12,-2,62
12,-2,63
12,-2,63
12,-2,63
12,-2,62
12,-2,63
12,-2,62
12,-3,63
12,-3,62
12,-3,63
12,-2,62
12,-2,62
12,-3,63
12,-2,63
12,-2,63
12,-3,63
12,-3,62
12,-2,63
12,-3,63
12,-2,63
12,-2,63
12,-3,62
12,-2,63
12,-2,63
12,-2,62
12,-2,62
12,-2,62
12,-2,63
12,-2,63
11,-2,62
12,-3,62
13,-2,63
12,-2,63
12,-2,63
11,-2,62
11,-2,62
12,-2,63
13,-2,63
13,-2,62
11,-2,63
11,-2,63
12,-3,63
12,-2,62
12,-2,62
12,-2,62
12,-3,62
12,-2,63
12,-2,63
12,-2,62
12,-2,63
12,-2,63
12,-2,63
12,-2,62
12,-2,62
12,-2,63
12,-2,63
12,-2,63
12,-2,62
12,-2,62
12,-2,63
12,-2,63
12,-2,63
12,-2,62
12,-2,62
12,-2,62
12,-2,63
12,-2,62
12,-2,62
12,-2,63
12,-2,63
12,-2,62
12,-2,62
12,-2,63
12,-2,62
12,-2,62
12,-2,63
12,-2,63
12,-2,62
12,-2,62
12,-2,62
12,-3,62
12,-3,62
11,-1,63
11,-2,63
14,-1,63
15,-1,62
11,-3,62
11,-3,62
11,-2,62
12,-1,63
12,-2,62
13,-2,62
13,-2,62
13,-2,62
12,-2,63
12,-2,63
12,-2,62
12,-2,62
13,-2,63
12,-2,63
12,-2,62
12,-2,63
12,-2,63
12,-2,62
12,-2,62
13,-2,63
13,-2,62
13,-2,62
12,-2,63
12,-2,63
11,-3,62
12,-3,61
13,-3,62
12,-3,62
13,-3,62
13,-3,63
13,-2,63
13,-2,63
14,-2,63
14,-2,63
13,-2,62
13,-2,62
13,-2,62
13,-2,62
13,-2,62
13,-2,62
13,-3,62
13,-3,62
13,-3,62
13,-2,62
13,-3,62
13,-3,62
13,-3,62
13,-2,62
13,-2,62
13,-3,62
13,-3,62
13,-2,62
13,-3,62
13,-2,62
13,-2,62
13,-2,62
13,-2,63
13,-2,62
13,-2,63
13,-2,62
13,-2,62
13,-2,62
13,-3,62
13,-2,62
13,-2,62
13,-2,62
13,-2,62
13,-2,62
13,-2,62
13,-2,62
13,-2,62
13,-2,62
13,-2,62
13,-3,62
13,-2,62
13,-2,62
13,-2,62
13,-2,62
13,-2,62
13,-2,62
13,-2,62
13,-2,62
13,-2,62
13,-2,62
13,-3,62
13,-3,62
13,-2,62
13,-2,62
13,-2,62
13,-2,62
13,-2,62
13,-2,62
13,-2,63
13,-2,62
13,-2,62
12,-2,63
13,-2,62
13,-2,63
13,-2,62
13,-3,62
13,-2,62
13,-2,62
13,-2,62
13,-2,62
13,-2,62
13,-2,62
13,-2,62
13,-2,62
13,-2,62
13,-2,62
13,-2,62
13,-2,62
13,-2,62
13,-2,62
13,-2,62
13,-2,62
13,-2,62
13,-2,62
13,-2,62
13,-2,62
13,-2,63
13,-2,62
13,-2,62
13,-3,62
13,-2,62
13,-2,62
13,-2,62
13,-2,62
13,-2,62
13,-3,62
13,-2,62
13,-2,62
13,-2,62
13,-2,62
13,-2,62
13,-2,62
13,-3,62
13,-2,62
13,-2,62
13,-2,62
13,-2,62
13,-2,62
13,-3,62
13,-2,62
13,-2,62
13,-3,62
13,-3,62
13,-3,62
13,-2,62
13,-2,62
13,-2,62
13,-2,62
13,-2,62
13,-2,62
13,-2,63
13,-2,62
13,-2,62
13,-2,62
13,-2,62
13,-2,62
13,-2,62
13,-2,62
13,-2,62
13,-2,62
13,-2,62
13,-2,62
13,-2,62
13,-2,62
13,-3,62
13,-2,62
13,-2,62
13,-2,62
13,-2,62
13,-3,62
13,-2,62
13,-2,62
13,-2,62
13,-2,62
13,-2,62
13,-3,62
13,-2,62
13,-2,62
13,-2,63
13,-2,62
13,-2,62
13,-3,62
13,-3,62
13,-3,62
13,-3,62
13,-3,62
13,-3,62
13,-2,62
13,-3,63
13,-3,62
13,-2,62
13,-3,62
13,-3,62
13,-3,62
13,-3,62
13,-2,62
14,-3,62
13,-3,62
13,-3,62
13,-3,62
13,-2,62
13,-3,62
13,-3,62
13,-3,62
13,-3,62
13,-3,62
13,-3,62
13,-2,62
13,-3,62
13,-3,62
13,-3,62
13,-2,62
13,-3,62
13,-2,62
13,-3,62
13,-3,62
13,-3,62
13,-3,62
14,-3,62
13,-3,62
13,-2,62
14,-3,62
13,-3,62
13,-3,62
13,-2,62
13,-3,62
13,-2,62
13,-3,62
13,-3,62
13,-3,62
13,-2,62
13,-3,62
13,-2,62
13,-2,62
13,-3,62
13,-3,62
13,-3,62
13,-3,62
13,-2,62
13,-2,62
13,-3,62
13,-3,62
13,-3,62
13,-3,62
14,-3,62
14,-2,62
13,-2,62
13,-3,62
13,-3,62
14,-3,62
13,-3,62
14,-3,62
13,-2,62
13,-3,62
13,-3,62
14,-3,62
14,-3,62
13,-3,62
13,-3,62
13,-2,62
13,-3,62
13,-2,62
14,-2,62
13,-2,62
13,-2,62
13,-3,62
13,-2,62
13,-2,62
14,-3,62
13,-3,62
13,-2,62
13,-3,62
14,-3,62
13,-3,62
13,-3,62
13,-3,62
14,-3,62
14,-2,62
13,-2,62
13,-2,62
13,-3,62
13,-2,62
14,-2,62
13,-2,62
13,-3,62
13,-3,62
13,-2,62
13,-2,62
13,-3,62
13,-3,62
13,-2,62
13,-2,62
13,-3,62
13,-2,62
14,-3,63
13,-2,62
13,-2,62
13,-3,62
13,-3,62
14,-3,62
13,-2,62
13,-2,62
13,-3,62
14,-3,62
14,-2,62
13,-3,62
13,-3,62
13,-3,62
13,-3,62
13,-3,62
13,-2,62
13,-2,62
13,-3,62
13,-3,62
13,-2,62
13,-3,62
13,-2,63
13,-2,62
13,-3,62
14,-3,62
13,-3,62
13,-2,62
13,-2,62
13,-2,62
13,-3,62
13,-3,62
13,-3,62
13,-2,62
13,-2,62
13,-3,62
14,-3,62
14,-2,62
13,-3,62
13,-3,62
13,-2,62
13,-3,62
13,-3,62
13,-3,62
14,-3,62
13,-3,62
13,-3,62
14,-3,62
13,-3,62
14,-2,62
13,-3,62
13,-2,62
13,-3,62
13,-3,62
13,-3,62
13,-3,62
13,-3,63
13,-3,62
14,-3,62
13,-3,62
13,-3,62
13,-3,62
13,-3,62
14,-2,62
14,-2,62
14,-3,62
13,-3,62
13,-2,62
14,-3,62
13,-3,62
14,-3,62
13,-3,62
14,-3,62
14,-3,62
14,-2,62
14,-3,62
13,-2,62
14,-3,62
13,-3,62
13,-3,62
14,-3,62
14,-3,62
13,-2,62
13,-3,62
13,-3,62
14,-3,62
14,-3,62
13,-3,62
13,-3,62
14,-3,62
14,-3,62
14,-2,62
13,-3,62
13,-3,62
14,-3,62
14,-3,62
13,-3,62
13,-3,62
13,-3,62
14,-3,62
13,-3,62
13,-3,62
13,-2,62
14,-3,62
14,-2,62
13,-3,62
13,-2,62
13,-3,62
13,-3,62
13,-2,62
13,-3,62
14,-3,62
14,-3,62
13,-2,62
13,-2,62
13,-3,62
14,-3,62
13,-2,62
13,-3,62
13,-3,62
14,-3,62
14,-3,62
13,-3,62
13,-3,62
13,-3,62
14,-2,62
14,-3,62
13,-3,62
13,-3,62
14,-2,62
14,-3,62
14,-3,62
13,-2,62
13,-3,62
14,-2,62
13,-3,62
13,-3,62
13,-3,62
14,-3,62
13,-3,62
14,-3,62
13,-3,62
13,-3,62
13,-3,62
13,-2,62
13,-2,62
14,-3,62
14,-2,63
13,-3,63
13,-3,62
13,-3,62
13,-3,62
13,-3,62
14,-3,62
13,-3,62
13,-3,62
13,-3,62
13,-3,62
13,-3,62
13,-3,63
13,-3,62
13,-3,62
13,-3,62
13,-2,63
13,-2,62
14,-2,63
13,-3,62
13,-3,62
13,-2,62
13,-3,62
13,-3,62
13,-3,62
13,-2,62
13,-3,62
13,-3,62
13,-3,62
13,-2,62
12,-2,62
13,-3,62
13,-3,62
13,-3,62
13,-2,62
13,-3,62
13,-3,63
13,-2,62
13,-2,62
13,-2,62
13,-2,62
13,-2,62
13,-2,62
13,-2,62
13,-2,62
13,-2,62
13,-2,62
13,-2,62
13,-2,62
13,-2,62
13,-3,62
13,-3,62
13,-3,63
13,-3,62
13,-2,62
13,-2,62
13,-3,62
13,-2,62
13,-3,62
13,-2,62
13,-2,63
13,-2,62
13,-2,62
13,-2,62
14,-2,62
13,-2,63
13,-2,62
13,-3,62
13,-3,62
13,-3,62
14,-3,62
13,-2,62
13,-2,62
13,-2,62
13,-3,62
13,-2,62
13,-3,62
13,-2,62
13,-3,62
13,-3,62
13,-2,62
13,-2,62
13,-3,62
13,-2,62
13,-2,62
13,-2,62
13,-3,62
13,-2,62
13,-2,62
13,-2,62
13,-3,62
13,-2,62
13,-2,62
13,-2,62
13,-2,62
13,-3,62
13,-3,62
13,-2,62
13,-2,62
13,-2,62
13,-2,62
13,-3,62
13,-2,62
13,-2,62
13,-3,62
13,-3,62
13,-2,62
13,-2,62
13,-3,62
13,-2,62
13,-2,62
13,-2,62
13,-2,62
13,-2,62
13,-3,62
13,-2,62
13,-2,62
13,-2,63
13,-2,62
13,-3,62
13,-3,62
13,-2,62
13,-3,62
13,-3,62
13,-2,62
13,-2,62
13,-2,62
13,-3,62
13,-2,62
13,-3,62
13,-2,62
13,-3,62
13,-2,62
13,-3,62
13,-2,62
13,-2,63
13,-2,62
13,-3,62
13,-2,62
13,-2,62
14,-3,62
13,-2,62
13,-2,62
14,-3,62
13,-2,62
13,-2,62
13,-2,62
13,-2,62
13,-2,62
13,-2,62
13,-2,62
13,-2,62
13,-3,62
13,-2,62
13,-2,62
13,-3,62
13,-3,62
13,-2,62
14,-3,62
13,-2,62
13,-2,62
13,-2,62
14,-2,62
13,-3,62
13,-2,62
13,-2,62
13,-2,62
13,-2,62
13,-2,62
13,-2,62
13,-2,62
13,-2,62
13,-2,62
13,-3,62
13,-2,62
13,-2,62
13,-2,62
13,-3,62
13,-2,62
13,-3,62
13,-2,62
13,-2,62
13,-3,62
13,-2,62
13,-2,62
13,-2,62
13,-2,62
13,-2,62
13,-2,62
13,-2,62
13,-2,62
13,-2,63
13,-2,62
13,-3,62
13,-2,62
13,-2,62
13,-2,62
13,-2,62
13,-3,62
13,-3,62
13,-2,62
13,-2,62
14,-2,62
13,-3,62
13,-2,62
13,-2,62
13,-3,63
13,-2,62
13,-2,62
13,-3,62
13,-2,62
13,-2,62
13,-3,62
13,-2,62
13,-2,62
13,-3,62
13,-2,62
13,-2,62
13,-2,62
13,-3,62
14,-3,62
14,-3,62
13,-2,62
13,-2,62
13,-2,62
13,-2,62
13,-2,62
13,-3,62
13,-2,62
13,-3,62
13,-3,62
13,-2,62
13,-2,62
13,-2,63
13,-3,62
13,-2,62
13,-2,62
13,-2,62
13,-3,62
13,-2,62
13,-3,62
13,-2,62
13,-2,62
13,-3,62
13,-2,62
13,-2,62
13,-2,62
13,-2,62
13,-2,62
14,-3,62
14,-3,62
14,-3,62
13,-2,62
13,-2,62
13,-2,62
14,-2,62
14,-2,62
13,-2,62
13,-2,62
13,-2,62
13,-2,62
13,-3,62
14,-2,62
13,-2,62
13,-3,62
13,-3,62
13,-3,62
13,-2,63
13,-2,63
13,-2,62
13,-3,62
14,-2,62
14,-2,63
13,-3,62
13,-2,62
13,-2,62
13,-3,62
13,-3,62
13,-3,62
13,-3,62
13,-3,62
13,-2,62
13,-3,62
13,-3,62
13,-3,62
13,-3,62
13,-2,62
13,-2,62
13,-2,62
13,-2,62
13,-2,62
13,-2,62
13,-2,62
13,-3,62
13,-3,62
13,-3,62
13,-2,62
13,-2,62
13,-3,62
13,-2,62
13,-3,62
13,-2,62
13,-2,62
13,-2,62
13,-2,62
13,-2,62
13,-3,62
13,-3,62
13,-3,62
13,-2,62
13,-2,62
13,-3,62
13,-3,62
13,-3,62
13,-3,62
13,-2,62
13,-3,62
13,-2,62
13,-2,62
13,-2,62
13,-2,62
13,-2,62
13,-2,62
13,-2,62
13,-2,62
13,-2,62
13,-3,62
13,-2,62
13,-2,62
13,-2,62
14,-2,62
13,-2,62
13,-2,62
13,-2,62
13,-2,62
13,-3,62
13,-2,62
13,-2,62
13,-2,62
13,-2,63
13,-3,62
13,-2,62
13,-2,62
13,-2,62
13,-2,62
13,-2,62
13,-2,62
13,-3,62
13,-2,62
13,-2,62
13,-3,62
13,-2,62
13,-2,62
13,-3,62
13,-3,62
13,-2,62
13,-3,62
14,-2,63
13,-2,62
13,-3,62
14,-2,62
13,-2,62
12,-2,63
13,-3,62
13,-2,62
13,-2,62
13,-2,62
13,-3,62
13,-3,62
13,-2,62
13,-2,62
13,-3,62
13,-2,62
13,-2,62
13,-2,62
13,-2,62
13,-3,62
13,-3,62
13,-2,62
13,-2,62
13,-3,62
13,-3,62
13,-2,62
13,-2,63
13,-2,62
13,-2,62
13,-2,62
13,-2,63
13,-3,62
13,-3,62
13,-3,62
13,-3,62
13,-3,62
13,-3,62
13,-3,62
13,-2,62
13,-2,62
13,-3,62
13,-2,62
13,-2,62
13,-2,62
13,-2,62
13,-2,62
13,-2,62
13,-3,62
13,-3,62
13,-3,62
13,-3,62
13,-3,62
13,-3,62
13,-3,62
13,-3,62
13,-2,62
13,-2,62
13,-3,62
13,-3,62
13,-2,62
13,-3,62
13,-2,62
13,-3,62
13,-3,62
13,-3,62
13,-2,62
13,-2,62
13,-2,62
13,-3,62
13,-3,62
14,-2,62
13,-2,62
13,-3,63
13,-2,62
13,-3,62
13,-3,62
14,-2,62
13,-2,62
13,-2,62
13,-3,62
13,-3,63
13,-2,62
13,-2,62
13,-2,62
13,-3,62
13,-3,62
13,-3,62
13,-2,62
14,-2,63
13,-3,62
13,-3,62
13,-3,62
13,-3,62
13,-2,63
13,-2,63
13,-2,62
13,-3,62
13,-2,62
13,-2,62
13,-2,62
13,-2,62
13,-2,62
13,-3,62
13,-3,62
13,-2,62
13,-2,62
13,-2,62
13,-3,62
13,-3,62
13,-3,62
13,-2,62
13,-3,62
13,-2,62
13,-2,62
13,-2,62
13,-2,62
13,-2,62
13,-3,62
13,-2,62
13,-2,62
13,-2,62
13,-3,62
13,-3,62
13,-2,62
13,-2,62
13,-2,62
14,-2,62
13,-2,62
13,-2,62
13,-2,62
13,-2,62
13,-3,62
13,-3,62
13,-2,62
13,-3,62
13,-3,62
13,-2,62
13,-3,62
13,-2,62
13,-3,62
13,-2,62
13,-2,63
13,-2,62
13,-2,62
13,-3,62
13,-2,62
13,-2,62
13,-2,62
13,-3,62
13,-3,62
14,-2,62
13,-3,62
13,-2,62
13,-2,62
13,-2,62
13,-2,62
13,-3,62
13,-2,62
13,-2,62
13,-2,62
13,-2,62
13,-3,62
13,-2,62
13,-2,62
13,-2,62
13,-2,62
13,-2,62
13,-3,62
13,-2,62
13,-2,62
13,-2,62
13,-2,62
13,-3,62
13,-2,62
13,-2,62
13,-2,62
13,-2,62
13,-3,62
13,-3,62
13,-2,62
13,-2,62
13,-2,63
13,-2,62
13,-2,62
13,-2,62
13,-2,62
13,-2,62
13,-3,62
13,-3,62
13,-3,62
13,-2,62
13,-2,62
13,-2,62
13,-2,62
13,-2,62
13,-2,62
13,-3,62
13,-2,62
13,-2,62
13,-2,62
13,-2,62
13,-2,62
13,-2,62
14,-3,62
14,-3,62
13,-2,62
13,-2,62
14,-2,62
13,-2,62
13,-3,62
13,-3,62
14,-2,62
13,-3,62
13,-3,62
13,-2,62
13,-2,62
13,-2,62
13,-3,62
13,-2,62
13,-2,62
13,-2,62
13,-2,62
13,-3,62
13,-2,62
13,-2,62
13,-2,62
13,-2,62
13,-2,62
13,-3,62
14,-2,62
13,-2,62
13,-2,62
13,-2,62
13,-2,62
13,-2,62
13,-3,62
13,-2,62
13,-3,62
13,-2,62
13,-2,62
14,-2,62
13,-3,62
13,-2,62
13,-2,62
13,-2,62
13,-3,62
13,-2,62
13,-2,62
13,-2,62
13,-2,62
13,-3,62
13,-2,62
13,-3,62
13,-2,62
13,-2,62
13,-2,62
13,-2,62
13,-2,62
13,-2,62
13,-3,62
13,-2,62
13,-2,62
13,-3,62
13,-2,62
13,-2,62
13,-2,62
13,-3,62
13,-2,62
13,-2,62
13,-3,62
13,-2,62
13,-3,62
13,-2,62
13,-2,62
13,-2,62
13,-3,62
13,-3,62
13,-3,62
13,-2,62
13,-2,62
13,-2,62
13,-2,62
13,-2,62
13,-2,62
13,-3,62
13,-3,62
13,-2,63
13,-2,62
13,-3,62
13,-2,62
13,-2,62
14,-2,62
13,-3,62
13,-2,62
13,-2,62
13,-2,62
13,-3,62
13,-2,62
13,-2,62
13,-2,62
13,-2,62
13,-2,62
13,-3,62
13,-3,62
13,-2,62
14,-2,62
13,-2,62
13,-2,62
13,-2,62
13,-2,62
13,-2,62
13,-3,62
13,-2,62
13,-2,62
13,-2,62
13,-2,62
13,-2,62
13,-2,62
13,-2,62
13,-2,62
13,-3,62
13,-2,62
13,-2,62
13,-2,62
13,-2,62
13,-2,62
13,-2,62
13,-3,62
13,-3,62
13,-3,62
13,-2,62
14,-2,63
13,-2,62
13,-2,62
13,-2,62
14,-3,62
13,-2,62
13,-2,62
13,-2,62
13,-3,62
13,-3,62
13,-2,62
13,-2,62
13,-2,62
13,-2,62
14,-2,62
13,-2,62
13,-3,62
13,-2,62
13,-2,62
13,-2,62
13,-3,62
13,-2,62
13,-2,62
13,-2,62
13,-2,62
13,-3,62
13,-2,62
13,-3,62
13,-2,62
13,-2,62
13,-2,62
13,-2,62
13,-2,62
13,-2,62
13,-2,62
13,-3,62
13,-2,62
13,-3,62
13,-2,62
13,-2,62
13,-2,62
13,-3,62
13,-3,62
13,-2,62
13,-3,62
13,-2,62
13,-2,62
13,-2,62
13,-2,62
13,-2,62
13,-2,62
13,-2,62
13,-2,62
13,-3,62
13,-2,62
13,-2,63
13,-2,62
13,-3,62
13,-3,62
13,-3,63
13,-2,62
13,-2,62
13,-2,62
13,-3,62
13,-2,62
13,-2,62
13,-2,62
13,-3,62
13,-2,62
13,-2,62
13,-2,62
13,-2,62
13,-2,62
13,-2,62
13,-2,62
13,-3,62
13,-2,62
14,-2,62
14,-2,62
13,-2,63
13,-2,62
13,-2,62
13,-2,62
13,-2,62
13,-2,62
13,-2,62
13,-2,62
13,-2,62
13,-2,62
13,-2,62
13,-2,62
13,-2,62
13,-2,63
13,-2,62
13,-2,62
13,-2,62
13,-2,62
13,-2,62
13,-2,62
13,-2,62
13,-2,62
13,-2,62
13,-2,62
13,-2,62
14,-2,62
13,-3,62
13,-2,62
13,-2,62
13,-2,62
13,-2,62
13,-3,62
13,-3,62
13,-2,62
13,-3,62
13,-2,62
13,-2,62
14,-3,62
13,-2,62
13,-2,62
13,-2,62
13,-3,62
13,-2,62
13,-2,62
13,-2,62
13,-3,62
13,-2,62
13,-2,62
13,-2,62
13,-2,62
13,-3,62
13,-2,62
13,-2,62
13,-2,62
13,-3,62
13,-2,62
13,-2,62
13,-3,62
13,-3,62
13,-2,62
13,-2,62
13,-2,62
13,-2,62
14,-2,62
13,-2,62
13,-2,62
13,-3,62
13,-2,62
13,-2,62
13,-3,62
14,-2,62
14,-2,62
14,-2,62
13,-3,62
13,-3,62
13,-2,62
13,-2,62
13,-2,62
13,-2,62
13,-2,62
13,-2,62
13,-2,62
13,-2,62
13,-3,62
13,-3,62
13,-2,62
13,-2,62
13,-2,63
13,-2,62
13,-2,62
13,-3,62
13,-3,62
13,-2,62
13,-2,62
13,-3,62
13,-3,62
13,-2,62
13,-3,62
14,-2,62
14,-2,62
13,-2,62
13,-2,62
13,-3,62
13,-2,62
13,-2,62
13,-3,62
13,-2,62
13,-2,62
13,-2,62
12,-2,62
15,-2,63
15,-2,62
13,-3,62
12,-3,61
12,-3,61
13,-3,62
14,-3,63
14,-3,62
13,-3,62
13,-3,62
12,-3,62
12,-3,63
13,-2,62
14,-3,61
13,-3,61
13,-3,62
13,-2,62
14,-2,63
14,-3,62
13,-3,62
13,-3,62
13,-2,63
13,-2,63
13,-2,62
13,-3,62
13,-3,62
13,-3,62
13,-2,62
13,-2,62
13,-3,62
13,-3,62
13,-2,62
13,-2,62
13,-2,62
13,-3,62
13,-3,62
13,-3,62
13,-3,62
13,-3,62
13,-3,62
13,-2,62
13,-3,62
13,-3,62
13,-2,62
13,-3,62
13,-3,62
13,-2,62
13,-2,62
13,-3,62
13,-3,62
13,-3,62
13,-3,62
13,-3,62
13,-3,62
13,-2,62
13,-3,62
13,-3,62
13,-2,62
13,-3,62
13,-3,62
13,-2,62
13,-2,62
13,-2,62
13,-3,62
13,-2,62
13,-2,62
13,-3,62
13,-3,62
13,-3,62
13,-2,62
13,-2,63
13,-2,62
13,-3,62
13,-3,62
13,-3,62
13,-2,62
13,-3,62
13,-3,62
13,-3,62
13,-3,62
13,-3,62
13,-2,62
13,-3,62
13,-2,62
13,-3,62
13,-3,62
13,-2,62
14,-3,62
13,-3,62
13,-2,62
13,-3,62
14,-3,62
14,-3,62
13,-3,62
13,-2,62
13,-3,62
13,-3,62
13,-2,62
13,-2,62
13,-3,62
13,-3,62
13,-3,62
13,-3,62
13,-2,63
13,-2,62
13,-3,62
13,-3,62
13,-3,62
13,-2,62
13,-2,62
13,-3,62
13,-3,62
13,-3,62
13,-2,63
13,-3,62
13,-3,62
13,-3,62
13,-3,62
13,-3,62
13,-2,62
13,-2,62
13,-3,62
13,-2,62
13,-3,62
13,-3,62
13,-3,62
13,-3,62
13,-2,62
13,-3,62
13,-3,62
13,-3,62
13,-3,62
13,-3,62
13,-3,62
13,-3,62
13,-3,62
13,-3,62
13,-2,62
13,-3,62
13,-3,62
13,-3,62
13,-3,62
13,-3,62
13,-2,62
13,-2,62
13,-2,62
13,-2,62
13,-2,62
13,-3,62
13,-3,62
12,-2,62
13,-2,63
14,-2,62
13,-3,62
13,-2,62
13,-2,62
13,-2,62
13,-3,62
13,-3,62
12,-3,62
13,-3,62
13,-3,62
14,-3,62
14,-3,62
13,-3,62
13,-3,62
13,-3,62
13,-3,62
13,-3,62
13,-3,62
13,-3,62
13,-3,62
13,-3,62
13,-3,62
13,-3,62
13,-3,62
13,-3,62
13,-3,62
13,-3,62
13,-3,62
13,-3,62
13,-3,62
13,-3,63
13,-3,62
13,-3,62
13,-3,62
13,-3,62
13,-3,62
13,-3,62
13,-2,62
14,-3,62
14,-3,62
14,-3,62
13,-3,62
13,-3,62
13,-3,62
13,-3,62
13,-3,62
13,-3,62
13,-3,62
13,-3,62
13,-3,62
13,-3,62
13,-3,63
14,-2,62
13,-3,62
13,-3,63
13,-3,63
13,-2,62
13,-2,62
13,-3,62
13,-3,62
13,-3,62
13,-3,62
13,-3,62
13,-3,62
13,-3,62
13,-2,62
13,-3,62
13,-3,62
13,-3,62
13,-2,62
13,-2,63
13,-2,62
13,-2,62
13,-3,62
13,-2,62
13,-2,62
13,-3,62
13,-3,62
13,-2,62
13,-3,62
13,-3,62
13,-3,62
14,-3,62
14,-3,62
13,-3,62
13,-2,63
13,-2,63
13,-2,62
13,-2,62
13,-3,62
13,-3,62
13,-2,63
13,-3,62
13,-3,62
13,-2,62
13,-2,62
14,-3,62
13,-3,62
13,-2,62
13,-2,62
13,-2,62
13,-3,62
13,-3,62
13,-2,62
13,-2,62
13,-2,62
13,-3,62
13,-3,62
13,-3,62
13,-2,62
13,-3,62
13,-3,62
13,-2,62
13,-3,62
13,-3,62
13,-3,62
13,-3,62
13,-3,62
14,-3,62
14,-3,62
13,-2,63
12,-2,63
13,-3,62
13,-2,62
13,-2,62
13,-2,62
13,-3,62
13,-3,62
13,-2,62
13,-2,62
13,-3,62
13,-3,62
13,-2,62
13,-2,62
13,-3,62
13,-3,62
13,-2,62
13,-2,62
13,-2,63
13,-2,62
13,-2,62
13,-3,62
13,-2,63
13,-3,62
13,-3,62
13,-3,62
13,-3,62
13,-3,62
13,-3,62
13,-3,62
13,-3,62
13,-3,62
13,-3,62
13,-3,62
13,-3,62
13,-3,63
13,-2,63
13,-3,62
13,-3,62
13,-3,62
13,-3,62
13,-2,62
13,-2,62
13,-2,62
13,-3,62
13,-3,62
13,-2,62
13,-2,62
14,-3,62
13,-3,62
13,-2,62
13,-2,62
13,-3,62
13,-3,62
13,-3,62
13,-3,63
13,-3,62
13,-3,62
13,-3,62
13,-2,62
13,-3,62
13,-3,63
13,-3,62
13,-3,62
13,-2,62
13,-3,62
13,-3,62
13,-3,62
13,-2,62
13,-2,63
13,-3,62
13,-3,62
13,-3,62
13,-3,63
13,-3,62
13,-3,62
13,-3,62
13,-3,62
13,-3,62
13,-2,62
13,-2,62
13,-3,62
13,-3,62
13,-3,62
13,-3,62
13,-3,62
13,-2,62
13,-2,63
13,-3,62
13,-3,62
13,-3,62
13,-2,62
13,-3,62
13,-3,62
13,-3,62
13,-3,62
13,-3,62
13,-3,62
13,-3,62
13,-2,62
13,-3,62
13,-3,62
13,-2,62
13,-3,62
13,-2,62
13,-3,62
13,-2,62
13,-3,62
13,-3,62
13,-2,63
13,-3,62
13,-3,62
13,-2,62
13,-2,62
13,-2,62
13,-3,62
13,-2,63
13,-3,62
13,-3,62
13,-3,62
13,-3,62
13,-2,62
13,-3,62
13,-2,62
13,-3,62
13,-3,62
13,-2,62
13,-3,62
13,-3,62
13,-2,62
13,-2,62
13,-3,62
13,-3,62
13,-3,62
13,-3,62
13,-2,62
13,-3,62
13,-3,62
13,-2,62
13,-3,62
13,-3,62
13,-3,62
13,-2,62
13,-3,62
13,-3,62
13,-3,62
13,-3,62
13,-3,62
13,-3,62
13,-2,62
13,-3,62
13,-3,62
13,-3,62
13,-3,62
13,-2,62
13,-3,62
13,-3,62
13,-2,62
13,-3,62
13,-2,62
13,-2,62
13,-3,63
13,-3,62
13,-2,62
13,-2,62
13,-3,62
13,-3,62
13,-3,62
13,-2,62
13,-3,62
13,-3,62
13,-3,62
13,-3,62
13,-3,62
13,-3,62
13,-3,62
13,-3,62
13,-3,62
13,-3,63
13,-2,62
13,-3,62
13,-2,62
13,-3,62
13,-2,62
13,-3,62
13,-3,62
13,-2,62
13,-3,62
13,-3,62
13,-3,62
13,-3,62
13,-2,62
13,-3,62
14,-3,62
13,-2,62
13,-2,62
13,-2,63
14,-3,62
16,-3,61
15,-3,62
15,-4,62
17,-4,60
14,-3,61
6,-2,66
5,-3,66
5,-5,63
4,-6,61
1,-4,61
0,3,64
0,6,67
1,4,65
3,2,63
4,1,64
4,2,66
3,2,64
3,1,63
4,0,64
4,-1,63
5,-3,62
6,-6,60
4,-6,65
5,-4,66
3,-1,63
3,0,64
2,0,64
0,-1,64
0,-1,64
-2,0,65
0,-1,61
0,-1,63
4,-1,66
5,-2,65
2,-4,62
3,-4,62
1,-2,63
0,0,64
0,-1,64
-2,-2,63
-2,-2,62
0,1,65
-1,0,64
0,1,66
3,3,67
5,1,66
7,0,67
7,-2,65
5,-4,64
3,-4,65
2,-3,65
-3,-3,64
-13,-2,63
-22,4,65
-25,4,62
-22,3,62
-24,4,61
-23,2,59
-20,2,60
-20,0,60
-18,-2,58
-18,-2,57
-13,1,57
-9,3,60
2,4,65
7,-2,61
13,-4,61
17,-7,59
15,-8,60
10,-5,64
9,0,68
6,-1,69
-2,-3,68
-4,-2,67
-2,-1,69
1,-2,69
5,-4,65
1,-5,68
-2,-6,68
1,-7,65
1,-8,64
-4,-8,60
-9,-5,60
-10,-4,59
-10,-2,58
-8,-1,58
-1,3,86
-5,5,74
-4,-6,62
-1,-4,65
1,-5,64
2,-8,63
3,-8,63
0,-7,63
0,-7,63
2,-8,64
3,-8,63
1,-8,63
0,-9,63
2,-8,63
2,-8,63
2,-8,63
3,-8,63
2,-8,63
0,-8,63
2,-8,63
2,-8,63
3,-8,63
1,-8,63
0,-8,63
2,-8,63
3,-8,63
2,-8,63
2,-8,63
1,-8,63
2,-8,63
2,-8,63
5,-8,63
4,-7,63
6,-8,64
3,-9,62
2,-9,63
2,-8,63
3,-8,63
5,-7,64
5,-8,63
3,-8,62
1,-4,64
0,-4,65
3,-3,67
7,-1,69
1,-2,74
2,-5,68
4,-6,68
1,-7,65
1,-7,64
1,-5,66
-3,-3,65
-4,-3,63
-7,-4,60
-9,-5,58
-11,-6,58
-11,-5,58
-11,-6,56
-10,-7,58
-10,-7,59
-11,-8,60
-11,-8,61
-11,-7,62
-11,-7,62
-11,-8,62
-12,-8,61
-12,-8,61
-11,-7,60
-9,-7,61
-8,-5,61
-7,-5,61
-6,-4,63
-8,-6,62
-9,-7,61
-8,-8,61
-7,-7,62
-3,-6,65
-3,-5,66
-4,-5,66
-7,-3,67
-10,-2,66
-15,-1,64
-18,-1,61
-21,-1,56
-20,1,55
-21,2,52
-14,2,56
-12,-1,56
-4,-7,61
3,-7,65
6,-6,68
8,-5,71
7,-5,70
3,-6,67
1,-6,66
1,-2,66
0,0,65
0,-1,64
1,-4,64
0,-5,61
3,-8,57
3,-7,61
-3,1,75
0,-12,61
3,-12,62
1,-12,62
4,-12,63
5,-12,63
7,-12,63
6,-12,63
3,-12,62
6,-13,62
8,-12,63
6,-13,62
9,-13,62
7,-14,61
8,-14,61
10,-15,61
9,-15,61
8,-15,61
9,-14,61
8,-14,61
10,-14,62
9,-14,62
7,-15,61
8,-15,61
7,-15,61
7,-15,61
8,-15,61
7,-15,62
7,-15,61
7,-14,62
7,-14,62
7,-14,61
8,-14,61
7,-15,61
7,-15,62
7,-14,62
8,-13,62
8,-14,62
7,-14,62
8,-13,62
9,-13,62
6,-14,62
6,-14,61
8,-14,62
6,-14,62
6,-14,61
7,-14,62
8,-14,62
6,-13,62
7,-13,62
7,-13,62
6,-13,62
6,-13,62
7,-13,62
7,-13,62
6,-13,62
7,-13,62
6,-13,62
7,-13,62
6,-13,62
6,-13,62
6,-13,61
7,-13,62
6,-14,62
6,-13,62
7,-13,62
7,-13,62
6,-13,62
7,-13,62
6,-13,62
6,-13,62
6,-13,62
6,-14,62
