1520861865.000000, 1520861865.000000, 1520861865.000000
32.000000, 32.000000, 32.000000
17,7,61
18,7,61
17,7,61
18,8,61
18,8,61
17,8,61
17,8,61
18,7,61
18,7,61
17,7,61
18,7,61
18,7,60
18,7,61
18,7,61
18,7,61
18,7,61
18,7,61
18,7,61
18,7,61
18,7,61
18,7,61
18,7,61
18,7,61
18,7,61
18,7,61
18,8,60
18,7,60
18,8,61
18,8,61
18,8,61
18,7,61
18,7,61
19,9,63
18,9,64
19,12,64
28,14,50
32,18,59
37,11,61
26,7,59
20,6,57
10,2,52
7,-1,50
8,-1,53
11,-2,58
12,2,60
14,-2,59
31,-4,62
32,-6,46
37,-9,43
57,-7,41
55,-8,29
70,-11,17
73,-9,22
61,-8,15
66,-5,14
63,-4,13
59,-2,17
57,-3,15
67,-4,15
55,-4,8
58,-5,10
64,-6,11
63,-6,10
60,-5,9
61,-5,11
62,-4,8
62,-5,9
62,-6,10
61,-5,11
63,-5,11
62,-5,13
59,-3,13
59,-3,14
59,-3,13
62,-3,11
63,-5,12
64,-6,12
59,-4,12
62,-5,15
62,-5,13
62,-5,12
61,-5,12
61,-6,11
60,-6,9
60,-6,11
62,-6,13
62,-6,12
63,-6,12
60,-5,12
61,-4,14
61,-3,12
61,-5,10
63,-6,12
60,-6,12
61,-6,12
61,-5,12
61,-5,12
60,-6,10
60,-6,11
62,-6,11
61,-6,11
61,-6,13
57,-4,13
59,-4,14
62,-4,12
62,-5,11
63,-5,12
62,-5,12
59,-5,11
60,-4,14
61,-4,13
60,-6,11
61,-6,12
63,-6,11
61,-6,10
62,-6,11
59,-5,13
61,-5,12
61,-6,9
61,-6,9
64,-6,11
62,-6,14
51,-3,17
63,-5,19
63,-4,14
63,-7,11
62,-6,13
61,-6,13
61,-6,13
61,-6,13
58,-6,12
59,-7,11
63,-6,12
60,-6,10
60,-6,10
61,-7,11
61,-7,10
59,-6,10
61,-7,11
60,-7,11
61,-7,11
61,-7,11
61,-6,11
63,-6,11
59,-7,10
61,-6,11
62,-7,11
60,-7,10
61,-7,11
61,-7,11
62,-7,11
61,-7,10
60,-7,11
61,-6,11
61,-7,10
62,-7,11
60,-7,11
60,-6,11
61,-7,10
62,-6,9
59,-6,12
63,-5,11
64,-7,12
61,-7,11
60,-7,11
60,-7,11
60,-6,11
60,-6,11
60,-6,11
61,-7,11
60,-6,11
61,-7,11
61,-7,10
62,-7,9
62,-7,9
62,-7,9
62,-6,10
61,-6,10
62,-6,9
62,-6,9
62,-7,8
61,-7,7
61,-7,8
62,-7,8
62,-7,8
61,-7,7
61,-7,7
61,-7,8
61,-7,8
62,-7,8
61,-7,8
61,-7,8
61,-7,8
61,-7,8
61,-7,8
61,-7,8
61,-7,8
62,-7,8
62,-7,8
61,-7,8
61,-7,8
61,-7,8
61,-7,8
61,-7,8
61,-7,8
59,-7,8
62,-6,6
63,-7,7
62,-7,7
62,-7,8
62,-7,8
60,-6,8
60,-6,8
62,-6,10
64,-6,11
65,-6,14
65,-6,17
63,-6,17
65,-7,22
67,-6,24
63,-7,27
59,-7,33
56,-8,36
43,-11,41
37,-13,43
27,-14,44
24,-13,47
23,-14,49
29,-13,53
32,-13,56
28,-6,52
25,-5,56
25,0,61
23,1,58
19,1,58
19,4,58
19,5,58
19,7,58
19,7,56
19,7,56
21,7,61
20,7,60
17,7,60
16,8,60
15,7,62
13,8,59
14,8,61
29,13,80
16,11,63
16,7,59
14,5,60
16,8,62
16,6,63
14,7,63
11,8,61
12,8,62
14,9,62
13,8,62
14,9,62
14,10,61
14,9,62
15,10,62
14,10,61
15,10,62
14,10,61
14,11,61
15,11,61
15,11,61
15,11,61
13,11,61
14,11,61
17,11,62
17,11,61
16,11,60
16,11,60
17,12,60
19,10,61
19,10,61
18,10,60
18,10,61
19,10,61
19,11,60
20,10,60
20,11,60
20,11,59
20,9,60
20,9,61
19,10,60
20,9,60
20,10,60
20,10,60
21,10,60
20,10,60
20,10,60
20,10,59
20,10,60
20,10,60
20,9,61
21,9,60
19,11,60
18,11,60
19,10,60
20,10,60
21,11,60
19,11,60
18,11,60
19,11,60
19,11,60
19,11,59
19,11,60
19,11,60
19,11,60
20,11,60
20,11,60
19,11,60
19,11,60
19,11,60
19,11,59
20,11,60
19,11,59
19,11,60
20,11,60
20,11,60
19,11,60
20,11,60
19,11,60
19,11,60
19,11,60
19,11,60
19,11,60
19,11,59
19,11,60
19,11,60
20,11,60
19,11,60
20,11,59
20,11,60
19,11,59
20,11,60
20,10,60
20,11,60
20,11,60
19,11,60
19,11,60
20,11,59
20,10,60
20,11,60
19,11,60
19,11,60
20,11,60
19,11,60
20,11,60
20,11,60
19,11,60
20,11,60
20,11,60
19,11,60
20,11,60
20,11,60
19,11,60
20,11,60
20,11,59
19,11,60
20,11,60
19,11,60
19,11,60
20,11,60
19,11,60
19,11,60
20,11,60
20,11,60
19,11,60
19,11,60
20,11,60
20,11,60
19,11,60
20,11,60
20,11,60
19,11,59
20,11,60
20,10,60
19,11,60
19,11,60
20,11,60
19,11,59
20,11,60
20,11,60
19,10,59
20,11,60
20,11,60
20,11,60
20,11,60
20,10,60
19,11,60
20,11,60
20,11,60
20,10,60
20,11,59
20,11,59
19,11,60
20,11,60
19,11,60
19,10,60
19,11,61
22,11,65
24,13,67
12,17,61
20,21,65
18,16,68
28,12,77
31,11,77
34,3,75
41,-2,70
43,-6,71
39,-14,68
41,-17,65
32,-23,56
28,-26,54
4,-30,39
-4,-31,33
-9,-32,31
-23,-34,22
-24,-34,21
-27,-36,17
-31,-37,15
-42,-38,11
-43,-40,13
-46,-41,13
-49,-44,9
-50,-45,9
-46,-45,9
-43,-46,11
-37,-45,12
-35,-42,13
-40,-40,17
-40,-39,15
-40,-39,12
-36,-41,12
-39,-43,11
-39,-45,8
-33,-50,11
-33,-52,9
-34,-55,4
-20,-62,6
-14,-64,7
2,-63,17
1,-65,15
13,-68,19
14,-51,26
7,-54,17
3,-58,9
3,-77,12
10,-67,7
6,-66,6
9,-65,11
13,-66,11
10,-60,13
6,-58,11
10,-58,12
15,-61,11
14,-60,10
15,-60,14
9,-59,12
12,-60,13
16,-62,14
14,-62,12
11,-62,9
9,-61,10
9,-61,11
11,-60,13
12,-60,13
11,-60,13
13,-60,14
15,-61,13
12,-60,13
13,-61,13
12,-60,12
12,-60,11
13,-61,10
13,-61,10
11,-60,10
12,-60,11
12,-60,11
13,-60,11
13,-60,11
12,-61,11
13,-61,11
12,-60,11
12,-60,12
13,-60,11
13,-60,11
12,-60,11
12,-60,11
12,-60,11
12,-60,11
13,-60,11
13,-61,10
13,-60,11
13,-60,11
13,-60,11
13,-60,11
13,-60,11
13,-60,11
13,-60,11
12,-61,11
13,-60,11
13,-60,11
12,-60,11
12,-60,11
12,-60,11
12,-60,11
13,-60,11
13,-60,11
13,-60,11
13,-60,11
13,-60,11
12,-61,10
13,-60,11
13,-60,11
13,-60,11
13,-60,11
13,-60,11
13,-60,11
13,-60,11
13,-60,10
13,-60,11
13,-60,11
13,-60,11
13,-60,11
13,-60,11
13,-60,11
13,-60,11
13,-60,11
13,-60,11
13,-60,11
13,-60,11
13,-60,11
12,-61,11
13,-60,11
13,-60,11
13,-60,11
13,-60,11
13,-61,11
13,-60,11
12,-60,10
12,-60,10
13,-60,10
13,-60,11
13,-60,11
13,-60,11
13,-60,11
13,-60,11
13,-60,10
13,-61,11
13,-60,11
13,-60,11
12,-60,11
13,-60,10
12,-60,11
12,-61,11
13,-60,11
13,-60,11
13,-60,11
13,-60,11
13,-60,11
13,-60,11
13,-60,11
13,-61,11
13,-60,10
13,-60,11
13,-60,10
13,-60,11
13,-60,11
13,-60,11
13,-60,11
13,-60,10
13,-61,10
13,-60,11
12,-60,11
13,-60,11
13,-60,11
12,-61,11
13,-61,11
13,-60,10
13,-60,11
13,-61,11
13,-60,11
13,-60,11
12,-60,11
12,-60,11
13,-60,10
13,-60,11
13,-60,11
13,-60,10
13,-60,11
13,-60,11
13,-60,11
13,-60,10
12,-60,11
13,-60,11
13,-60,11
13,-60,10
12,-60,11
13,-60,11
13,-61,10
13,-60,11
13,-60,10
13,-60,10
13,-60,11
13,-61,11
13,-61,11
13,-60,11
12,-60,10
12,-61,10
13,-60,11
13,-60,11
12,-60,10
12,-60,11
13,-60,11
13,-60,10
13,-60,11
13,-60,10
13,-60,11
13,-60,10
13,-60,11
13,-60,11
13,-60,11
13,-60,11
12,-61,11
13,-60,10
13,-60,11
13,-60,11
13,-61,11
13,-61,11
13,-60,11
13,-60,11
13,-60,10
13,-61,11
13,-60,11
13,-60,11
13,-60,11
13,-60,11
13,-60,11
13,-60,11
13,-60,10
13,-60,10
13,-60,11
13,-60,11
13,-60,11
13,-60,11
13,-60,11
13,-61,11
13,-60,11
12,-60,10
12,-60,11
13,-60,11
13,-60,11
13,-60,11
13,-60,11
13,-60,11
13,-60,11
13,-60,11
13,-60,11
13,-61,11
13,-60,11
13,-60,11
13,-60,11
13,-60,10
13,-60,11
13,-60,11
13,-60,10
13,-60,11
13,-60,11
13,-60,10
13,-60,11
13,-60,11
13,-60,11
13,-61,11
13,-60,11
13,-60,11
13,-60,10
13,-60,10
13,-60,11
13,-60,11
13,-60,11
13,-60,10
13,-60,11
13,-60,11
13,-60,10
13,-60,10
13,-60,10
13,-60,11
13,-60,11
13,-60,11
12,-61,10
13,-60,11
13,-60,10
13,-60,11
13,-61,10
13,-60,11
13,-60,10
13,-60,10
13,-60,10
13,-61,10
13,-60,10
13,-60,10
13,-61,11
13,-60,11
13,-60,10
13,-60,10
13,-60,10
13,-60,10
13,-60,11
13,-60,10
13,-60,10
13,-60,10
13,-61,11
13,-60,10
13,-60,10
13,-60,10
13,-61,11
13,-60,11
13,-60,10
13,-60,11
13,-60,11
13,-61,10
13,-60,10
13,-60,11
13,-60,10
13,-60,10
13,-60,11
13,-60,10
13,-60,10
13,-60,10
13,-60,10
13,-60,10
13,-60,10
13,-60,10
13,-60,10
13,-61,10
13,-60,10
13,-60,10
13,-61,11
13,-61,11
13,-60,11
13,-60,10
13,-60,10
13,-60,10
13,-60,10
13,-60,11
13,-60,10
12,-60,10
13,-60,10
13,-60,11
13,-60,11
13,-60,10
13,-60,10
13,-60,10
13,-60,10
13,-60,10
13,-60,10
13,-60,10
13,-61,10
13,-60,10
13,-60,10
13,-60,11
13,-60,11
13,-60,10
13,-60,10
13,-60,10
13,-60,10
13,-61,10
13,-60,11
13,-60,11
13,-60,10
13,-60,10
13,-60,10
13,-60,10
13,-60,11
13,-60,10
13,-60,10
13,-60,10
13,-60,10
13,-60,11
13,-61,10
13,-61,10
13,-60,10
13,-60,10
13,-61,10
13,-61,11
13,-61,11
13,-60,10
12,-60,10
13,-61,10
13,-60,10
13,-60,10
13,-60,10
13,-60,10
13,-61,10
13,-60,11
13,-60,10
13,-60,10
13,-60,11
13,-60,10
13,-60,10
13,-60,11
13,-60,11
13,-60,10
13,-60,10
13,-60,10
13,-60,10
13,-60,10
13,-60,11
13,-60,11
13,-60,11
12,-60,10
13,-60,10
13,-60,10
13,-60,11
13,-60,10
13,-60,10
13,-60,11
13,-60,11
13,-60,11
13,-60,11
13,-60,11
13,-60,10
13,-60,10
13,-60,11
13,-61,11
13,-61,11
13,-60,10
13,-60,10
13,-60,11
13,-60,11
13,-60,11
13,-60,11
13,-60,11
13,-60,11
13,-60,11
13,-60,11
13,-60,11
13,-60,11
13,-60,10
13,-60,11
13,-60,10
13,-60,11
13,-60,11
13,-60,10
13,-60,10
13,-61,11
13,-60,10
13,-60,10
13,-60,10
13,-61,10
13,-60,11
13,-60,10
13,-60,10
13,-60,10
13,-60,10
13,-60,10
13,-60,11
13,-60,11
13,-60,10
13,-60,10
13,-60,10
13,-60,10
13,-60,10
13,-60,10
14,-60,10
13,-60,10
13,-61,10
13,-60,10
13,-60,10
13,-60,10
13,-61,10
13,-61,10
13,-60,10
13,-60,10
13,-60,10
13,-60,10
13,-60,10
13,-60,10
13,-60,10
13,-60,10
13,-60,10
13,-60,10
13,-60,10
13,-60,10
13,-60,10
13,-60,10
13,-60,10
13,-60,10
13,-61,10
13,-60,10
13,-60,10
13,-60,10
13,-61,11
13,-60,10
13,-60,10
13,-60,10
13,-60,10
13,-61,10
13,-60,10
13,-60,10
13,-61,10
13,-60,10
13,-60,10
13,-60,10
13,-60,10
13,-60,10
13,-60,10
13,-60,10
13,-60,10
13,-60,10
13,-61,10
13,-60,10
13,-60,10
13,-60,10
13,-61,11
13,-60,11
13,-60,10
12,-60,10
13,-60,10
13,-61,10
13,-60,11
13,-60,10
13,-60,10
13,-60,10
13,-60,10
13,-60,10
13,-60,10
13,-60,10
13,-60,10
13,-60,10
13,-60,10
13,-60,10
13,-61,10
13,-60,10
13,-60,10
13,-60,10
13,-61,10
13,-61,11
13,-60,10
13,-60,10
12,-60,10
13,-60,10
13,-60,10
13,-60,10
13,-60,10
13,-60,10
13,-60,10
13,-60,10
13,-60,10
13,-60,10
13,-60,10
13,-60,10
13,-60,10
13,-61,10
13,-61,10
13,-60,10
13,-60,10
13,-60,10
13,-62,10
15,-61,12
15,-63,10
14,-62,9
14,-61,9
13,-61,10
10,-61,11
10,-62,11
10,-61,11
9,-61,12
11,-60,13
10,-59,13
10,-59,13
10,-59,15
10,-60,14
9,-59,14
11,-59,16
11,-59,16
10,-60,16
10,-60,16
9,-60,14
8,-60,13
8,-60,13
9,-60,13
9,-60,13
9,-61,13
9,-60,13
8,-61,13
10,-61,13
10,-61,14
9,-60,14
9,-60,16
9,-59,17
10,-59,16
11,-60,16
11,-60,16
10,-60,16
13,-60,17
11,-60,16
12,-60,16
12,-59,16
11,-60,16
11,-59,16
11,-59,16
11,-59,16
11,-60,15
11,-60,15
12,-59,15
12,-59,15
11,-59,15
11,-59,15
12,-60,15
12,-60,15
12,-60,15
12,-60,14
12,-60,15
12,-60,15
12,-59,15
12,-59,15
12,-60,15
13,-60,15
13,-60,14
13,-60,15
12,-60,15
12,-60,14
13,-60,15
12,-59,14
12,-59,14
12,-59,15
11,-60,14
12,-60,14
12,-60,14
12,-60,14
13,-60,14
13,-60,14
14,-60,14
13,-60,13
12,-60,12
13,-60,11
14,-60,11
14,-60,11
13,-60,12
12,-61,11
12,-61,10
12,-61,10
12,-61,11
12,-60,11
12,-60,11
13,-60,11
13,-60,11
13,-60,12
14,-60,12
14,-60,12
14,-60,12
14,-60,11
14,-60,11
13,-60,11
13,-60,12
13,-60,11
13,-60,11
13,-61,11
13,-60,11
13,-60,11
13,-60,11
13,-60,11
14,-60,11
13,-60,11
13,-60,12
13,-60,11
13,-60,11
13,-60,11
13,-60,11
13,-60,11
13,-60,11
13,-60,11
13,-60,12
14,-60,11
14,-60,12
13,-60,11
13,-60,11
13,-60,11
13,-60,11
13,-60,11
13,-60,11
13,-60,12
14,-60,11
14,-60,11
13,-60,12
13,-60,11
13,-60,11
13,-60,11
13,-60,11
13,-60,11
13,-60,11
13,-60,11
13,-60,11
13,-60,11
14,-58,12
14,-60,11
14,-60,12
13,-60,11
14,-60,11
13,-60,11
13,-60,12
13,-60,11
14,-60,11
14,-60,11
14,-60,12
14,-60,12
14,-60,12
13,-60,12
13,-60,11
13,-60,11
14,-60,11
14,-60,12
14,-60,11
14,-60,11
14,-60,12
14,-60,11
14,-60,12
14,-59,12
14,-60,11
14,-60,12
14,-60,12
14,-60,11
14,-60,11
14,-60,11
14,-60,12
14,-60,12
14,-60,11
14,-60,11
14,-60,12
14,-60,12
14,-60,11
13,-60,12
14,-60,11
14,-60,12
14,-60,12
14,-60,12
14,-60,11
14,-60,11
14,-60,12
14,-60,12
14,-60,11
14,-60,11
14,-60,12
14,-60,11
15,-60,11
14,-60,11
14,-60,11
14,-60,11
14,-60,11
14,-60,11
14,-60,12
14,-60,11
14,-60,11
14,-60,11
14,-60,11
14,-60,11
14,-60,11
14,-60,11
14,-60,11
14,-60,11
14,-60,11
14,-60,11
14,-60,11
14,-60,11
14,-60,11
14,-60,12
14,-60,11
14,-60,11
14,-60,11
14,-60,11
14,-60,11
14,-60,11
14,-60,11
14,-60,11
14,-60,11
14,-60,11
14,-60,11
14,-60,11
14,-60,11
14,-60,11
14,-60,11
14,-60,11
14,-60,11
14,-60,12
14,-60,11
14,-60,11
14,-60,11
13,-60,11
14,-60,11
14,-60,11
14,-60,11
14,-60,11
14,-60,11
14,-60,11
14,-60,11
14,-60,11
14,-60,11
14,-60,11
14,-60,11
14,-60,11
14,-60,11
14,-60,11
14,-60,11
14,-60,11
14,-60,11
14,-60,11
14,-60,11
13,-60,11
14,-60,11
14,-60,11
14,-60,11
14,-60,11
14,-60,11
14,-60,11
14,-60,11
14,-60,11
14,-60,11
14,-60,11
14,-60,11
14,-60,11
14,-60,11
14,-60,11
14,-60,11
14,-60,11
14,-60,11
14,-60,11
14,-60,11
14,-60,11
14,-60,12
14,-60,11
14,-60,11
14,-60,12
14,-60,11
14,-60,11
14,-60,11
14,-60,12
14,-60,12
14,-60,11
14,-60,11
14,-60,11
14,-60,11
14,-60,11
14,-60,11
14,-60,12
14,-60,11
14,-60,11
14,-60,11
14,-60,12
14,-60,12
14,-60,11
14,-60,12
14,-60,11
14,-60,11
14,-60,12
14,-60,11
14,-60,11
14,-60,11
14,-60,12
14,-60,12
14,-60,12
14,-60,12
14,-60,11
14,-60,11
14,-60,11
14,-60,11
14,-60,11
14,-60,11
14,-59,11
14,-60,12
15,-60,11
15,-60,11
14,-60,11
14,-60,11
14,-60,11
14,-60,11
14,-60,11
14,-60,11
14,-60,11
14,-60,11
14,-60,11
14,-60,11
14,-60,11
14,-60,11
14,-60,11
14,-60,11
14,-60,11
13,-60,11
14,-60,11
14,-60,11
14,-60,11
14,-60,11
14,-60,11
14,-60,12
14,-60,11
13,-60,11
14,-60,11
14,-60,11
14,-60,11
14,-60,11
14,-60,11
14,-60,11
14,-60,11
14,-60,11
14,-60,11
14,-60,11
14,-60,11
14,-60,11
14,-60,11
14,-60,11
14,-61,11
14,-60,11
14,-59,11
14,-60,11
14,-60,11
14,-60,11
14,-60,11
14,-60,11
13,-60,11
14,-60,11
14,-60,11
14,-60,11
14,-60,11
14,-60,11
14,-60,11
14,-60,11
14,-61,11
14,-60,11
14,-60,11
13,-60,11
14,-60,11
14,-60,11
13,-60,11
13,-61,11
14,-60,11
14,-60,11
14,-60,11
14,-60,11
14,-60,11
14,-60,11
14,-60,11
14,-60,11
14,-60,11
14,-60,11
14,-60,11
14,-60,11
14,-60,11
14,-60,11
14,-60,11
14,-60,11
14,-60,11
14,-60,11
14,-60,11
14,-60,11
14,-60,11
14,-60,11
14,-60,11
14,-60,11
14,-60,11
14,-60,11
14,-60,11
14,-60,11
14,-60,11
14,-60,11
14,-60,11
14,-60,11
14,-60,11
14,-60,11
14,-60,11
14,-60,11
14,-60,11
14,-60,11
14,-60,11
14,-60,12
14,-59,11
14,-60,11
14,-60,11
14,-60,12
14,-60,11
14,-60,11
14,-59,11
14,-60,12
14,-60,11
15,-60,11
14,-60,12
14,-60,11
14,-60,12
15,-60,12
14,-60,11
14,-60,11
14,-60,11
14,-60,11
15,-60,11
15,-60,11
14,-60,11
14,-60,11
14,-60,11
14,-60,11
14,-60,11
14,-60,11
14,-60,11
14,-60,11
14,-60,11
15,-60,11
14,-60,11
14,-60,11
14,-60,11
14,-60,11
14,-60,11
14,-60,11
14,-60,11
14,-60,11
14,-60,11
15,-60,11
15,-60,11
14,-60,11
14,-60,11
14,-60,11
14,-60,11
14,-60,11
14,-60,11
14,-60,11
14,-60,11
14,-60,11
14,-60,11
14,-60,11
14,-60,11
14,-60,11
14,-60,11
14,-60,11
14,-60,11
14,-60,11
14,-60,11
14,-60,11
14,-60,11
14,-60,11
14,-60,11
14,-60,11
14,-60,11
14,-61,11
14,-60,11
14,-60,11
14,-60,10
13,-61,10
14,-60,11
14,-60,11
14,-60,11
14,-59,11
14,-60,10
14,-60,11
14,-60,11
14,-60,10
14,-60,11
14,-59,11
14,-60,11
14,-60,11
14,-60,11
14,-60,11
14,-60,11
14,-60,11
14,-60,11
14,-60,11
14,-61,11
14,-60,11
14,-59,11
14,-60,11
14,-60,11
14,-60,11
14,-60,11
14,-60,11
14,-60,11
14,-60,11
14,-60,11
14,-60,11
14,-60,11
14,-60,11
14,-60,11
14,-60,11
14,-60,11
14,-60,11
14,-60,11
14,-60,11
14,-60,11
14,-60,11
14,-60,11
14,-60,11
14,-59,11
14,-60,11
14,-60,11
14,-60,11
14,-60,12
14,-60,11
14,-60,11
14,-60,11
14,-60,11
14,-60,11
14,-60,11
14,-60,11
14,-60,11
14,-60,11
14,-60,11
14,-60,11
14,-60,11
13,-59,10
14,-59,12
15,-60,12
14,-60,11
14,-60,11
14,-59,11
14,-60,11
14,-60,11
16,-59,15
18,-59,17
18,-73,-8
35,-93,-10
16,-80,6
-21,-49,-4
107,-94,64
31,-84,-1
22,-62,0
24,-35,-3
10,-35,-5
-9,-45,-6
-26,-47,12
-21,-45,27
-30,-29,38
-39,-28,31
-67,-34,-1
-66,-29,-1
-54,-22,17
-56,-28,8
-56,-36,9
-50,-48,11
-46,-48,13
-42,-46,20
-41,-47,18
-27,-45,21
-17,-50,20
-19,-55,16
-23,-61,15
-25,-61,24
-28,-61,25
-24,-56,27
-18,-58,32
-31,-58,21
-35,-48,24
-14,-54,28
-20,-53,24
-22,-52,20
-11,-56,22
-10,-56,20
-16,-57,19
-16,-57,22
-18,-57,27
-20,-56,26
-17,-56,26
-19,-59,21
-16,-61,20
-15,-59,22
-20,-57,20
-11,-54,22
-7,-56,24
-7,-57,25
-7,-61,26
-8,-62,23
-10,-60,22
-11,-59,21
-12,-56,21
-12,-58,20
-13,-59,19
-11,-60,20
-9,-61,19
-12,-61,18
-11,-56,23
-8,-57,23
-10,-58,21
-12,-59,21
-13,-62,15
-13,-60,14
-8,-54,24
-8,-59,21
-4,-62,20
-5,-66,15
-7,-65,15
-12,-53,21
-9,-56,19
-5,-59,16
-6,-61,17
-5,-63,18
-9,-60,18
-10,-57,17
-4,-60,15
-3,-62,15
-2,-62,16
-1,-62,18
3,-60,17
3,-60,15
3,-60,14
1,-60,15
-1,-63,13
-3,-63,13
-1,-63,14
1,-62,14
1,-62,16
1,-62,16
3,-61,16
5,-60,16
5,-60,15
5,-59,17
6,-60,17
2,-62,14
1,-61,15
1,-60,15
3,-61,16
3,-61,18
3,-61,16
4,-62,15
1,-61,14
0,-62,13
0,-61,13
2,-61,16
2,-61,16
3,-61,16
4,-61,15
4,-61,16
3,-60,17
4,-61,15
3,-61,15
2,-61,16
2,-61,15
2,-61,15
2,-61,15
3,-61,16
3,-60,16
3,-61,16
3,-61,15
3,-62,15
3,-61,15
2,-60,15
3,-61,15
2,-61,15
2,-61,15
3,-61,16
3,-61,16
2,-60,15
3,-60,16
3,-60,16
2,-60,16
3,-61,16
3,-60,15
3,-61,16
3,-60,15
3,-60,16
3,-61,16
3,-61,16
3,-61,15
3,-60,16
3,-60,16
3,-61,15
3,-61,16
3,-61,16
4,-61,16
4,-61,15
3,-61,16
3,-61,16
3,-61,16
3,-61,16
4,-61,17
4,-60,16
4,-61,16
4,-61,15
3,-61,15
3,-61,15
3,-61,15
4,-61,16
4,-61,16
4,-61,16
4,-61,16
4,-61,16
4,-61,16
4,-60,16
4,-61,16
4,-60,16
4,-61,16
4,-61,16
4,-61,16
4,-61,16
4,-60,16
4,-61,16
4,-61,16
4,-61,16
3,-60,16
4,-60,16
4,-60,16
4,-61,16
4,-61,16
3,-61,16
4,-61,16
4,-60,16
3,-61,15
4,-61,16
4,-61,16
4,-61,16
4,-61,16
4,-60,16
4,-60,16
4,-61,16
4,-61,16
4,-61,16
3,-61,16
3,-60,16
4,-61,16
4,-61,16
4,-61,16
4,-61,16
4,-60,16
4,-61,16
4,-60,16
4,-60,16
4,-61,16
4,-61,16
4,-61,16
4,-60,15
4,-61,16
4,-60,16
3,-61,15
4,-61,16
4,-61,16
4,-60,16
4,-60,16
4,-61,16
4,-61,16
4,-61,16
4,-60,16
4,-61,16
4,-61,16
4,-60,16
4,-61,15
4,-61,16
4,-61,16
4,-61,16
4,-60,16
5,-60,16
5,-60,16
4,-61,16
4,-61,16
4,-60,16
4,-60,16
4,-60,16
5,-61,16
5,-61,16
4,-61,16
4,-60,16
5,-60,16
4,-60,16
4,-60,16
4,-60,16
4,-60,16
4,-61,16
5,-61,16
4,-61,16
4,-60,16
4,-60,16
5,-61,16
5,-61,16
4,-60,16
5,-60,15
5,-60,16
4,-61,16
5,-61,16
5,-61,16
4,-61,15
4,-60,15
4,-61,15
4,-61,16
4,-61,15
4,-61,16
4,-61,15
4,-60,15
4,-61,16
5,-60,16
5,-61,16
5,-60,16
5,-61,16
5,-60,15
5,-60,16
5,-61,15
5,-61,16
5,-61,16
4,-61,15
5,-61,15
5,-60,16
5,-61,16
5,-60,15
5,-61,15
5,-60,16
5,-61,16
5,-61,16
5,-61,16
5,-60,16
5,-61,16
5,-61,15
5,-61,16
4,-60,16
5,-60,16
5,-61,16
5,-61,15
5,-61,16
5,-61,14
5,-61,14
4,-60,15
4,-61,15
4,-61,15
5,-61,16
5,-61,16
6,-60,16
6,-60,16
6,-60,16
7,-60,15
7,-61,15
7,-61,14
8,-61,15
9,-60,16
7,-61,15
7,-61,15
7,-61,15
5,-61,14
5,-61,14
6,-61,15
5,-61,14
5,-61,14
6,-61,13
5,-61,14
6,-60,14
7,-61,14
7,-60,15
7,-61,15
7,-61,15
7,-61,15
8,-60,15
7,-60,16
7,-60,16
6,-61,15
7,-61,15
7,-60,15
7,-60,15
7,-60,15
8,-61,15
7,-61,15
7,-60,15
7,-60,15
6,-60,15
7,-60,15
6,-60,15
7,-61,15
7,-60,15
7,-61,15
7,-61,15
7,-60,15
7,-61,16
7,-61,15
7,-60,15
7,-60,15
7,-60,15
7,-60,15
7,-61,15
7,-60,15
6,-60,15
7,-60,15
7,-61,15
7,-61,15
7,-60,15
7,-60,15
7,-60,15
7,-61,15
7,-61,15
7,-60,15
7,-60,15
7,-61,15
7,-60,15
7,-60,15
7,-61,15
7,-61,15
7,-60,15
7,-61,15
7,-60,15
7,-60,15
7,-60,15
7,-60,15
6,-61,15
7,-60,15
7,-60,15
7,-60,15
7,-61,15
7,-61,15
7,-61,15
7,-60,15
7,-61,15
7,-61,15
7,-61,15
7,-60,15
7,-61,15
7,-60,15
7,-60,15
7,-61,15
7,-61,15
7,-61,15
6,-61,15
7,-61,15
7,-60,15
7,-61,15
7,-60,15
7,-61,15
7,-61,15
7,-60,15
7,-60,15
7,-61,15
7,-61,15
7,-61,15
8,-60,15
7,-60,15
6,-61,15
7,-61,15
6,-61,15
6,-61,15
6,-60,15
7,-60,15
8,-60,15
7,-60,16
7,-60,15
7,-60,15
7,-61,15
7,-60,15
7,-60,15
7,-60,15
7,-61,15
7,-60,15
7,-60,16
7,-60,16
7,-60,15
7,-61,16
7,-61,16
7,-60,16
7,-61,16
7,-60,15
6,-60,15
6,-60,16
6,-60,15
6,-60,15
6,-60,15
6,-60,15
7,-60,15
7,-61,15
7,-60,16
7,-60,15
7,-60,15
6,-61,15
6,-61,15
7,-60,15
7,-60,15
7,-60,15
7,-61,15
7,-61,15
7,-61,16
7,-61,15
7,-60,15
7,-60,15
6,-60,15
7,-60,15
7,-61,15
7,-60,15
7,-61,15
7,-61,15
7,-60,15
7,-60,15
7,-61,15
7,-61,15
7,-61,15
7,-61,15
7,-60,15
6,-60,15
7,-61,15
7,-60,15
7,-61,16
7,-61,15
7,-60,15
7,-60,15
7,-60,15
7,-60,15
7,-61,15
7,-61,15
7,-61,15
7,-61,15
7,-61,15
7,-60,15
7,-60,15
7,-60,15
7,-61,15
7,-61,15
7,-60,15
7,-60,15
7,-61,15
7,-60,15
7,-60,15
7,-61,15
7,-61,15
7,-61,15
7,-60,15
7,-60,15
7,-60,15
7,-60,15
7,-61,15
7,-61,15
7,-60,15
7,-60,15
7,-60,15
7,-60,15
7,-61,15
7,-60,15
7,-60,15
7,-60,15
7,-61,15
7,-60,15
7,-60,15
7,-60,15
7,-60,15
8,-62,14
8,-61,13
7,-60,16
5,-59,17
6,-61,16
5,-61,14
6,-61,14
7,-61,15
7,-61,15
7,-61,15
7,-61,15
6,-61,14
6,-61,15
7,-60,15
7,-60,15
7,-60,15
7,-61,15
6,-60,15
7,-60,15
7,-61,15
7,-60,15
7,-60,15
7,-61,15
7,-60,15
7,-61,15
6,-61,15
7,-61,15
7,-61,15
7,-60,15
7,-60,15
7,-61,15
7,-61,15
7,-60,15
6,-61,15
6,-60,15
7,-60,15
7,-61,15
7,-60,15
7,-61,15
7,-60,15
7,-61,15
7,-61,15
7,-61,15
7,-61,15
7,-61,15
7,-60,15
7,-60,15
7,-61,15
7,-60,15
7,-60,15
7,-60,15
7,-61,15
7,-61,15
7,-60,15
7,-60,15
7,-60,15
7,-61,15
7,-61,15
7,-60,15
7,-60,15
7,-60,15
7,-60,15
7,-60,15
7,-61,15
7,-61,15
7,-60,15
7,-61,15
7,-61,15
8,-60,15
7,-61,15
7,-61,15
7,-60,15
7,-61,15
7,-61,15
7,-60,15
7,-60,15
7,-61,15
7,-61,15
7,-60,15
7,-60,15
7,-60,15
7,-61,15
8,-61,15
7,-60,15
8,-60,15
7,-60,15
7,-61,15
7,-61,15
7,-60,15
7,-60,15
7,-61,15
7,-60,15
7,-60,16
7,-61,15
7,-60,15
7,-60,15
7,-60,15
7,-60,15
7,-60,15
7,-60,15
7,-61,15
7,-60,15
7,-60,15
7,-60,15
7,-60,15
7,-61,16
8,-61,16
7,-60,15
7,-60,15
7,-60,15
7,-60,15
7,-61,15
7,-61,15
7,-60,15
7,-60,15
7,-60,15
8,-60,15
8,-61,15
8,-60,15
8,-61,15
8,-60,15
7,-60,15
7,-60,15
7,-61,15
7,-61,15
7,-60,15
7,-60,14
8,-60,15
8,-61,15
8,-61,15
8,-60,15
8,-60,15
7,-60,15
8,-60,15
8,-60,15
7,-61,15
8,-60,15
8,-61,15
7,-60,15
7,-60,15
8,-61,15
8,-60,15
8,-60,15
8,-60,15
7,-61,15
7,-60,15
7,-60,15
8,-60,15
8,-60,15
7,-61,15
8,-60,15
8,-60,15
8,-60,15
8,-60,15
8,-61,15
8,-60,15
8,-60,15
7,-60,15
7,-60,15
8,-61,15
7,-61,15
8,-60,15
8,-60,15
8,-61,15
8,-60,15
8,-60,14
8,-60,15
8,-60,15
8,-60,15
8,-61,15
8,-61,15
8,-60,15
8,-60,15
8,-60,15
8,-61,15
7,-61,15
8,-60,15
8,-60,15
8,-60,15
8,-60,15
8,-61,15
8,-60,15
8,-60,15
7,-60,15
7,-61,15
8,-60,15
8,-60,15
7,-61,15
8,-60,15
8,-60,15
8,-60,15
8,-61,15
8,-61,15
7,-60,15
8,-60,15
7,-60,15
8,-60,15
8,-60,15
8,-61,15
8,-60,15
8,-60,15
8,-61,15
8,-61,15
8,-60,15
8,-60,14
7,-60,15
8,-60,15
8,-61,15
8,-61,15
8,-60,15
7,-60,15
8,-61,15
8,-60,15
8,-60,15
7,-61,15
7,-60,15
8,-61,15
8,-60,15
8,-60,15
8,-60,15
8,-60,15
8,-60,15
8,-60,15
8,-61,15
7,-60,15
7,-60,15
8,-60,15
8,-60,15
7,-61,15
8,-60,15
8,-60,15
7,-60,15
7,-60,15
8,-60,15
8,-61,15
8,-60,16
8,-60,15
7,-60,15
7,-60,16
7,-60,16
7,-61,15
7,-60,15
7,-60,15
7,-60,15
7,-60,15
7,-60,15
7,-60,15
8,-60,15
7,-61,16
7,-60,15
7,-60,15
7,-61,15
8,-60,15
8,-60,15
7,-60,15
8,-61,15
8,-61,15
8,-61,15
8,-60,15
8,-60,15
7,-60,15
7,-60,15
7,-60,15
8,-61,15
8,-60,15
7,-61,15
8,-60,15
8,-60,15
7,-60,15
7,-61,15
7,-61,15
8,-60,15
8,-61,15
7,-60,15
7,-60,15
7,-61,15
8,-60,14
8,-60,15
8,-61,15
8,-61,15
8,-61,15
8,-60,15
8,-60,15
8,-60,15
8,-61,15
7,-61,15
8,-61,15
8,-60,15
8,-60,15
8,-60,15
8,-61,15
8,-60,15
8,-60,15
8,-60,15
8,-61,15
8,-61,15
8,-60,15
8,-60,15
7,-61,15
8,-61,15
8,-60,15
8,-60,15
8,-61,15
8,-61,15
8,-60,15
8,-61,15
8,-60,15
7,-60,15
8,-61,15
8,-61,15
8,-60,15
8,-61,15
8,-60,15
8,-60,15
8,-61,15
8,-61,15
8,-60,15
7,-61,15
7,-61,15
8,-61,15
8,-60,15
8,-60,15
8,-60,15
8,-60,15
7,-61,15
8,-61,15
7,-60,15
8,-60,15
8,-61,15
8,-61,15
8,-61,15
7,-60,15
8,-60,15
8,-61,14
8,-61,15
8,-60,15
8,-60,15
8,-61,15
7,-60,15
8,-61,15
8,-60,15
8,-60,15
8,-60,15
7,-60,15
8,-61,15
7,-60,15
8,-60,15
8,-61,15
8,-60,15
8,-60,15
8,-61,15
8,-61,15
8,-60,15
8,-60,15
8,-61,15
8,-61,15
8,-61,15
8,-60,15
8,-60,15
8,-61,15
7,-61,15
7,-60,15
8,-60,15
8,-61,15
8,-60,15
8,-60,15
8,-60,15
8,-60,15
8,-61,15
7,-60,15
8,-60,15
8,-61,15
7,-60,15
8,-60,15
7,-60,15
7,-61,15
8,-60,15
7,-60,15
7,-60,15
8,-60,15
8,-60,15
8,-60,15
8,-60,16
7,-60,15
8,-60,15
7,-60,16
7,-61,15
7,-61,15
8,-60,15
8,-60,15
7,-60,15
8,-60,15
7,-60,15
8,-60,15
8,-60,15
7,-60,15
7,-60,15
8,-60,15
7,-61,15
8,-61,15
8,-60,15
8,-60,15
8,-60,15
8,-61,15
8,-60,15
8,-61,15
8,-61,15
7,-60,15
7,-60,15
8,-60,15
8,-61,15
8,-60,15
8,-60,15
8,-61,15
8,-61,15
8,-60,15
8,-60,15
8,-60,15
8,-61,15
8,-60,15
8,-60,15
8,-60,15
8,-60,15
8,-61,15
8,-60,15
8,-60,15
8,-60,15
8,-61,15
8,-61,15
8,-60,15
8,-61,15
8,-60,15
8,-60,15
8,-60,15
8,-61,15
8,-60,15
8,-61,15
8,-61,15
8,-60,15
8,-60,15
8,-60,15
8,-60,15
8,-61,15
7,-60,15
8,-60,15
8,-60,15
8,-60,15
8,-60,15
8,-61,15
8,-61,15
8,-60,15
8,-60,15
8,-60,14
8,-61,15
8,-61,15
8,-61,15
8,-60,15
8,-60,15
8,-60,15
8,-61,15
8,-60,15
8,-60,15
8,-60,15
8,-60,15
8,-60,15
9,-61,15
8,-61,15
8,-61,15
8,-60,15
8,-61,15
8,-60,15
8,-60,15
8,-60,15
8,-60,15
8,-61,14
8,-61,15
8,-60,15
8,-60,15
8,-60,15
8,-60,15
8,-61,15
8,-60,15
8,-60,15
8,-60,15
8,-60,15
8,-60,15
8,-61,15
8,-60,15
8,-60,15
8,-60,15
8,-60,15
8,-60,15
8,-60,15
8,-60,15
8,-60,15
8,-60,15
8,-60,15
8,-60,15
8,-60,15
8,-60,15
8,-60,15
8,-60,15
8,-60,15
8,-61,15
8,-61,15
8,-61,15
8,-60,15
8,-60,15
8,-60,15
8,-61,15
8,-60,15
8,-60,15
8,-61,15
8,-61,15
8,-60,15
8,-60,15
8,-60,15
8,-60,15
8,-60,15
8,-61,15
8,-60,15
8,-60,15
8,-60,15
8,-61,15
8,-61,15
8,-60,15
8,-60,15
8,-60,15
8,-61,15
8,-60,15
8,-60,15
8,-61,15
8,-60,15
8,-60,15
8,-61,15
9,-61,15
8,-60,15
8,-60,15
8,-60,15
8,-60,15
8,-60,15
8,-60,15
8,-61,15
9,-60,15
8,-60,15
8,-61,14
9,-60,15
8,-60,15
8,-60,15
9,-60,15
8,-61,15
8,-61,15
8,-60,15
8,-60,15
8,-61,15
9,-60,15
9,-60,15
8,-60,15
8,-60,14
8,-60,14
8,-61,15
8,-61,15
8,-60,15
9,-60,15
8,-60,15
8,-60,15
8,-60,15
9,-60,15
8,-60,15
8,-60,15
8,-61,14
8,-60,15
8,-61,15
8,-61,14
8,-60,15
8,-60,15
8,-60,14
8,-60,15
8,-60,15
8,-61,14
9,-60,15
8,-60,15
8,-60,14
9,-60,15
9,-60,15
8,-61,15
8,-60,15
8,-60,15
8,-60,15
8,-60,15
8,-60,15
8,-60,14
8,-60,15
8,-60,15
9,-60,15
8,-60,15
8,-60,15
8,-60,15
8,-61,15
8,-60,14
8,-60,15
8,-60,15
8,-60,15
8,-60,15
8,-60,15
8,-61,15
8,-60,15
8,-60,14
8,-61,15
9,-60,15
8,-60,14
8,-60,15
9,-61,15
9,-60,15
8,-60,15
8,-60,15
8,-60,15
8,-61,14
9,-60,15
8,-60,15
8,-60,14
8,-60,15
8,-61,15
9,-60,14
9,-60,15
8,-60,15
8,-60,15
9,-60,15
9,-60,15
8,-61,14
8,-60,14
8,-60,15
8,-61,15
8,-60,15
9,-60,15
8,-60,15
8,-61,14
8,-61,15
8,-60,15
8,-60,15
8,-60,15
8,-61,15
8,-61,15
8,-60,15
8,-60,15
7,-60,15
8,-60,15
8,-60,16
7,-61,15
4,-66,17
12,-66,16
6,-52,14
6,-50,15
8,-57,16
10,-59,16
12,-61,14
12,-61,13
12,-61,13
11,-61,17
9,-61,18
11,-60,16
12,-59,15
14,-59,13
18,-59,13
15,-63,15
3,-62,15
6,-62,16
6,-56,14
7,-59,12
16,-60,10
18,-59,10
11,-65,14
-5,-61,16
-1,-56,18
3,-59,16
7,-59,14
21,-58,13
10,-64,14
2,-69,17
4,-56,18
4,-56,13
8,-58,14
18,-62,15
16,-61,14
2,-67,16
-3,-69,17
3,-53,20
5,-50,15
13,-59,14
27,-58,11
29,-59,13
2,-66,16
-11,-70,16
-2,-57,21
7,-54,13
14,-58,12
33,-59,12
30,-61,12
-4,-64,15
-8,-66,16
3,-55,19
8,-58,12
17,-59,13
33,-60,16
22,-62,14
-1,-64,14
-1,-65,14
1,-53,11
11,-59,10
20,-61,13
29,-60,16
22,-61,13
9,-61,16
5,-59,13
10,-56,16
8,-58,15
15,-57,18
24,-60,21
18,-59,17
13,-57,14
9,-61,10
11,-58,12
9,-62,12
13,-62,13
28,-59,16
20,-61,14
10,-64,13
9,-56,10
11,-57,10
11,-60,10
16,-60,15
16,-58,16
14,-59,13
17,-59,14
11,-60,12
6,-61,15
7,-62,17
7,-62,19
7,-59,18
13,-58,15
13,-57,12
12,-59,12
12,-60,13
10,-62,15
10,-65,16
10,-66,15
11,-63,14
11,-61,14
9,-58,14
7,-57,14
7,-57,14
8,-59,15
9,-59,16
9,-60,19
9,-60,19
12,-60,17
12,-60,15
12,-60,14
11,-60,14
10,-60,14
9,-60,14
9,-60,15
9,-60,15
9,-61,15
10,-61,14
10,-61,14
10,-60,14
10,-60,15
10,-59,15
10,-60,15
10,-60,16
10,-61,16
10,-60,15
10,-60,15
9,-60,15
9,-60,15
10,-60,15
11,-60,15
10,-60,15
10,-60,15
10,-60,14
9,-60,14
10,-60,14
10,-60,15
10,-60,15
9,-60,15
10,-60,15
9,-60,15
9,-60,15
10,-60,15
10,-60,15
10,-60,15
10,-60,15
10,-60,15
9,-60,14
9,-60,14
9,-60,15
9,-60,15
10,-61,15
10,-60,15
10,-60,15
9,-60,15
9,-60,15
9,-61,14
9,-60,14
9,-60,15
10,-61,15
10,-60,15
10,-60,15
10,-60,15
9,-60,15
9,-60,15
10,-60,15
10,-60,15
9,-60,15
10,-60,15
10,-60,15
10,-60,15
10,-60,15
9,-60,15
10,-60,15
10,-60,15
10,-60,15
10,-60,15
10,-60,15
9,-60,15
9,-60,15
9,-60,15
9,-60,15
10,-60,15
9,-60,15
9,-60,15
10,-60,15
10,-60,15
10,-60,15
9,-60,15
10,-60,15
9,-60,15
9,-60,15
9,-60,14
10,-60,15
10,-60,15
10,-60,15
10,-60,14
10,-60,15
10,-60,15
10,-60,15
10,-60,15
10,-60,15
10,-60,15
10,-60,15
9,-60,15
10,-60,15
10,-60,15
9,-60,15
9,-60,15
10,-60,15
9,-60,15
10,-60,14
9,-60,15
9,-60,15
10,-60,15
10,-60,15
10,-60,15
10,-60,14
10,-60,15
10,-60,15
10,-60,15
10,-60,15
10,-60,15
10,-60,15
9,-60,15
10,-60,14
10,-60,15
10,-60,15
10,-60,15
10,-60,15
10,-61,14
10,-60,15
10,-60,15
10,-60,14
10,-60,15
10,-60,15
9,-60,15
10,-60,15
10,-60,15
10,-60,15
10,-60,15
10,-60,15
10,-60,15
10,-60,15
10,-60,15
10,-60,15
10,-60,15
10,-60,15
10,-60,15
10,-60,15
10,-60,15
10,-60,15
10,-60,15
10,-60,15
10,-60,14
10,-60,15
10,-61,15
10,-60,15
10,-60,15
10,-60,15
10,-60,15
10,-60,15
10,-60,15
10,-60,15
10,-60,14
10,-60,14
10,-60,15
10,-60,15
10,-60,15
10,-60,15
10,-60,15
10,-60,15
10,-60,15
10,-60,15
10,-60,15
10,-60,15
10,-60,15
10,-60,15
10,-60,14
10,-60,15
10,-60,15
10,-60,15
10,-60,15
10,-60,15
10,-60,15
10,-60,15
10,-60,15
10,-60,15
10,-60,15
10,-60,15
10,-60,15
10,-60,14
11,-60,15
10,-60,15
10,-60,15
10,-60,15
10,-60,15
10,-60,15
10,-60,15
10,-60,15
10,-60,15
10,-60,14
10,-60,15
10,-60,15
10,-60,14
10,-60,14
10,-60,15
10,-60,15
10,-60,14
10,-60,15
10,-60,15
11,-60,15
10,-60,15
9,-60,15
10,-60,15
11,-60,15
10,-60,15
11,-60,14
11,-60,14
10,-60,14
11,-60,14
11,-60,15
11,-60,15
11,-60,15
11,-60,15
11,-60,15
11,-60,14
11,-60,15
11,-60,15
11,-60,15
11,-60,15
11,-60,15
11,-60,15
11,-60,14
11,-60,14
11,-60,15
11,-60,15
11,-60,15
11,-60,15
10,-60,14
10,-60,14
9,-60,14
10,-60,15
11,-60,15
11,-60,14
11,-60,15
11,-60,15
10,-60,15
10,-60,15
10,-60,15
10,-60,15
11,-60,15
11,-60,15
11,-60,15
11,-60,15
11,-60,15
10,-60,15
10,-60,15
11,-60,15
10,-60,15
10,-60,14
11,-60,15
12,-60,15
11,-60,15
10,-60,15
11,-60,15
10,-60,15
10,-60,15
10,-60,15
10,-59,15
10,-60,15
11,-60,15
11,-60,15
10,-60,15
10,-60,15
10,-60,15
10,-60,16
10,-60,15
10,-60,15
10,-60,15
10,-60,15
10,-60,15
10,-60,15
10,-60,15
11,-60,16
10,-60,15
10,-60,15
10,-60,15
10,-60,15
10,-60,15
11,-60,15
11,-60,15
10,-60,15
10,-60,15
10,-60,15
10,-60,16
10,-60,15
11,-60,15
11,-60,16
10,-61,15
10,-65,17
12,-71,19
13,-55,18
10,-46,17
6,-48,14
8,-55,16
9,-64,14
11,-64,11
11,-64,12
8,-62,15
5,-60,15
5,-58,17
7,-59,18
10,-61,17
14,-68,19
15,-64,17
11,-52,15
9,-53,14
11,-59,14
7,-59,10
7,-61,11
9,-72,16
8,-76,16
9,-52,17
9,-49,16
10,-53,16
14,-58,13
10,-58,10
18,-64,14
16,-79,15
13,-68,16
10,-53,15
10,-49,15
14,-56,14
15,-58,12
16,-60,8
16,-62,9
10,-73,15
12,-59,19
11,-54,17
10,-53,16
14,-57,15
15,-60,8
15,-62,7
13,-68,13
10,-59,15
9,-57,14
8,-56,16
10,-58,15
13,-59,8
19,-60,9
18,-61,11
12,-61,13
11,-62,15
10,-61,15
10,-61,14
11,-59,11
14,-60,9
15,-62,10
15,-65,14
14,-61,15
14,-56,11
11,-57,9
11,-59,8
12,-62,7
13,-62,7
13,-62,11
13,-62,12
11,-62,13
11,-61,12
11,-61,10
16,-60,9
16,-59,9
15,-58,10
13,-59,10
13,-60,10
12,-64,11
12,-67,12
13,-59,10
15,-54,8
13,-53,5
16,-60,8
15,-62,8
15,-63,7
15,-62,11
16,-62,12
14,-63,13
7,-62,10
12,-59,9
13,-57,8
16,-57,8
17,-59,8
17,-62,9
16,-62,10
14,-62,10
11,-61,9
11,-61,8
13,-59,8
14,-60,9
15,-61,9
14,-61,9
14,-61,9
14,-60,10
14,-60,11
14,-60,10
14,-60,9
15,-60,9
14,-60,9
14,-60,9
14,-60,10
13,-60,10
14,-60,10
13,-60,10
14,-60,10
13,-60,9
13,-60,9
13,-60,9
14,-60,10
13,-60,9
13,-61,9
13,-61,9
13,-61,9
12,-61,9
12,-60,9
12,-60,9
13,-60,9
14,-61,10
14,-60,10
13,-61,9
13,-60,9
13,-61,9
13,-61,10
13,-61,10
13,-60,10
13,-60,9
13,-60,9
13,-60,9
13,-60,9
13,-61,9
13,-61,9
13,-61,9
13,-60,9
13,-60,10
13,-61,9
13,-61,9
14,-61,10
13,-61,9
13,-60,10
13,-60,10
13,-61,9
13,-60,10
13,-60,9
13,-60,9
13,-61,9
13,-60,10
13,-60,9
12,-60,9
13,-60,10
13,-60,10
13,-60,9
13,-60,9
14,-60,9
13,-61,9
13,-61,9
14,-61,9
14,-61,9
13,-61,10
13,-61,9
14,-60,10
13,-60,9
12,-60,10
13,-60,9
12,-59,8
12,-60,9
13,-61,10
13,-61,9
13,-60,10
14,-60,9
13,-60,9
13,-61,9
14,-61,9
13,-60,9
13,-60,9
13,-60,9
13,-60,9
13,-60,9
14,-60,9
14,-60,10
14,-60,10
14,-60,10
13,-60,9
14,-60,9
14,-60,9
14,-60,9
14,-60,9
14,-60,10
16,-60,11
13,-60,9
15,-61,10
13,-60,9
13,-61,10
12,-61,10
12,-60,10
12,-61,10
12,-60,10
13,-60,10
13,-60,10
13,-61,10
13,-61,10
13,-61,10
13,-61,10
13,-60,10
13,-60,10
13,-61,9
13,-60,10
13,-60,10
13,-60,10
13,-60,10
13,-60,10
13,-60,10
13,-60,10
13,-60,10
13,-61,10
13,-60,11
13,-60,10
13,-60,10
13,-61,10
13,-60,11
13,-60,10
13,-60,10
13,-60,10
13,-60,10
13,-60,10
13,-60,11
12,-60,10
13,-60,10
12,-60,11
12,-60,10
13,-60,10
13,-60,10
13,-60,10
13,-60,10
13,-60,10
13,-60,11
13,-60,11
12,-60,10
13,-60,10
13,-61,10
13,-60,10
13,-60,10
14,-60,10
13,-61,10
14,-60,10
14,-60,10
13,-61,10
13,-60,10
13,-60,10
13,-60,10
13,-60,10
13,-60,10
13,-60,10
13,-60,10
13,-60,10
13,-60,10
13,-60,10
13,-60,10
13,-60,10
13,-60,10
13,-60,10
13,-60,10
13,-60,10
13,-60,10
13,-61,10
13,-60,10
13,-60,10
13,-60,10
13,-60,10
13,-61,10
13,-60,10
13,-60,10
13,-60,10
13,-60,10
13,-60,10
13,-61,10
13,-60,10
13,-60,10
13,-61,10
13,-60,10
13,-60,10
13,-60,10
13,-60,10
13,-60,10
13,-60,10
13,-60,10
13,-60,10
13,-60,10
13,-60,10
13,-60,10
13,-60,10
13,-60,10
13,-60,10
13,-60,10
13,-61,10
13,-60,10
13,-60,10
13,-60,10
14,-60,10
13,-61,10
13,-60,10
13,-60,10
13,-60,10
13,-61,10
13,-60,10
13,-60,10
13,-60,10
13,-60,10
13,-60,10
13,-60,10
13,-60,10
13,-60,10
13,-60,10
13,-60,10
13,-60,10
13,-60,10
13,-60,10
13,-60,10
13,-60,10
13,-60,10
13,-60,10
13,-60,10
13,-60,10
13,-61,10
13,-60,10
12,-60,10
13,-60,10
13,-61,10
13,-60,10
13,-61,10
13,-60,10
13,-60,10
13,-60,10
13,-60,10
13,-60,10
13,-60,10
13,-60,10
13,-61,10
13,-60,10
13,-60,10
13,-60,10
13,-61,10
13,-60,10
13,-60,10
13,-61,10
13,-60,10
13,-60,10
13,-60,10
13,-60,10
13,-60,10
13,-60,10
13,-60,9
13,-61,9
13,-61,10
12,-60,11
12,-60,10
13,-60,10
12,-60,10
13,-61,11
12,-60,10
9,-60,9
16,-60,12
12,-60,10
12,-60,10
12,-61,10
13,-61,10
12,-60,10
13,-61,10
13,-60,10
13,-60,10
12,-61,9
13,-60,10
13,-61,10
12,-61,10
12,-60,10
13,-61,10
13,-60,10
13,-61,10
13,-60,10
12,-61,9
13,-60,10
12,-60,10
13,-59,10
12,-60,10
13,-59,10
13,-60,10
13,-60,10
13,-60,11
14,-61,11
14,-61,10
15,-61,10
15,-61,10
14,-60,9
14,-60,9
14,-60,9
13,-60,9
13,-61,9
12,-61,10
13,-60,10
13,-60,10
13,-60,10
15,-60,10
13,-60,10
12,-60,9
14,-60,10
14,-61,11
13,-60,10
14,-60,9
13,-61,10
13,-60,10
13,-60,10
13,-61,10
13,-60,10
13,-60,10
13,-61,10
14,-60,10
13,-60,10
13,-60,10
13,-60,10
13,-60,10
13,-61,10
13,-61,10
13,-60,10
14,-61,10
14,-61,10
14,-60,10
13,-60,10
13,-60,9
13,-60,10
13,-60,10
13,-60,10
13,-60,11
14,-60,10
14,-60,10
14,-60,10
14,-60,10
14,-60,9
14,-60,10
14,-60,9
14,-60,9
14,-60,10
14,-60,10
14,-60,9
14,-60,9
13,-60,10
14,-60,10
14,-61,10
14,-60,10
14,-60,10
14,-60,10
14,-60,9
14,-60,9
13,-60,10
14,-60,10
14,-61,9
14,-61,9
14,-60,10
14,-60,10
14,-60,9
14,-60,10
14,-60,9
14,-60,9
13,-60,10
13,-60,10
13,-60,9
14,-60,10
14,-60,9
14,-60,9
14,-60,10
14,-60,10
13,-61,9
13,-60,9
13,-60,10
13,-61,9
13,-61,9
13,-60,9
13,-60,10
13,-60,10
14,-60,9
14,-60,9
14,-60,10
14,-61,10
13,-61,9
13,-60,10
14,-60,10
14,-60,10
15,-60,10
14,-60,9
14,-60,10
14,-60,10
13,-60,10
13,-61,9
13,-60,10
14,-60,10
14,-60,10
14,-60,10
14,-60,10
14,-60,9
14,-61,9
14,-60,9
14,-60,10
13,-60,9
14,-60,9
14,-60,10
14,-60,10
14,-60,9
14,-60,10
14,-60,10
13,-61,9
14,-60,10
14,-60,9
14,-60,9
14,-60,10
14,-60,9
14,-60,9
14,-60,9
13,-60,9
13,-60,9
14,-60,10
14,-60,10
14,-60,10
14,-60,9
14,-60,9
14,-61,9
13,-60,9
14,-60,9
14,-60,10
14,-60,9
14,-60,10
14,-60,10
14,-60,9
13,-60,10
14,-60,9
14,-60,10
14,-60,10
14,-60,10
14,-60,9
14,-60,9
14,-60,9
14,-60,10
14,-60,10
14,-60,9
14,-60,10
14,-60,10
14,-61,9
14,-60,10
14,-60,9
13,-60,9
14,-60,10
14,-61,10
14,-60,10
13,-61,9
13,-60,10
14,-60,10
14,-61,9
14,-60,9
14,-60,10
14,-60,9
14,-60,9
15,-60,10
14,-60,10
14,-60,10
14,-60,10
14,-60,10
14,-60,10
14,-60,10
14,-60,10
14,-60,10
14,-60,9
13,-60,10
14,-60,10
14,-60,10
14,-60,10
14,-60,10
14,-60,10
14,-60,9
13,-60,10
14,-60,10
13,-60,10
14,-60,10
14,-60,10
14,-60,10
14,-60,10
13,-60,10
13,-60,10
14,-60,10
14,-60,10
14,-60,10
14,-60,10
14,-60,10
14,-60,9
14,-60,10
14,-60,10
14,-60,10
14,-60,10
14,-60,10
13,-60,10
14,-60,10
14,-60,10
14,-61,9
13,-60,9
14,-60,10
14,-60,9
14,-61,9
14,-60,10
14,-60,10
14,-60,9
14,-60,10
14,-60,10
14,-60,9
14,-60,10
14,-60,9
14,-60,9
14,-60,9
14,-60,9
14,-60,9
14,-60,9
14,-60,10
14,-60,10
14,-60,9
13,-60,9
14,-60,9
14,-60,9
14,-60,9
14,-60,9
14,-60,9
14,-60,9
14,-60,9
14,-61,9
14,-61,9
14,-60,9
13,-60,9
14,-60,9
15,-60,9
14,-60,10
14,-60,9
14,-60,10
14,-60,10
14,-60,9
14,-61,9
14,-60,10
14,-60,10
14,-60,9
14,-60,9
14,-60,9
14,-60,9
14,-60,9
14,-60,10
14,-60,10
14,-60,10
14,-60,9
14,-61,9
14,-60,10
14,-60,10
14,-61,9
14,-60,9
14,-60,10
14,-60,10
14,-60,10
14,-60,9
14,-61,9
14,-60,10
14,-60,10
14,-60,9
14,-60,10
14,-60,10
14,-60,9
14,-60,9
14,-60,9
14,-61,9
14,-60,10
14,-60,10
14,-60,10
14,-60,9
14,-60,9
14,-60,10
14,-60,10
14,-60,10
14,-60,9
14,-60,10
14,-60,10
14,-60,9
14,-60,9
14,-60,9
14,-60,10
14,-60,10
14,-60,9
14,-60,10
14,-60,10
14,-60,10
14,-60,9
14,-60,10
14,-61,10
14,-60,10
14,-60,10
14,-61,10
14,-61,9
14,-60,10
14,-60,10
14,-60,9
14,-60,9
14,-60,10
14,-60,10
14,-60,10
14,-60,9
14,-60,9
14,-60,10
14,-60,9
14,-60,10
14,-60,10
14,-60,10
14,-60,10
14,-60,10
14,-60,9
14,-60,10
13,-60,10
14,-60,10
14,-60,10
14,-60,9
14,-60,9
14,-60,10
14,-60,10
14,-60,10
14,-61,9
14,-60,10
14,-60,10
14,-60,9
14,-60,10
14,-60,10
14,-61,9
14,-60,10
13,-60,10
14,-60,9
14,-60,10
14,-60,10
14,-60,10
14,-61,9
14,-60,10
14,-60,10
14,-60,9
14,-60,9
14,-60,10
13,-60,10
14,-60,10
14,-60,10
14,-60,10
14,-60,10
14,-60,10
14,-60,10
14,-60,10
14,-60,10
14,-60,10
14,-60,10
14,-60,10
14,-60,10
14,-60,10
13,-60,10
14,-60,10
14,-60,10
15,-60,10
14,-60,11
14,-60,10
13,-60,10
13,-60,10
14,-60,10
14,-60,10
14,-60,10
14,-60,10
14,-60,10
14,-60,10
14,-60,10
15,-61,10
14,-60,10
14,-60,10
14,-60,10
14,-60,10
14,-60,10
14,-60,10
14,-60,10
14,-60,10
14,-60,10
14,-60,10
14,-60,10
14,-60,10
14,-60,10
14,-60,10
14,-60,11
14,-60,10
14,-60,10
14,-60,10
14,-60,11
14,-60,10
14,-60,10
14,-60,10
14,-60,10
14,-60,10
14,-60,10
14,-60,10
14,-60,10
14,-60,10
14,-60,10
14,-61,10
14,-60,10
14,-60,11
14,-60,11
14,-60,10
14,-60,10
14,-60,10
14,-60,10
15,-60,10
15,-60,10
14,-60,10
14,-60,10
14,-60,10
14,-60,10
14,-61,10
14,-60,10
14,-60,10
14,-60,10
14,-60,10
14,-60,10
14,-60,10
14,-60,10
14,-60,10
14,-60,10
14,-60,10
14,-60,10
14,-60,10
14,-60,10
14,-60,10
14,-60,10
14,-60,10
14,-60,10
14,-60,10
14,-60,10
14,-60,10
14,-60,10
14,-60,10
14,-60,10
14,-60,10
14,-60,10
14,-60,10
15,-60,10
14,-60,10
14,-60,10
14,-60,10
14,-60,10
14,-60,10
14,-60,10
14,-60,10
15,-60,10
15,-60,10
15,-60,10
14,-60,10
14,-60,10
14,-60,10
14,-60,10
14,-60,10
14,-60,10
14,-60,10
14,-60,10
14,-60,10
14,-60,10
15,-60,10
14,-60,10
14,-60,10
14,-60,10
14,-60,10
14,-60,10
14,-60,10
14,-60,10
14,-60,10
14,-60,10
14,-60,10
15,-60,10
14,-60,10
14,-60,10
14,-60,10
14,-60,10
14,-60,10
14,-60,10
15,-60,10
15,-60,11
14,-60,10
14,-60,10
14,-60,10
14,-61,10
15,-60,10
14,-60,10
14,-60,10
14,-60,10
14,-60,10
14,-60,10
14,-60,10
14,-60,10
14,-60,10
14,-60,10
14,-60,10
14,-60,10
14,-60,10
14,-60,10
14,-60,10
14,-60,10
14,-60,10
14,-60,10
14,-60,10
14,-60,10
15,-60,10
15,-60,11
14,-60,10
14,-60,10
15,-60,10
15,-60,11
15,-60,11
14,-60,10
15,-60,9
14,-60,10
14,-60,10
14,-60,10
14,-60,10
14,-60,10
14,-60,10
14,-60,10
15,-60,10
14,-60,10
15,-60,10
15,-60,11
14,-60,10
14,-60,10
14,-60,11
14,-60,10
14,-60,11
14,-60,11
14,-60,11
14,-60,10
14,-60,11
14,-60,11
14,-60,11
14,-60,11
14,-60,11
15,-60,10
14,-60,10
14,-60,11
14,-60,10
14,-60,10
15,-60,11
14,-60,10
14,-60,10
14,-60,10
14,-60,11
15,-60,10
15,-60,10
15,-60,11
14,-60,10
14,-60,10
14,-60,10
14,-60,10
14,-60,10
15,-60,11
14,-60,10
15,-60,10
15,-60,10
14,-60,10
14,-60,10
15,-60,10
15,-60,10
15,-60,10
15,-60,10
14,-60,10
14,-60,10
14,-60,10
14,-60,10
15,-60,10
14,-60,10
15,-60,10
14,-60,10
14,-60,10
14,-60,10
15,-60,10
15,-60,10
14,-60,10
14,-60,10
14,-60,10
14,-60,10
15,-60,10
15,-60,10
14,-60,10
14,-60,10
14,-60,10
14,-60,10
15,-60,10
15,-60,11
15,-60,10
15,-60,10
14,-60,10
14,-60,10
14,-60,10
15,-60,10
15,-60,10
14,-60,10
14,-60,10
14,-60,10
14,-60,10
15,-60,10
14,-60,10
14,-60,10
14,-60,10
15,-60,10
14,-60,10
14,-60,10
14,-60,10
15,-60,10
14,-60,10
15,-60,10
14,-60,10
15,-60,10
14,-60,10
15,-60,10
15,-60,10
15,-60,11
15,-60,10
14,-60,10
14,-60,10
14,-60,10
15,-60,10
14,-60,10
15,-60,10
14,-60,10
15,-60,10
14,-60,10
14,-60,10
14,-60,10
14,-60,10
15,-60,10
14,-60,10
14,-60,10
14,-60,10
14,-60,10
14,-60,10
14,-60,10
14,-60,10
14,-60,10
15,-60,10
14,-60,10
14,-60,10
14,-60,10
14,-60,10
15,-60,10
15,-60,11
15,-60,10
14,-60,10
14,-60,10
15,-60,10
15,-60,10
15,-60,10
14,-60,10
14,-60,10
15,-60,10
15,-60,11
15,-60,10
15,-60,12
16,-60,11
17,-59,16
16,-60,16
16,-60,11
16,-61,8
13,-60,15
20,-62,7
15,-62,7
12,-59,5
14,-61,2
9,-58,1
10,-59,-2
6,-59,-4
3,-60,-11
1,-59,-13
0,-60,-18
-4,-60,-22
-4,-59,-20
-8,-55,-19
-8,-55,-21
-12,-54,-26
-13,-54,-28
-18,-54,-36
-23,-55,-39
-24,-54,-37
-25,-55,-34
-25,-55,-32
-22,-55,-32
-20,-55,-30
-15,-54,-25
-10,-55,-24
-8,-55,-24
-5,-55,-21
-5,-56,-21
-5,-57,-25
-5,-58,-28
-5,-58,-30
-6,-58,-31
-7,-58,-29
-7,-57,-28
-8,-57,-27
-8,-56,-25
-7,-55,-23
-7,-56,-25
-7,-56,-28
-6,-55,-28
-4,-57,-26
-4,-58,-27
-4,-58,-27
-4,-57,-26
-4,-57,-26
-4,-56,-26
-4,-56,-25
-4,-57,-25
-5,-57,-26
-5,-57,-25
-6,-57,-26
-7,-57,-26
-7,-56,-25
-7,-56,-26
-7,-56,-25
-6,-56,-23
-5,-56,-22
-6,-57,-22
-6,-56,-24
-6,-55,-25
-3,-53,-24
-3,-54,-27
3,-53,-30
5,-51,-30
10,-48,-32
23,-46,-34
27,-44,-37
25,-41,-34
27,-43,-32
33,-45,-27
33,-44,-24
35,-44,-22
34,-43,-23
44,-43,-12
50,-41,-10
50,-40,-7
56,-32,9
57,-30,13
53,-23,24
49,-11,33
50,-6,39
40,-2,44
41,1,51
37,5,56
37,6,59
35,8,63
34,7,62
32,6,62
27,6,62
25,6,62
22,8,62
15,12,56
15,13,51
17,12,51
27,17,66
12,11,64
13,9,64
19,10,63
19,8,60
23,9,60
15,11,59
17,12,58
16,11,58
23,12,60
22,11,61
21,9,60
22,10,59
22,10,60
21,10,59
24,10,58
24,11,59
23,10,59
27,10,58
26,10,57
25,10,58
25,10,57
23,10,57
26,9,58
25,10,57
23,10,60
27,10,58
27,9,58
26,10,57
26,10,57
26,9,59
25,9,57
28,9,57
27,9,56
26,9,57
26,10,58
25,10,57
26,10,57
27,10,57
26,9,57
26,10,58
24,10,58
27,9,57
26,9,56
26,10,59
26,10,58
26,10,58
27,9,57
26,9,57
27,9,57
27,9,57
26,9,57
27,10,58
26,9,57
27,10,58
27,9,58
26,9,57
26,9,57
26,9,57
27,9,57
26,9,57
26,9,58
27,9,58
27,10,58
28,9,58
27,9,57
28,10,56
27,10,56
27,9,56
28,9,56
27,9,56
27,10,57
27,9,57
27,9,57
27,9,56
28,9,57
27,9,57
27,9,56
28,9,57
28,9,58
28,9,56
27,10,56
28,9,56
28,10,57
28,9,56
28,9,56
28,9,56
28,9,56
28,9,57
28,9,56
28,9,56
28,9,56
28,10,56
28,9,56
28,9,56
28,9,56
28,9,57
28,9,56
28,9,56
28,9,56
28,9,56
28,9,56
27,9,56
28,9,56
28,9,56
27,9,56
28,9,57
27,9,57
28,9,56
28,9,56
27,9,57
27,9,56
28,9,57
28,9,56
27,9,57
28,9,57
28,9,56
28,9,56
28,9,57
28,9,57
28,10,57
28,9,57
28,9,56
28,9,56
27,10,56
27,10,58
27,10,57
27,10,56
27,9,57
27,9,57
27,10,56
27,10,56
26,9,56
27,10,56
28,9,57
28,9,57
28,9,57
27,9,56
28,9,56
26,9,56
27,9,57
28,9,57
28,9,57
28,9,57
27,9,58
27,9,57
28,9,57
30,9,57
28,8,57
28,9,57
26,9,57
27,9,55
25,9,55
26,9,56
28,9,56
25,9,56
26,9,57
28,9,58
27,10,59
30,10,57
29,9,57
25,9,59
28,9,58
28,9,55
26,9,56
26,9,56
25,9,57
26,9,57
27,9,56
26,9,56
27,9,57
25,9,57
25,9,57
27,9,58
26,9,57
29,9,57
28,9,57
27,9,57
28,9,57
27,9,57
27,9,57
27,8,56
28,9,56
26,9,58
27,9,57
27,9,57
27,9,56
27,9,57
27,9,57
27,9,57
27,9,56
28,9,56
28,9,57
27,9,57
27,9,57
27,9,57
28,9,56
28,10,56
28,10,56
27,10,57
28,10,58
27,10,58
26,10,58
26,9,59
23,10,58
23,10,59
22,10,59
24,11,59
23,10,59
21,9,60
21,6,59
20,6,61
19,6,61
19,5,63
18,4,65
18,4,63
18,5,65
18,4,65
18,4,66
15,4,66
12,1,61
11,1,63
7,1,64
5,2,63
6,0,54
7,-1,55
9,-2,55
7,-3,48
7,-7,40
9,-8,39
12,-11,41
14,-10,45
18,-13,46
31,-12,60
33,-11,63
36,-6,53
41,-2,48
59,8,38
73,8,38
99,12,51
56,16,42
61,15,35
66,11,19
71,6,20
75,1,13
71,-2,7
66,-9,2
65,-12,-6
63,-14,-6
62,-17,-6
60,-17,-6
54,-19,-8
49,-19,-6
46,-20,-11
46,-19,-9
46,-21,-10
50,-21,-10
49,-23,-12
49,-24,-13
51,-25,-14
51,-25,-13
58,-32,-9
56,-30,-8
48,-28,-10
53,-25,-16
53,-25,-19
59,-24,-18
58,-24,-17
62,-25,-18
59,-24,-16
57,-23,-17
55,-23,-21
57,-23,-19
53,-21,-20
55,-21,-19
55,-22,-19
54,-22,-19
54,-22,-18
54,-23,-17
53,-23,-16
54,-23,-16
53,-22,-16
55,-23,-16
55,-24,-16
55,-24,-16
56,-23,-16
56,-23,-16
56,-23,-16
55,-23,-16
55,-24,-15
55,-23,-15
55,-24,-15
55,-23,-14
55,-23,-15
55,-24,-16
54,-24,-15
55,-24,-14
55,-23,-13
55,-23,-14
55,-24,-15
55,-24,-14
54,-23,-15
56,-24,-14
55,-24,-14
55,-24,-15
55,-24,-15
55,-24,-14
55,-23,-14
55,-24,-15
56,-24,-14
55,-23,-15
55,-23,-15
55,-24,-14
55,-24,-14
55,-24,-15
55,-24,-15
55,-24,-15
55,-24,-14
55,-24,-15
55,-23,-15
55,-23,-14
55,-24,-15
55,-23,-15
55,-23,-14
55,-23,-14
55,-24,-15
56,-24,-15
56,-24,-15
55,-24,-14
55,-24,-14
55,-23,-14
54,-23,-14
55,-23,-15
56,-24,-15
55,-24,-15
56,-23,-14
56,-23,-14
57,-23,-14
57,-23,-14
56,-23,-15
56,-23,-14
55,-23,-15
55,-23,-15
55,-22,-14
54,-22,-15
55,-22,-14
55,-22,-15
56,-23,-14
56,-23,-14
56,-22,-14
55,-22,-14
55,-22,-14
55,-22,-14
55,-22,-14
56,-22,-14
55,-23,-15
56,-23,-15
56,-23,-14
56,-23,-15
56,-23,-15
55,-23,-14
56,-23,-15
56,-23,-15
56,-23,-14
55,-22,-14
55,-22,-15
55,-23,-15
56,-23,-14
56,-23,-15
56,-23,-15
56,-23,-15
55,-23,-15
55,-23,-15
56,-22,-15
55,-23,-15
55,-22,-15
55,-23,-15
55,-23,-15
55,-22,-15
56,-23,-15
55,-23,-15
56,-23,-15
56,-23,-15
55,-22,-15
56,-22,-15
55,-22,-15
55,-22,-15
55,-22,-15
56,-23,-15
56,-23,-15
55,-22,-15
55,-22,-15
56,-23,-15
55,-22,-15
55,-23,-15
55,-22,-15
55,-23,-15
55,-23,-15
56,-23,-16
55,-22,-15
55,-23,-15
55,-22,-15
55,-23,-15
55,-23,-15
55,-22,-15
55,-23,-15
55,-22,-15
55,-22,-15
55,-22,-15
55,-23,-16
55,-22,-16
56,-23,-15
55,-23,-15
56,-22,-15
55,-23,-16
55,-22,-16
55,-22,-15
55,-22,-15
55,-22,-16
55,-22,-16
55,-23,-15
55,-23,-15
55,-23,-15
56,-23,-15
56,-23,-15
56,-23,-15
55,-23,-15
55,-22,-15
55,-22,-15
55,-22,-15
55,-22,-15
55,-22,-15
55,-22,-14
55,-22,-15
56,-23,-15
55,-22,-15
55,-23,-14
56,-22,-15
56,-22,-15
56,-22,-15
55,-22,-15
56,-22,-15
55,-22,-15
56,-22,-15
55,-23,-15
56,-23,-15
55,-22,-15
55,-22,-15
56,-22,-15
55,-22,-15
56,-22,-15
56,-22,-15
56,-22,-15
55,-22,-15
56,-22,-15
55,-22,-15
55,-22,-15
55,-22,-15
55,-22,-15
56,-22,-16
56,-22,-15
55,-22,-15
55,-22,-15
55,-22,-15
55,-22,-15
56,-22,-15
56,-23,-15
55,-22,-15
56,-22,-15
66,-22,-8
79,-24,-2
123,-26,8
115,-22,-4
105,-27,-12
106,-29,1
43,-43,-8
25,-54,-19
11,-50,-14
11,-36,-3
11,-33,-3
34,-30,4
9,-25,40
11,-26,47
28,-35,34
30,-37,31
24,-33,37
14,-34,28
9,-46,24
-19,-55,8
-25,-56,11
-9,-45,22
8,-54,28
-17,-46,22
-23,-46,17
-20,-49,10
-10,-50,4
2,-52,1
6,-56,0
13,-56,-3
31,-64,-4
26,-65,-17
28,-65,-19
29,-67,-12
20,-64,-15
32,-58,-10
36,-57,-7
31,-63,-16
39,-68,-16
36,-65,-20
29,-52,-25
37,-46,-20
32,-44,-24
35,-45,-27
34,-47,-29
27,-48,-28
26,-51,-32
27,-54,-32
26,-54,-32
22,-50,-35
19,-48,-33
17,-47,-31
18,-47,-33
22,-49,-32
20,-50,-31
19,-50,-30
21,-49,-31
23,-49,-31
22,-48,-31
22,-49,-32
22,-48,-32
23,-49,-31
22,-50,-31
23,-49,-31
23,-48,-30
23,-48,-30
24,-49,-31
25,-51,-34
30,-51,-34
30,-51,-30
33,-52,-25
34,-54,-26
35,-57,-30
33,-58,-22
31,-59,-22
34,-59,-21
27,-56,-16
24,-54,-15
26,-49,-12
25,-43,-6
27,-38,-4
50,-33,7
49,-34,7
52,-32,5
58,-33,8
60,-38,10
55,-42,7
47,-46,8
30,-45,9
30,-44,7
34,-48,-5
35,-49,-5
36,-48,-10
37,-59,-23
42,-52,-22
48,-44,-12
51,-38,-7
48,-34,0
46,-32,2
55,-34,3
59,-33,8
52,-33,1
68,-31,4
77,-28,4
67,-28,1
53,-29,10
50,-34,4
43,-42,2
36,-40,-1
39,-20,46
67,-13,25
69,-29,9
69,-38,11
63,-40,12
35,-44,10
35,-44,9
33,-37,18
36,-35,20
42,-29,20
40,-24,8
44,-20,9
48,-17,9
43,-15,3
50,-10,9
52,-10,8
47,-5,4
64,-4,17
64,-4,16
56,1,12
68,2,23
66,3,17
68,5,17
67,6,19
69,7,17
67,9,18
63,9,18
64,12,21
63,14,19
55,16,11
58,18,13
60,21,12
56,22,7
63,24,9
55,26,3
52,25,2
63,25,5
63,27,1
64,22,5
54,27,5
57,27,8
52,30,10
57,32,14
55,33,10
54,35,13
54,36,12
50,38,13
47,36,10
50,35,10
47,35,11
49,36,12
49,37,11
47,38,10
53,39,13
46,40,10
50,40,10
52,41,9
52,41,8
58,42,3
59,42,-2
73,42,-11
83,41,-10
80,30,-19
77,26,-24
75,20,-22
63,5,-15
59,5,-8
47,-3,-1
45,-9,1
44,-4,6
43,-2,9
41,-6,7
55,-2,6
59,-2,7
54,-3,11
62,-9,-3
64,-11,-7
64,-16,-6
59,-19,-5
55,-22,-1
56,-22,-1
56,-22,-2
57,-21,-1
54,-19,-5
56,-17,-7
56,-16,-6
55,-13,-5
55,-12,-4
59,-10,-1
64,-9,2
65,-7,1
65,-5,-1
66,-6,0
65,-5,2
63,-6,1
65,-5,0
65,-5,-2
65,-3,-2
65,-4,-4
65,-3,-5
68,-2,-1
68,-3,-2
66,0,1
59,-4,-2
55,-5,-4
56,-8,-4
57,-10,-6
57,-14,-12
62,-14,-7
60,-12,-2
48,-14,-4
47,-18,-9
51,-17,-9
66,-19,-6
75,-19,-7
95,-33,-12
101,-36,3
91,-63,17
89,-64,15
74,-50,11
40,-38,9
29,-29,8
8,-17,19
0,-27,24
-9,-25,21
-8,-24,24
-6,-23,25
2,-22,33
-4,-29,39
-9,-51,38
-2,-55,52
-7,-51,47
-8,-52,39
-6,-50,32
-3,-50,23
1,-46,18
10,-43,8
22,-40,7
48,-34,8
43,-39,7
49,-40,6
62,-42,7
58,-43,6
64,-38,-1
72,-34,-2
71,-33,-6
66,-32,-10
59,-32,-13
52,-34,-17
53,-35,-16
49,-31,-21
48,-34,-20
52,-34,-18
53,-36,-20
51,-34,-22
55,-31,-21
59,-31,-21
54,-30,-21
52,-31,-19
51,-30,-18
50,-31,-17
52,-30,-18
52,-27,-16
55,-27,-13
58,-29,-17
52,-25,-27
51,-25,-24
59,-30,-16
62,-29,-12
55,-27,-12
54,-19,-13
57,-18,-12
62,-19,-9
62,-20,-10
59,-23,-14
58,-24,-12
55,-24,-15
51,-24,-12
51,-25,-11
54,-26,-8
56,-26,-7
58,-25,-7
57,-24,-10
58,-23,-10
55,-21,-8
54,-21,-5
61,-20,-3
63,-19,-2
64,-15,-4
61,-13,-6
63,-13,-4
60,-17,-3
61,-18,-3
60,-19,-7
59,-20,-9
62,-20,-8
58,-20,-10
56,-22,-12
60,-25,-12
60,-27,-12
60,-29,-13
58,-30,-14
58,-33,-15
53,-40,-18
53,-41,-18
50,-45,-15
47,-46,-14
41,-52,-12
42,-59,-8
41,-64,-7
33,-69,-8
28,-71,-10
23,-69,-10
9,-64,-12
11,-62,-12
15,-52,2
12,-43,7
-10,-37,14
-13,-40,19
-16,-39,20
-21,-44,18
-14,-44,26
-9,-46,29
-14,-47,23
-17,-47,18
-17,-51,17
-13,-53,15
-9,-61,12
-2,-63,10
9,-63,9
8,-60,8
19,-59,1
29,-63,-1
27,-59,0
35,-59,-6
45,-58,2
34,-53,5
40,-49,2
55,-46,6
47,-42,4
60,-40,7
56,-40,4
53,-40,5
55,-39,3
54,-34,-1
