1520866167.000000, 1520866167.000000, 1520866167.000000
32.000000, 32.000000, 32.000000
13,-59,8
15,-59,10
19,-59,14
22,-58,15
14,-60,4
12,-61,6
13,-60,12
11,-61,9
11,-61,5
13,-62,3
13,-62,1
16,-60,3
17,-60,7
16,-58,16
10,-59,13
20,-59,15
25,-59,16
19,-59,9
14,-61,4
15,-60,5
12,-60,7
12,-61,8
16,-60,8
18,-60,7
19,-59,7
19,-59,10
17,-59,10
13,-61,7
14,-60,8
15,-60,8
16,-60,9
16,-59,10
14,-61,7
14,-60,8
11,-61,6
14,-60,7
16,-60,8
17,-60,8
15,-60,7
15,-60,8
15,-60,8
15,-61,8
15,-60,8
14,-60,8
14,-60,9
12,-60,9
11,-61,9
12,-60,8
13,-61,8
17,-60,9
17,-59,10
16,-60,11
14,-60,11
12,-61,9
14,-60,8
14,-60,9
14,-60,9
14,-60,10
14,-60,9
13,-60,8
14,-61,8
14,-60,8
14,-60,8
15,-60,9
15,-60,8
15,-60,9
15,-60,8
15,-60,8
15,-60,9
15,-60,9
16,-60,9
17,-60,9
17,-60,9
17,-60,9
18,-60,8
18,-60,8
21,-59,9
17,-60,10
10,-60,7
11,-61,4
15,-61,5
17,-60,6
20,-59,10
21,-59,12
14,-60,8
14,-61,6
14,-61,5
18,-59,9
21,-60,10
13,-60,10
10,-61,7
11,-61,6
17,-59,8
20,-59,10
19,-59,11
14,-60,10
11,-60,9
15,-60,8
16,-59,9
18,-60,11
17,-60,11
15,-60,8
15,-60,8
14,-60,10
13,-61,9
13,-61,7
17,-60,7
18,-60,8
21,-59,10
17,-59,10
15,-60,9
15,-60,8
16,-60,8
18,-60,8
18,-60,7
18,-60,8
18,-60,9
17,-60,9
18,-60,8
19,-59,8
18,-59,8
18,-60,8
18,-60,8
18,-60,7
17,-60,7
16,-60,8
15,-60,9
16,-60,8
18,-60,8
18,-60,8
17,-60,9
17,-59,8
16,-60,8
16,-60,8
15,-60,9
15,-60,9
15,-60,9
16,-60,9
16,-60,9
14,-60,9
15,-60,9
16,-60,9
16,-60,9
15,-60,9
15,-60,9
15,-60,9
15,-60,10
15,-60,10
15,-60,9
15,-60,9
15,-60,9
16,-60,9
17,-60,9
17,-59,9
15,-60,9
15,-60,9
17,-60,9
17,-60,10
16,-60,9
16,-60,8
16,-60,9
16,-60,9
16,-60,9
17,-60,9
16,-60,8
16,-60,9
15,-60,9
15,-60,9
16,-60,9
16,-60,9
17,-60,9
16,-60,9
16,-60,9
15,-60,9
15,-60,9
16,-60,9
16,-60,9
15,-60,9
16,-60,9
16,-60,9
16,-60,9
16,-60,9
16,-60,9
16,-60,9
16,-60,9
15,-60,9
16,-60,9
16,-60,9
15,-60,9
15,-60,9
15,-60,10
16,-60,9
16,-60,10
16,-60,9
15,-60,9
15,-60,9
16,-60,9
15,-60,10
15,-60,9
16,-60,9
16,-60,9
15,-60,9
15,-60,9
15,-60,9
16,-60,9
15,-60,9
16,-60,9
16,-60,10
15,-60,9
16,-60,9
16,-60,9
15,-60,9
15,-60,9
16,-60,9
16,-60,9
15,-60,9
16,-60,9
16,-60,9
15,-60,9
16,-60,9
16,-60,10
16,-60,9
16,-60,9
15,-60,9
16,-60,9
16,-60,9
16,-60,9
16,-60,10
15,-60,9
15,-60,9
15,-60,10
14,-59,12
17,-60,12
18,-60,10
16,-59,13
13,-60,9
15,-60,7
16,-59,6
10,-60,6
13,-60,4
21,-62,2
22,-62,1
15,-60,3
12,-61,7
13,-60,12
13,-59,13
15,-60,14
14,-60,8
14,-59,8
12,-60,9
11,-62,5
19,-60,3
16,-59,10
17,-60,13
16,-60,9
16,-62,5
16,-59,5
12,-61,7
16,-60,10
13,-60,7
17,-60,7
15,-60,4
15,-61,3
14,-60,3
16,-60,10
19,-60,13
20,-60,9
19,-59,6
16,-60,9
14,-59,12
12,-60,10
15,-60,5
16,-60,5
15,-61,1
15,-62,-1
21,-61,-2
21,-60,1
14,-60,5
15,-60,7
17,-60,8
18,-59,8
17,-60,8
18,-59,8
15,-63,1
13,-61,-1
15,-61,3
16,-61,5
15,-60,4
15,-61,3
16,-60,5
12,-61,4
12,-61,4
15,-60,5
19,-60,5
19,-60,3
19,-59,6
22,-59,8
22,-59,9
20,-59,9
14,-60,6
13,-60,6
15,-60,8
16,-60,6
14,-61,4
14,-60,4
14,-60,4
13,-61,1
12,-60,2
18,-60,9
18,-59,8
15,-60,6
18,-60,7
17,-59,6
17,-61,5
13,-61,4
16,-60,5
21,-59,8
20,-59,8
18,-60,7
19,-59,7
21,-60,7
16,-60,6
13,-60,4
16,-60,5
18,-59,8
15,-60,9
14,-60,9
17,-59,10
19,-60,9
17,-60,9
16,-61,6
16,-60,6
15,-61,4
21,-59,7
19,-58,9
17,-60,11
20,-59,12
15,-60,7
15,-60,7
17,-60,8
18,-60,7
14,-60,4
18,-59,7
20,-59,7
17,-60,5
13,-59,7
5,-60,7
2,-63,-1
5,-62,-8
18,-56,-3
15,-47,-3
23,-57,1
27,-53,4
26,-57,5
8,-57,-3
7,-67,-4
9,-67,-4
5,-72,0
4,-75,-6
3,-72,-13
-8,-72,-20
-7,-77,-14
-20,-75,-16
-44,-79,-17
-46,-61,-6
-41,-62,4
-26,-58,11
-24,-59,6
-12,-52,-4
-4,-49,-8
9,-47,-16
18,-45,-25
22,-46,-26
22,-41,-9
26,-42,-7
28,-45,-2
32,-51,2
32,-56,1
24,-49,-10
5,-54,-12
0,-54,-11
1,-56,-14
-6,-63,-16
-14,-64,-16
-18,-63,-16
-23,-66,-7
-24,-67,-8
-17,-69,-12
-20,-67,-9
-27,-64,-9
-24,-62,-11
-25,-60,-14
-21,-56,-15
-22,-54,-15
-25,-54,-19
-29,-54,-21
-28,-57,-22
-9,-61,-25
-6,-59,-17
-2,-61,1
-5,-65,1
10,-69,12
8,-62,18
8,-62,15
14,-66,7
16,-62,8
18,-64,2
12,-58,10
6,-59,11
5,-68,-2
8,-63,-3
8,-60,1
9,-62,-4
9,-55,4
4,-60,-7
5,-60,-11
12,-56,1
19,-55,5
19,-58,8
14,-66,4
14,-61,4
19,-60,8
18,-64,4
20,-60,3
15,-62,-3
6,-59,-2
20,-60,9
16,-60,-2
21,-60,-3
27,-59,-1
25,-60,-11
25,-59,-8
18,-61,-6
18,-59,1
16,-59,2
16,-60,-2
17,-60,-2
17,-59,-2
17,-60,-3
19,-59,-4
22,-60,-5
22,-60,-5
18,-60,-4
18,-60,-3
18,-60,-4
18,-60,-6
20,-60,-5
19,-58,3
16,-59,4
17,-58,7
17,-58,7
19,-59,8
20,-59,5
21,-58,4
23,-58,4
21,-57,4
22,-61,-8
35,-56,-1
31,-55,2
20,-59,0
20,-58,3
23,-57,6
22,-58,4
26,-56,6
26,-57,5
27,-56,6
29,-56,9
22,-58,4
25,-57,5
26,-56,4
33,-56,6
24,-54,4
19,-56,2
22,-58,1
22,-55,0
30,-58,-3
29,-54,1
27,-55,2
30,-57,-3
27,-57,-7
31,-55,-3
25,-55,-7
12,-56,-18
27,-58,-5
43,-56,7
36,-56,-2
27,-58,-13
18,-55,-19
24,-61,-28
33,-56,-21
23,-49,-11
17,-62,-11
31,-56,4
28,-56,1
35,-56,12
20,-56,10
10,-58,3
22,-61,-21
24,-58,-29
38,-55,-8
16,-57,-11
3,-62,-20
25,-57,9
20,-57,6
29,-57,12
25,-55,11
0,-62,-25
29,-56,-6
23,-58,-1
29,-58,10
28,-59,6
28,-57,4
17,-59,-15
17,-57,-8
17,-59,-2
18,-57,3
24,-58,4
23,-58,3
36,-61,-7
36,-62,-20
21,-54,-22
-11,-49,-34
-6,-46,-21
-16,-47,-17
-17,-46,-19
-16,-39,-3
-26,-44,6
-33,-47,5
-41,-35,16
-39,-30,25
-34,-8,49
-50,-6,56
-64,-9,62
-70,-13,68
-71,-7,67
-70,-10,49
-59,-4,44
-46,3,42
-37,6,45
-52,10,46
-55,8,40
-49,2,45
-30,15,53
-30,6,48
-34,7,38
-35,5,47
-43,4,50
-48,2,51
-51,-2,42
-49,-7,44
-47,-11,59
-45,-8,55
-42,-6,42
-47,-7,41
-47,-2,42
-50,-4,40
-47,-5,41
-42,-5,47
-42,-4,49
-43,-4,46
-43,-4,46
-43,-4,47
-43,-4,47
-43,-3,47
-41,-3,49
-41,-3,49
-42,-3,49
-42,-3,48
-42,-3,49
-41,-3,49
-40,-3,49
-40,-3,49
-41,-3,49
-41,-4,48
-41,-3,48
-41,-3,48
-41,-3,49
-41,-3,49
-41,-4,49
-40,-4,49
-41,-4,48
-41,-4,48
-41,-4,48
-41,-4,49
-41,-3,49
-41,-3,48
-41,-3,49
-41,-3,49
-41,-4,49
-41,-3,48
-41,-4,48
-41,-3,49
-41,-4,49
-41,-3,49
-41,-4,48
-41,-4,49
-41,-4,48
-41,-4,49
-41,-3,49
-41,-4,49
-41,-3,49
-41,-3,49
-41,-4,49
-41,-4,49
-41,-4,49
-41,-4,48
-41,-4,49
-41,-4,49
-41,-4,49
-41,-4,49
-41,-3,49
-41,-3,49
-41,-4,49
-41,-3,49
-41,-3,49
-41,-4,49
-41,-3,49
-41,-3,49
-41,-4,49
-41,-3,49
-41,-3,49
-41,-3,49
-41,-3,49
-41,-4,49
-41,-3,49
-41,-3,49
-41,-3,49
-41,-3,49
-41,-3,49
-41,-3,49
-40,-3,49
-42,-4,48
-42,-4,48
-41,-4,48
-41,-4,48
-40,-3,50
-41,-3,50
-41,-3,50
-40,-4,48
-40,-4,48
-40,-4,49
-40,-4,49
-41,-4,49
-40,-4,49
-41,-4,49
-41,-3,49
-40,-4,49
-41,-4,48
-41,-4,48
-42,-3,49
-40,-3,49
-41,-4,49
-40,-3,49
-40,-3,49
-40,-3,49
-40,-3,49
-40,-3,49
-41,-3,49
-40,-3,50
-40,-4,49
-40,-4,49
-41,-3,49
-40,-4,50
-40,-3,50
-40,-3,50
-40,-4,49
-40,-3,49
-40,-3,49
-40,-3,49
-40,-3,49
-40,-4,49
-40,-4,50
-41,-4,49
-40,-3,49
-40,-3,49
-40,-3,49
-40,-3,50
-40,-3,50
-40,-3,50
-40,-4,50
-40,-3,50
-40,-3,49
-40,-3,50
-40,-3,49
-40,-3,49
-40,-3,49
-40,-3,49
-40,-3,50
-40,-3,50
-40,-3,50
-40,-3,50
-39,-3,50
-40,-3,50
-40,-3,50
-39,-3,49
-40,-3,50
-40,-3,50
-39,-3,50
-40,-3,50
-40,-3,50
-40,-3,50
-40,-3,50
-40,-3,50
-40,-3,50
-40,-3,50
-40,-3,49
-40,-3,50
-40,-3,49
-39,-3,50
-40,-3,50
-40,-4,50
-40,-3,50
-40,-3,49
-40,-3,50
-40,-3,50
-40,-3,50
-40,-3,50
-40,-3,50
-40,-3,50
-40,-3,50
-40,-3,50
-40,-3,50
-40,-3,50
-40,-3,50
-40,-3,50
-40,-3,50
-40,-3,50
-40,-3,50
-40,-3,50
-40,-3,50
-40,-3,50
-40,-3,50
-40,-3,50
-40,-3,50
-40,-3,50
-40,-3,50
-40,-3,50
-40,-3,49
-40,-3,50
-40,-3,50
-40,-3,50
-40,-3,50
-40,-3,50
-40,-3,49
-40,-3,50
-40,-3,50
-40,-3,50
-40,-3,50
-40,-3,50
-40,-3,50
-40,-3,50
-40,-3,50
-40,-3,50
-40,-3,50
-39,-3,50
-40,-3,50
-40,-3,50
-40,-3,50
-40,-3,50
-40,-3,50
-40,-3,50
-40,-3,50
-40,-3,50
-40,-3,50
-40,-3,50
-40,-3,50
-40,-3,50
-40,-3,50
-40,-3,50
-40,-3,50
-39,-3,50
-40,-3,50
-40,-3,50
-40,-3,50
-39,-3,50
-40,-3,50
-40,-3,50
-40,-3,50
-40,-3,50
-39,-3,50
-40,-3,50
-40,-3,50
-40,-3,50
-40,-3,50
-40,-3,50
-40,-3,50
-40,-3,50
-40,-3,49
-39,-3,50
-40,-3,50
-40,-3,50
-40,-3,50
-40,-3,50
-40,-3,50
-40,-3,50
-40,-3,50
-40,-3,50
-40,-3,50
-40,-3,50
-40,-3,49
-40,-3,50
-40,-3,50
-40,-3,50
-40,-3,50
-40,-3,50
-40,-3,50
-40,-3,50
-40,-3,50
-40,-3,50
-39,-3,50
-40,-3,50
-40,-3,50
-40,-3,50
-40,-3,50
-40,-3,50
-40,-3,50
-39,-3,50
-40,-3,50
-40,-3,50
-40,-3,50
-40,-3,50
-40,-3,50
-40,-3,50
-40,-4,50
-40,-3,50
-40,-3,50
-40,-3,50
-40,-3,50
-39,-3,50
-40,-3,50
-40,-3,50
-40,-3,50
-40,-3,50
-40,-3,50
-40,-3,50
-39,-3,50
-40,-3,50
-40,-3,50
-39,-3,50
-40,-3,50
-39,-3,50
-40,-3,50
-40,-3,50
-40,-3,50
-40,-3,50
-40,-3,50
-40,-3,50
-40,-3,50
-40,-3,50
-40,-3,50
-40,-3,50
-40,-3,50
-40,-3,50
-40,-3,50
-40,-3,50
-40,-3,50
-40,-3,50
-40,-3,50
-40,-3,50
-39,-3,50
-40,-3,50
-39,-3,50
-40,-3,50
-40,-3,50
-40,-3,50
-40,-3,50
-40,-3,50
-40,-3,50
-40,-3,50
-40,-3,50
-40,-3,50
-40,-3,50
-40,-3,50
-39,-3,50
-40,-3,50
-40,-3,50
-40,-3,50
-40,-3,50
-40,-3,50
-40,-3,50
-40,-3,50
-40,-3,50
-40,-3,50
-39,-3,50
-39,-3,50
-40,-3,50
-40,-3,50
-40,-3,50
-40,-3,49
-40,-3,50
-39,-3,50
-40,-3,50
-39,-3,50
-40,-3,50
-40,-3,50
-40,-3,50
-40,-3,50
-40,-3,50
-40,-3,50
-40,-3,50
-40,-3,50
-40,-3,50
-40,-3,50
-40,-3,50
-40,-3,50
-40,-3,50
-40,-3,50
-40,-3,49
-40,-3,50
-40,-3,50
-40,-3,50
-40,-3,50
-39,-3,50
-40,-3,50
-40,-3,50
-40,-3,50
-40,-3,50
-40,-3,50
-40,-3,50
-40,-3,50
-40,-3,50
-40,-3,50
-40,-3,50
-40,-3,50
-40,-3,50
-40,-3,50
-40,-3,50
-40,-3,50
-40,-3,50
-40,-3,50
-40,-3,50
-40,-3,50
-39,-3,50
-40,-3,50
-40,-3,50
-40,-3,50
-40,-3,50
-40,-3,50
-40,-3,50
-40,-3,50
-40,-3,50
-40,-3,50
-40,-3,50
-40,-3,50
-40,-3,50
-40,-3,50
-40,-3,50
-40,-3,50
-40,-3,50
-40,-3,50
-40,-3,50
-40,-3,50
-40,-3,50
-40,-3,50
-40,-3,50
-40,-3,50
-40,-3,50
-40,-3,50
-40,-3,50
-40,-3,50
-40,-3,49
-40,-3,50
-40,-3,50
-40,-3,50
-40,-3,50
-40,-3,50
-40,-3,50
-40,-3,50
-40,-3,50
-39,-3,50
-40,-3,50
-40,-3,50
-40,-3,50
-40,-3,50
-40,-3,50
-40,-3,50
-40,-3,50
-40,-3,50
-40,-3,49
-40,-3,50
-40,-3,50
-40,-3,50
-40,-3,50
-40,-3,50
-40,-3,50
-39,-3,50
-40,-3,50
-40,-3,49
-40,-3,50
-40,-3,50
-40,-3,50
-40,-3,50
-40,-3,50
-40,-3,50
-40,-3,50
-40,-3,50
-40,-3,50
-40,-3,50
-40,-3,50
-40,-3,50
-40,-3,50
-40,-3,50
-39,-3,50
-40,-3,50
-40,-3,50
-40,-3,50
-40,-3,50
-40,-3,50
-40,-3,50
-40,-3,50
-40,-3,50
-40,-3,50
-40,-3,50
-40,-3,50
-40,-3,50
-40,-3,50
-40,-3,50
-40,-3,50
-40,-3,50
-40,-3,50
-40,-3,50
-40,-3,50
-40,-3,50
-39,-3,50
-40,-3,50
-40,-3,50
-39,-3,50
-40,-3,50
-39,-3,50
-39,-3,50
-40,-3,50
-40,-3,50
-40,-3,50
-39,-3,50
-39,-3,50
-39,-3,50
-39,-3,50
-39,-3,50
-39,-3,50
-39,-3,50
-40,-3,50
-39,-3,50
-40,-3,50
-39,-3,50
-39,-3,50
-39,-3,50
-39,-3,50
-39,-3,50
-39,-3,50
-39,-3,50
-39,-3,50
-39,-3,50
-39,-3,50
-39,-3,50
-39,-3,50
-40,-3,50
-39,-3,50
-39,-3,50
-39,-3,50
-39,-3,50
-39,-3,50
-39,-3,50
-39,-3,50
-40,-3,50
-39,-3,50
-39,-3,50
-39,-3,50
-39,-3,50
-39,-3,50
-39,-3,50
-39,-3,50
-39,-3,50
-39,-3,50
-39,-3,50
-39,-3,50
-39,-3,50
-39,-3,50
-39,-3,50
-39,-3,50
-39,-3,50
-39,-3,50
-39,-3,50
-39,-3,50
-39,-3,50
-39,-3,50
-39,-3,50
-39,-3,50
-39,-3,50
-39,-3,50
-39,-3,50
-39,-3,50
-39,-3,50
-39,-3,50
-39,-3,50
-39,-3,50
-40,-3,50
-39,-3,50
-39,-3,50
-39,-3,50
-39,-3,50
-39,-3,50
-39,-3,50
-39,-3,50
-40,-3,50
-40,-3,50
-39,-3,50
-39,-3,50
-40,-3,50
-39,-3,50
-39,-3,50
-39,-3,50
-39,-3,50
-40,-3,50
-40,-3,50
-39,-3,50
-39,-3,50
-39,-3,50
-39,-3,50
-39,-3,50
-39,-3,50
-39,-3,50
-39,-3,50
-39,-3,50
-39,-3,50
-39,-3,50
-39,-3,50
-39,-3,50
-40,-3,50
-39,-3,50
-39,-3,50
-39,-3,50
-39,-3,50
-39,-3,50
-40,-3,50
-39,-3,50
-39,-3,50
-39,-3,50
-39,-3,50
-39,-3,50
-39,-3,50
-39,-3,50
-39,-3,50
-39,-3,50
-39,-3,50
-39,-3,50
-39,-3,50
-39,-3,50
-39,-3,50
-39,-3,50
-39,-3,50
-39,-3,50
-39,-3,50
-39,-3,50
-39,-3,50
-40,-3,50
-40,-3,50
-39,-3,50
-39,-3,50
-39,-3,50
-39,-3,50
-39,-3,51
-39,-3,50
-39,-3,50
-39,-3,50
-39,-3,50
-39,-3,50
-39,-3,50
-39,-3,50
-39,-3,50
-39,-3,50
-39,-3,50
-39,-3,50
-39,-3,50
-39,-3,50
-39,-2,50
-39,-3,50
-39,-3,50
-39,-3,50
-39,-3,50
-39,-3,50
-39,-3,50
-39,-3,50
-39,-2,50
-39,-2,51
-39,-3,50
-39,-3,50
-39,-2,50
-39,-2,50
-39,-3,50
-39,-3,50
-39,-3,50
-39,-3,50
-39,-3,50
-39,-3,50
-39,-3,50
-39,-3,50
-39,-3,50
-39,-3,50
-39,-3,50
-39,-3,50
-39,-3,50
-39,-3,50
-39,-3,50
-39,-3,50
-39,-3,50
-39,-3,50
-39,-3,50
-39,-3,50
-39,-3,50
-39,-3,51
-39,-2,51
-39,-2,51
-39,-2,50
-40,-3,50
-39,-4,50
-39,-2,51
-39,-3,50
-39,-3,50
-39,-2,51
-38,-2,51
-38,-2,51
-38,-3,51
-39,-3,51
-39,-3,51
-39,-2,51
-38,-3,51
-38,-4,51
-39,-3,50
-39,-3,50
-39,-3,51
-39,-3,51
-38,-3,51
-38,-3,51
-39,-3,51
-38,-3,51
-39,-3,51
-39,-3,51
-38,-3,51
-38,-3,51
-38,-3,51
-38,-3,51
-39,-4,50
-39,-4,51
-38,-3,51
-38,-3,51
-38,-3,51
-39,-3,51
-38,-3,51
-38,-3,51
-39,-3,51
-39,-3,51
-38,-3,51
-38,-3,51
-39,-3,50
-38,-3,51
-38,-3,51
-38,-3,51
-38,-3,51
-38,-3,51
-38,-3,51
-38,-3,51
-38,-3,51
-38,-3,51
-38,-3,51
-38,-3,51
-38,-3,51
-38,-3,51
-38,-3,51
-38,-3,51
-38,-3,51
-38,-3,51
-38,-3,51
-38,-3,51
-38,-3,51
-38,-3,51
-38,-3,51
-38,-3,51
-38,-3,51
-38,-3,51
-38,-3,51
-38,-3,51
-38,-3,51
-38,-3,51
-38,-3,51
-38,-3,51
-38,-3,51
-38,-3,51
-38,-3,51
-38,-3,51
-38,-3,51
-38,-3,51
-38,-3,51
-38,-3,51
-38,-3,51
-38,-3,51
-38,-3,51
-38,-3,51
-38,-3,51
-38,-3,51
-38,-3,51
-38,-3,51
-38,-3,51
-38,-3,51
-38,-3,51
-38,-3,51
-38,-3,51
-38,-3,51
-38,-3,51
-38,-3,51
-38,-3,51
-38,-3,51
-38,-3,51
-38,-3,51
-38,-3,51
-38,-4,50
-38,-3,51
-38,-4,51
-38,-3,51
-38,-3,51
-38,-4,51
-38,-3,51
-38,-3,51
-38,-3,51
-38,-3,51
-38,-3,51
-38,-3,51
-38,-3,51
-38,-3,51
-39,-3,51
-38,-3,50
-38,-3,51
-38,-3,51
-38,-3,51
-38,-3,51
-38,-3,51
-38,-3,51
-38,-3,51
-38,-3,51
-38,-3,51
-38,-3,51
-38,-3,51
-38,-3,51
-38,-3,51
-38,-3,51
-38,-3,51
-38,-3,51
-38,-3,51
-38,-3,51
-38,-3,51
-38,-3,51
-38,-3,51
-38,-3,51
-38,-3,51
-38,-3,51
-38,-3,51
-38,-3,51
-38,-3,51
-38,-3,51
-38,-3,51
-38,-3,51
-38,-3,51
-38,-3,51
-38,-3,51
-38,-3,51
-38,-3,51
-38,-3,51
-38,-3,51
-38,-3,51
-38,-3,51
-38,-3,51
-38,-3,51
-38,-3,51
-38,-3,51
-38,-3,52
-38,-3,51
-38,-3,51
-38,-3,51
-38,-3,51
-38,-3,51
-38,-3,51
-38,-3,51
-37,-3,51
-38,-3,51
-38,-3,51
-38,-3,51
-38,-3,51
-38,-3,51
-38,-3,51
-37,-3,51
-37,-3,51
-38,-3,51
-38,-3,51
-38,-3,51
-38,-3,52
-38,-3,51
-38,-3,51
-38,-3,51
-38,-3,51
-38,-3,52
-38,-3,52
-38,-3,51
-38,-3,51
-38,-3,51
-38,-3,51
-38,-3,52
-38,-3,51
-38,-3,51
-38,-3,51
-38,-3,51
-38,-3,51
-38,-3,51
-38,-3,51
-38,-3,51
-38,-3,51
-38,-3,51
-38,-3,51
-38,-3,51
-38,-3,52
-38,-3,51
-38,-3,51
-38,-3,51
-38,-3,51
-38,-3,51
-38,-3,51
-38,-3,52
-38,-3,52
-38,-3,51
-37,-3,51
-38,-3,51
-38,-3,51
-37,-3,51
-38,-3,51
-37,-3,51
-38,-3,51
-38,-3,51
-37,-3,51
-38,-3,51
-38,-3,51
-38,-3,51
-38,-3,51
-38,-3,51
-38,-3,51
-38,-3,51
-38,-3,51
-38,-3,51
-37,-3,52
-38,-3,51
-38,-3,51
-38,-3,51
-38,-3,51
-38,-3,52
-38,-3,51
-38,-3,51
-38,-3,51
-38,-3,51
-38,-3,51
-38,-3,51
-38,-3,52
-38,-3,51
-38,-3,51
-38,-3,51
-38,-3,51
-38,-3,51
-38,-3,51
-38,-3,51
-37,-3,51
-37,-3,51
-38,-3,51
-38,-3,51
-38,-3,51
-38,-3,51
-38,-3,51
-38,-3,51
-38,-3,51
-38,-3,51
-38,-3,51
-38,-3,51
-38,-3,51
-38,-3,51
-38,-3,51
-38,-3,51
-37,-3,51
-38,-3,51
-38,-3,51
-38,-3,52
-38,-3,51
-38,-3,51
-38,-3,51
-38,-3,51
-38,-3,51
-38,-3,51
-38,-3,51
-38,-3,51
-38,-3,51
-38,-3,52
-38,-3,51
-38,-3,51
-38,-3,51
-38,-3,51
-38,-3,51
-38,-3,51
-38,-3,51
-38,-3,51
-38,-3,51
-38,-3,51
-38,-3,51
-38,-3,51
-38,-3,51
-37,-3,51
-38,-3,51
-38,-3,51
-38,-3,51
-38,-3,51
-38,-3,51
-38,-3,51
-38,-3,51
-38,-3,51
-38,-3,51
-38,-3,51
-38,-3,51
-38,-3,51
-38,-3,51
-38,-3,51
-38,-3,51
-38,-3,51
-38,-3,51
-38,-3,51
-38,-3,51
-38,-3,51
-38,-3,51
-38,-3,51
-38,-3,51
-38,-3,51
-38,-3,51
-38,-3,51
-38,-3,51
-38,-3,51
-38,-3,51
-38,-3,51
-37,-3,51
-38,-3,52
-38,-3,51
-38,-3,51
-37,-3,51
-38,-3,51
-38,-3,51
-38,-3,51
-38,-3,51
-37,-3,51
-38,-3,51
-38,-3,51
-38,-3,51
-38,-3,51
-38,-3,51
-37,-3,51
-38,-3,52
-37,-3,51
-38,-3,51
-38,-3,51
-38,-3,51
-38,-3,51
-38,-3,51
-38,-3,51
-38,-3,52
-38,-3,52
-38,-3,52
-37,-3,51
-38,-3,51
-38,-3,51
-38,-3,51
-37,-3,51
-38,-3,51
-38,-3,51
-38,-3,51
-38,-3,51
-37,-3,51
-37,-3,51
-38,-3,51
-38,-3,51
-37,-3,51
-37,-3,52
-38,-3,51
-38,-3,51
-38,-3,51
-37,-3,51
-38,-3,52
-38,-3,51
-38,-3,51
-38,-3,51
-38,-3,51
-38,-3,51
-38,-3,51
-37,-3,52
-38,-3,51
-38,-3,51
-37,-3,51
-38,-3,51
-38,-3,51
-38,-3,51
-38,-3,51
-38,-3,51
-38,-3,51
-38,-3,52
-38,-3,51
-38,-3,51
-38,-3,51
-38,-3,51
-38,-3,51
-38,-3,51
-38,-3,51
-38,-3,52
-38,-3,51
-38,-3,51
-37,-3,52
-38,-3,51
-38,-3,51
-38,-3,51
-37,-3,51
-38,-3,51
-38,-3,51
-37,-3,51
-38,-3,51
-38,-3,51
-37,-3,51
-37,-3,52
-38,-3,52
-38,-3,51
-37,-3,51
-38,-3,51
-37,-3,51
-38,-3,51
-37,-3,51
-38,-3,51
-38,-3,51
-38,-3,51
-37,-3,52
-38,-3,51
-37,-3,51
-37,-3,52
-38,-3,51
-38,-3,51
-38,-3,51
-37,-3,51
-38,-3,51
-37,-3,51
-38,-3,51
-38,-3,51
-38,-3,51
-38,-3,52
-38,-3,51
-38,-3,51
-38,-3,51
-38,-3,52
-38,-3,51
-38,-3,51
-37,-3,51
-38,-3,52
-38,-3,51
-38,-3,52
-38,-3,51
-38,-3,51
-37,-3,51
-38,-3,51
-38,-3,51
-38,-3,51
-38,-3,51
-38,-3,51
-38,-3,51
-38,-3,51
-38,-3,51
-38,-3,51
-38,-3,51
-38,-3,51
-38,-3,51
-38,-3,51
-38,-3,51
-38,-3,51
-38,-3,51
-38,-3,51
-38,-3,51
-38,-3,51
-38,-3,51
-38,-3,51
-38,-3,51
-38,-3,51
-38,-3,51
-37,-3,51
-38,-3,51
-38,-3,51
-38,-3,51
-38,-3,51
-38,-3,51
-38,-3,51
-38,-3,51
-38,-3,51
-38,-3,51
-38,-3,51
-38,-3,51
-38,-3,51
-38,-3,51
-38,-3,51
-38,-3,51
-38,-3,51
-38,-3,51
-38,-3,51
-37,-3,51
-38,-3,51
-38,-3,51
-38,-3,52
-38,-3,51
-38,-3,51
-38,-3,51
-37,-3,51
-38,-3,52
-38,-3,51
-38,-3,51
-38,-3,51
-38,-3,51
-37,-3,51
-38,-3,51
-38,-3,52
-38,-3,52
-38,-3,51
-38,-3,51
-38,-3,51
-38,-3,51
-38,-3,51
-38,-3,51
-37,-3,52
-38,-3,51
-38,-3,51
-38,-3,52
-38,-3,52
-38,-3,52
-38,-3,51
-37,-3,51
-38,-3,51
-38,-3,51
-38,-3,51
-38,-3,51
-38,-3,51
-38,-3,51
-37,-3,51
-38,-3,52
-38,-3,51
-38,-3,51
-38,-3,51
-38,-3,52
-37,-3,51
-38,-3,51
-38,-3,51
-37,-3,51
-38,-3,52
-38,-3,51
-37,-3,51
-38,-3,52
-38,-3,51
-37,-3,51
-38,-3,51
-37,-3,51
-38,-3,51
-38,-3,51
-38,-3,51
-38,-3,51
-37,-3,52
-38,-3,52
-37,-3,52
-37,-3,51
-38,-3,51
-38,-3,51
-37,-3,52
-38,-3,52
-37,-3,52
-37,-3,51
-38,-3,51
-38,-3,52
-37,-3,52
-37,-3,51
-38,-3,51
-37,-3,52
-38,-3,51
-37,-3,51
-38,-3,52
-37,-3,51
-38,-3,52
-38,-3,51
-38,-3,51
-37,-3,51
-37,-3,51
-38,-3,52
-37,-3,51
-37,-3,51
-38,-3,51
-38,-3,51
-38,-3,51
-37,-3,51
-37,-3,51
-37,-3,51
-38,-3,51
-38,-3,51
-38,-3,51
-38,-3,51
-38,-3,51
-38,-3,51
-38,-3,51
-37,-3,52
-37,-3,51
-38,-3,51
-38,-3,52
-38,-3,51
-38,-3,51
-38,-3,51
-37,-3,51
-38,-3,51
-38,-3,51
-38,-3,51
-38,-3,51
-38,-3,51
-38,-3,51
-38,-3,51
-38,-3,51
-38,-3,52
-38,-3,51
-38,-3,51
-38,-3,51
-38,-3,51
-38,-3,51
-38,-3,51
-38,-3,51
-38,-3,51
-37,-3,51
-38,-3,51
-38,-3,51
-38,-3,51
-38,-3,52
-38,-3,51
-37,-3,51
-38,-3,51
-37,-3,51
-38,-3,51
-38,-3,52
-38,-3,51
-38,-3,52
-38,-3,52
-38,-3,51
-38,-3,51
-38,-3,51
-38,-3,51
-38,-3,51
-38,-3,51
-37,-3,51
-37,-3,52
-38,-3,52
-38,-3,51
-37,-3,51
-37,-3,51
-38,-3,51
-37,-3,51
-38,-3,51
-38,-3,51
-38,-3,51
-37,-3,52
-37,-3,52
-37,-3,52
-37,-3,51
-37,-3,51
-37,-3,51
-37,-3,51
-38,-3,52
-38,-3,52
-37,-3,51
-38,-3,51
-37,-3,52
-37,-3,51
-37,-3,52
-37,-3,51
-37,-3,51
-37,-3,52
-37,-3,52
-38,-3,51
-37,-3,52
-37,-3,51
-37,-3,52
-38,-3,51
-37,-3,52
-37,-3,52
-38,-3,51
-37,-3,51
-37,-3,51
-37,-3,52
-37,-3,51
-37,-3,51
-38,-3,51
-38,-3,51
-37,-3,51
-37,-3,52
-38,-3,51
-37,-3,51
-37,-3,52
-37,-3,51
-38,-3,51
-37,-3,52
-37,-3,52
-38,-3,51
-37,-3,52
-37,-3,52
-37,-3,51
-37,-3,52
-37,-3,52
-37,-3,52
-37,-3,52
-37,-3,52
-38,-3,51
-37,-3,52
-37,-3,52
-37,-3,51
-37,-3,52
-38,-3,52
-37,-3,51
-38,-3,52
-37,-3,51
-38,-3,51
-37,-3,52
-37,-3,52
-38,-2,52
-38,-3,51
-38,-3,51
-38,-3,51
-37,-3,51
-37,-3,51
-38,-3,51
-38,-3,51
-38,-3,51
-38,-3,52
-38,-3,51
-38,-3,51
-38,-3,52
-38,-3,51
-38,-3,51
-38,-3,51
-38,-3,52
-38,-3,51
-38,-3,51
-38,-3,51
-38,-3,51
-37,-3,51
-38,-3,51
-38,-3,51
-38,-3,52
-38,-3,51
-38,-3,51
-38,-3,51
-38,-3,51
-38,-3,51
-38,-3,51
-38,-3,51
-38,-3,51
-38,-3,52
-37,-3,51
-38,-3,51
-37,-3,52
-38,-3,51
-38,-3,51
-38,-3,51
-38,-3,51
-37,-3,51
-37,-3,51
-37,-3,52
-37,-3,52
-38,-3,52
-38,-3,51
-37,-3,51
-37,-3,52
-38,-3,51
-37,-3,51
-37,-3,52
-37,-3,52
-37,-3,51
-37,-3,51
-37,-3,52
-37,-3,52
-38,-3,52
-37,-3,51
-37,-3,52
-38,-3,51
-37,-3,52
-37,-3,52
-37,-3,52
-38,-3,52
-37,-3,52
-37,-3,51
-37,-3,52
-37,-3,51
-37,-3,52
-37,-3,52
-37,-3,52
-37,-3,51
-37,-3,51
-37,-3,52
-37,-3,51
-37,-3,51
-37,-3,52
-37,-3,52
-37,-3,52
-37,-3,52
-37,-3,51
-37,-3,52
-37,-3,52
-37,-3,51
-37,-3,51
-37,-3,52
-37,-3,52
-37,-3,51
-37,-3,52
-37,-3,52
-37,-3,52
-37,-3,52
-37,-3,52
-37,-3,51
-37,-3,52
-37,-3,52
-37,-3,52
-37,-3,52
-37,-3,51
-37,-3,52
-37,-3,52
-37,-3,51
-37,-3,51
-37,-3,52
-37,-3,52
-37,-3,52
-37,-3,52
-37,-3,51
-37,-3,52
-37,-3,52
-37,-3,51
-37,-3,52
-37,-3,52
-37,-3,52
-37,-3,52
-37,-2,52
-37,-3,52
-37,-3,52
-37,-3,52
-37,-3,52
-37,-3,52
-37,-3,51
-37,-3,52
-37,-3,52
-37,-3,52
-37,-2,52
-37,-3,52
-37,-3,51
-37,-2,52
-37,-3,51
-37,-3,52
-37,-3,52
-37,-3,52
-37,-3,52
-37,-2,52
-37,-2,51
-37,-3,51
-37,-3,51
-37,-3,52
-37,-3,52
-37,-3,52
-37,-3,52
-37,-3,52
-37,-3,52
-37,-3,52
-37,-3,51
-37,-3,52
-37,-3,52
-37,-3,52
-37,-3,52
-37,-3,51
-37,-3,51
-37,-3,52
-37,-3,51
-38,-3,52
-37,-3,52
-37,-3,52
-37,-3,51
-37,-3,52
-37,-3,52
-37,-3,52
-37,-3,51
-37,-3,52
-37,-3,51
-38,-3,52
-37,-3,52
-38,-3,51
-37,-3,51
-37,-3,52
-38,-3,51
-37,-3,52
-37,-3,52
-37,-3,51
-37,-3,52
-37,-3,52
-37,-3,52
-37,-3,52
-37,-3,52
-37,-3,51
-37,-3,51
-37,-3,52
-37,-3,52
-37,-3,52
-37,-3,52
-37,-3,52
-37,-3,52
-37,-3,52
-37,-3,52
-37,-3,51
-37,-3,52
-37,-3,52
-37,-2,52
-37,-3,52
-37,-3,52
-37,-3,52
-37,-3,52
-37,-3,52
-37,-3,52
-37,-3,52
-37,-3,52
-37,-3,51
-37,-3,52
-37,-3,52
-37,-2,52
-37,-3,52
-37,-3,52
-37,-3,52
-37,-3,51
-37,-3,52
-37,-2,52
-37,-3,52
-37,-3,52
-37,-3,52
-37,-3,52
-37,-3,52
-37,-3,52
-37,-3,52
-37,-3,52
-37,-3,52
-37,-3,52
-37,-3,52
-37,-3,52
-37,-3,52
-37,-3,52
-37,-3,52
-37,-3,52
-37,-3,52
-37,-3,52
-37,-3,52
-37,-3,52
-37,-3,52
-37,-3,52
-37,-3,52
-37,-3,51
-37,-3,52
-37,-3,52
-37,-3,52
-37,-3,52
-37,-3,52
-37,-3,52
-37,-3,52
-37,-3,52
-37,-3,52
-37,-3,52
-37,-3,52
-37,-3,52
-37,-3,52
-37,-3,52
-37,-3,52
-37,-3,52
-37,-3,52
-37,-3,52
-37,-3,52
-37,-3,52
-37,-3,52
-37,-3,52
-37,-3,52
-37,-3,52
-37,-3,52
-37,-3,52
-37,-3,52
-37,-3,52
-37,-3,52
-37,-3,52
-37,-3,52
-37,-3,52
-37,-3,52
-37,-3,52
-37,-3,52
-37,-3,52
-37,-3,52
-37,-3,52
-37,-3,52
-37,-3,52
-37,-3,52
-37,-3,52
-37,-3,52
-37,-2,52
-37,-3,52
-37,-3,52
-37,-3,52
-37,-3,52
-37,-3,52
-37,-3,52
-37,-3,52
-37,-3,52
-37,-3,52
-37,-3,52
-37,-3,52
-37,-3,52
-37,-3,52
-37,-3,52
-37,-3,52
-37,-3,52
-37,-3,52
-37,-3,52
-37,-3,52
-37,-2,52
-37,-3,52
-37,-3,52
-37,-3,51
-37,-2,52
-37,-3,52
-37,-3,51
-37,-3,52
-37,-3,52
-37,-3,52
-37,-3,52
-37,-3,52
-37,-3,52
-37,-3,52
-37,-3,52
-37,-3,52
-37,-3,52
-37,-3,52
-37,-3,51
-37,-3,52
-37,-3,52
-37,-3,52
-37,-3,52
-37,-3,52
-37,-3,52
-37,-3,52
-37,-3,52
-37,-3,52
-37,-3,52
-37,-3,52
-37,-3,52
-37,-3,51
-37,-3,52
-37,-3,52
-37,-3,52
-37,-3,52
-37,-3,52
-37,-3,52
-37,-3,52
-37,-3,51
-37,-3,52
-37,-3,52
-37,-3,51
-37,-3,52
-37,-3,52
-37,-3,52
-37,-3,52
-37,-3,52
-37,-3,52
-37,-3,52
-37,-3,52
-37,-3,52
-37,-3,52
-37,-3,52
-37,-3,51
-37,-3,52
-37,-3,52
-37,-3,52
-37,-3,52
-37,-3,52
-37,-3,52
-37,-3,52
-37,-3,52
-37,-3,52
-37,-3,52
-37,-3,52
-37,-3,52
-37,-3,52
-37,-3,52
-37,-3,52
-37,-3,52
-37,-3,52
-37,-3,52
-37,-3,52
-37,-3,52
-37,-3,52
-37,-3,52
-37,-3,52
-37,-3,52
-37,-3,52
-37,-3,52
-37,-3,52
-37,-3,52
-37,-3,52
-37,-3,52
-37,-2,52
-37,-3,52
-37,-3,52
-37,-3,52
-37,-3,52
-37,-3,52
-37,-3,52
-37,-3,52
-37,-3,52
-37,-3,52
-37,-3,52
-37,-3,52
-37,-3,52
-37,-3,52
-37,-3,52
-37,-3,52
-37,-3,52
-37,-3,52
-37,-3,52
-37,-3,52
-37,-3,52
-37,-3,52
-37,-3,52
-37,-3,52
-37,-3,52
-37,-3,52
-37,-3,52
-37,-3,52
-37,-3,52
-37,-3,51
-37,-3,51
-37,-3,52
-37,-3,52
-37,-3,52
-37,-3,52
-37,-3,51
-37,-3,52
-37,-3,52
-37,-3,52
-37,-3,52
-37,-3,52
-37,-3,52
-37,-3,52
-37,-3,52
-37,-3,52
-37,-3,52
-37,-3,52
-37,-3,52
-37,-3,52
-37,-2,52
-37,-3,52
-37,-2,52
-38,-3,52
-37,-3,52
-37,-3,51
-37,-3,52
-37,-3,52
-37,-3,52
-37,-3,52
-37,-3,52
-37,-2,52
-37,-3,52
-37,-3,52
-37,-3,52
-37,-3,52
-37,-3,52
-37,-2,52
-37,-3,52
-37,-3,52
-37,-2,52
-37,-3,52
-37,-2,52
-37,-3,52
-37,-3,52
-37,-3,52
-37,-3,52
-37,-3,52
-37,-3,52
-36,-3,52
-36,-3,52
-37,-3,52
-37,-2,52
-37,-3,52
-36,-2,52
-36,-2,53
-37,-2,52
-36,-2,52
-37,-2,52
-37,-2,52
-37,-2,52
-37,-2,52
-36,-2,52
-37,-3,52
-36,-2,52
-36,-2,52
-36,-2,52
-36,-2,52
-36,-2,52
-36,-2,52
-36,-2,52
-36,-3,52
-36,-2,52
-36,-2,52
-36,-2,52
-37,-2,52
-36,-2,52
-36,-3,52
-36,-2,52
-36,-2,52
-36,-2,52
-36,-3,52
-36,-2,52
-36,-2,52
-36,-2,52
-36,-2,52
-36,-2,52
-36,-2,52
-36,-2,52
-36,-2,52
-36,-2,52
-36,-2,52
-36,-2,52
-36,-2,52
-36,-2,52
-36,-2,52
-36,-2,52
-36,-2,52
-37,-3,52
-37,-2,52
-36,-2,52
-36,-2,52
-37,-2,52
-37,-2,52
-36,-3,52
-36,-2,52
-36,-3,52
-37,-2,52
-37,-3,52
-37,-2,52
-36,-2,52
-36,-2,52
-36,-3,52
-37,-2,52
-37,-2,52
-36,-2,52
-37,-3,52
-37,-2,52
-37,-2,52
-36,-2,52
-37,-3,52
-36,-3,52
-37,-3,52
-36,-3,52
-37,-2,52
-36,-2,52
-36,-3,52
-37,-2,52
-37,-2,52
-37,-3,52
-37,-2,52
-37,-2,52
-36,-2,52
-37,-2,52
-37,-3,52
-36,-2,52
-36,-2,52
-37,-2,52
-36,-2,52
-36,-3,52
-36,-2,52
-36,-3,52
-37,-3,52
-36,-2,52
-36,-2,52
-36,-2,52
-37,-3,52
-36,-2,52
-36,-2,52
-36,-2,52
-36,-2,52
-36,-2,52
-36,-2,52
-37,-2,52
-36,-2,52
-36,-2,52
-36,-2,52
-36,-2,52
-36,-2,52
-36,-2,52
-36,-3,52
-37,-2,52
-36,-2,52
-36,-3,52
-37,-2,52
-36,-2,52
-36,-2,52
-36,-2,52
-36,-2,52
-36,-2,52
-36,-2,52
-36,-2,52
-36,-2,52
-36,-3,52
-36,-2,52
-36,-2,52
-36,-2,52
-36,-2,52
-36,-2,52
-36,-2,52
-36,-2,52
-36,-3,52
-36,-2,52
-36,-2,52
-36,-2,52
-36,-2,52
-36,-2,52
-36,-2,52
-36,-2,52
-36,-2,52
-36,-2,52
-36,-2,52
-36,-2,52
-36,-2,52
-36,-2,52
-36,-2,52
-36,-2,52
-36,-3,52
-36,-2,52
-36,-3,52
-36,-2,52
-36,-2,52
-36,-2,52
-36,-2,52
-36,-2,52
-36,-2,52
-36,-2,52
-36,-2,52
-36,-2,52
-36,-2,52
-36,-2,52
-36,-2,52
-36,-2,52
-36,-2,52
-36,-2,52
-36,-2,52
-36,-3,52
-36,-2,52
-36,-2,52
-36,-2,52
-36,-3,52
-36,-2,52
-36,-2,52
-36,-2,52
-36,-3,52
-36,-2,52
-36,-2,52
-36,-3,52
-37,-2,52
-36,-2,52
-36,-2,52
-36,-3,52
-36,-2,52
-36,-2,52
-36,-2,52
-37,-2,52
-37,-3,52
-37,-2,52
-36,-2,52
-36,-2,52
-37,-2,52
-37,-2,52
-36,-2,52
-37,-2,52
-37,-2,52
-36,-2,52
-37,-2,52
-36,-2,52
-37,-3,52
-37,-2,52
-36,-2,52
-37,-2,52
-36,-2,52
-37,-3,52
-36,-2,52
-36,-2,52
-36,-2,52
-36,-2,52
-36,-2,52
-37,-3,52
-36,-3,52
-36,-2,52
-36,-2,52
-36,-2,52
-36,-2,52
-36,-2,52
-36,-2,52
-36,-2,52
-36,-2,52
-36,-2,52
-36,-2,52
-36,-2,52
-36,-2,52
-36,-2,52
-36,-2,52
-36,-2,52
-36,-2,52
-36,-2,52
-36,-2,52
-36,-2,52
-36,-2,52
-36,-2,52
-36,-2,52
-36,-2,52
-36,-3,52
-36,-2,52
-36,-2,52
-36,-2,52
-36,-2,52
-36,-2,52
-36,-2,52
-36,-2,52
-36,-3,52
-36,-2,52
-36,-2,52
-36,-2,52
-36,-2,52
-36,-2,52
-36,-3,52
-36,-3,52
-36,-3,52
-36,-2,52
-36,-2,52
-36,-2,52
-36,-2,52
-36,-3,52
-36,-2,52
-36,-2,52
-36,-2,52
-36,-2,52
-36,-2,52
-36,-2,52
-36,-2,52
-36,-2,52
-36,-2,52
-36,-2,52
-36,-2,52
-36,-2,52
-36,-3,52
-37,-2,52
-36,-2,52
-36,-2,52
-36,-2,52
-36,-2,52
-36,-2,52
-36,-2,52
-36,-3,52
-36,-2,52
-36,-2,52
-36,-2,52
-36,-2,52
-36,-3,52
-36,-2,52
-36,-3,52
-36,-2,52
-36,-2,52
-37,-2,52
-36,-3,52
-37,-2,52
-36,-2,52
-36,-3,52
-36,-3,52
-37,-3,52
-37,-2,52
-36,-3,52
-36,-2,52
-36,-2,52
-36,-3,52
-37,-2,52
-36,-2,52
-36,-3,52
-36,-2,52
-36,-2,52
-36,-3,52
-36,-2,52
-36,-2,52
-36,-2,52
-36,-2,52
-36,-2,52
-36,-2,52
-36,-2,52
-36,-3,52
-36,-3,52
-36,-2,52
-36,-2,52
-36,-2,52
-36,-2,52
-36,-2,52
-36,-2,52
-36,-2,52
-37,-2,52
-36,-2,52
-36,-2,52
-36,-2,52
-36,-2,52
-36,-2,52
-36,-2,52
-36,-2,52
-36,-2,52
-36,-2,52
-36,-2,52
-36,-2,52
-36,-3,52
-36,-3,52
-36,-2,52
-36,-2,52
-36,-2,52
-36,-2,52
-36,-2,52
-36,-2,52
-36,-2,52
-36,-2,52
-36,-2,52
-36,-2,52
-36,-2,52
-36,-2,52
-36,-2,52
-36,-2,52
-36,-2,52
-36,-2,52
-36,-2,52
-36,-2,52
-36,-2,52
-36,-2,52
-36,-2,52
-36,-2,52
-36,-2,52
-36,-2,52
-36,-2,52
-36,-2,52
-36,-2,52
-36,-2,52
-36,-2,52
-36,-3,52
-36,-2,52
-36,-2,52
-36,-2,52
-36,-2,52
-36,-2,52
-36,-2,52
-36,-2,52
-36,-2,52
-36,-2,52
-36,-2,52
-36,-2,52
-36,-2,52
-36,-2,53
-36,-2,52
-36,-2,52
-36,-2,52
-36,-2,52
-36,-2,52
-36,-2,52
-37,-2,52
-36,-2,52
-36,-2,52
-36,-2,52
-36,-2,52
-36,-2,52
-37,-2,52
-37,-2,52
-36,-2,52
-37,-2,52
-37,-3,52
-37,-2,52
-37,-2,52
-36,-2,52
-36,-2,52
-37,-2,52
-37,-2,52
-36,-2,52
-37,-2,52
-37,-2,52
-37,-2,52
-37,-2,52
-37,-2,52
-37,-3,52
-37,-2,52
-37,-2,52
-37,-3,52
-36,-2,52
-36,-2,52
-37,-2,52
-37,-2,52
-36,-2,52
-37,-3,52
-37,-2,52
-36,-2,52
-36,-2,52
-37,-3,52
-36,-2,52
-36,-2,52
-37,-2,52
-37,-2,52
-37,-2,52
-36,-2,52
-36,-2,52
-37,-2,52
-36,-2,52
-36,-2,52
-36,-3,52
-37,-2,52
-36,-2,52
-36,-2,52
-36,-3,52
-37,-2,52
-37,-2,52
-36,-2,52
-36,-3,52
-37,-2,52
-36,-2,52
-36,-2,52
-36,-2,52
-36,-2,52
-36,-2,52
-36,-2,52
-37,-2,52
-36,-2,52
-36,-2,52
-36,-2,52
-36,-2,52
-36,-2,52
-36,-2,52
-36,-2,52
-36,-2,52
-36,-2,52
-36,-2,52
-36,-2,52
-36,-2,52
-36,-2,52
-36,-3,52
-36,-2,52
-36,-2,52
-36,-2,52
-36,-2,52
-36,-2,52
-36,-2,52
-36,-2,52
-36,-2,52
-36,-2,52
-36,-2,52
-36,-2,52
-36,-2,52
-36,-2,52
-36,-2,52
-36,-2,52
-36,-2,52
-36,-3,52
-36,-2,52
-36,-2,52
-36,-2,52
-36,-2,52
-37,-2,52
-36,-2,52
-36,-2,52
-36,-2,52
-36,-2,52
-36,-2,52
-36,-2,52
-37,-3,52
-37,-3,52
-37,-3,52
-37,-2,52
-37,-2,52
-37,-2,52
-37,-3,52
-36,-2,52
-36,-2,52
-37,-2,52
-36,-2,52
-36,-2,52
-37,-2,52
-37,-2,52
-37,-2,52
-37,-3,52
-36,-2,52
-36,-2,52
-37,-2,52
-36,-2,52
-37,-3,52
-36,-2,52
-36,-3,52
-36,-2,52
-37,-2,52
-36,-2,52
-36,-2,52
-36,-2,52
-36,-2,52
-36,-2,52
-37,-2,52
-37,-3,52
-36,-2,52
-36,-2,52
-36,-2,52
-36,-2,52
-36,-2,52
-36,-2,52
-36,-2,52
-36,-2,52
-37,-2,52
-36,-2,52
-36,-2,52
-36,-2,52
-36,-2,52
-36,-2,52
-36,-2,52
-36,-2,52
-36,-2,52
-36,-2,52
-36,-2,52
-36,-2,52
-36,-2,52
-36,-2,52
-36,-2,52
-36,-2,52
-36,-2,52
-36,-2,52
-36,-2,52
-36,-2,52
-36,-2,52
-36,-2,52
-36,-2,52
-36,-3,52
-36,-2,52
-36,-2,52
-36,-2,52
-36,-2,52
-36,-2,52
-36,-2,52
-36,-2,52
-36,-2,52
-36,-2,52
-36,-2,52
-36,-2,52
-36,-2,52
-36,-2,52
-36,-2,52
-36,-2,52
-36,-2,52
-36,-2,52
-36,-2,52
-36,-3,52
-36,-2,52
-36,-2,52
-36,-2,52
-36,-2,52
-36,-2,52
-36,-2,52
-36,-2,52
-36,-2,52
-36,-2,52
-36,-2,52
-36,-2,52
-36,-2,52
-36,-2,52
-36,-2,52
-36,-2,52
-36,-2,52
-36,-2,52
-36,-2,52
-36,-2,52
-36,-2,52
-36,-2,52
-36,-2,52
-36,-3,52
-36,-2,52
-37,-2,52
-36,-2,52
-37,-2,52
-36,-2,52
-36,-2,52
-37,-2,52
-37,-2,52
-37,-3,52
-36,-2,52
-37,-2,52
-37,-3,52
-37,-2,52
-37,-2,52
-37,-2,52
-37,-2,52
-37,-2,52
-37,-2,52
-37,-3,52
-37,-3,52
-37,-2,52
-37,-2,52
-37,-2,52
-37,-2,52
-37,-2,52
-36,-2,52
-36,-2,52
-37,-3,52
-36,-2,52
-36,-3,52
-36,-2,52
-37,-2,52
-37,-2,52
-36,-2,52
-36,-3,52
-36,-2,52
-36,-2,52
-36,-2,52
-36,-2,52
-36,-2,52
-36,-2,52
-36,-2,52
-36,-2,52
-36,-2,52
-36,-2,52
-36,-2,52
-36,-2,52
-36,-2,52
-36,-2,52
-36,-2,52
-36,-2,52
-36,-3,52
-36,-2,52
-36,-2,52
-36,-2,52
-36,-2,52
-36,-2,52
-36,-2,52
-36,-2,52
-36,-2,52
-36,-2,52
-36,-2,52
-36,-2,52
-36,-2,52
-36,-2,52
-36,-2,52
-36,-2,52
-36,-2,52
-36,-2,52
-36,-2,52
-36,-2,52
-36,-2,52
-36,-2,52
-36,-2,52
-36,-2,52
-36,-2,52
-36,-2,52
-36,-2,52
-36,-2,52
-36,-2,52
-36,-2,52
-36,-2,52
-36,-2,52
-36,-2,52
-36,-2,52
-36,-2,52
-36,-3,52
-36,-2,52
-36,-2,52
-36,-2,52
-36,-2,52
-36,-2,52
-36,-2,52
-36,-2,52
-36,-2,52
-36,-2,52
-36,-2,52
-36,-2,52
-36,-2,52
-36,-2,52
-36,-2,52
-36,-2,52
-36,-2,52
-36,-2,52
-36,-2,52
-36,-2,52
-36,-2,52
-36,-2,52
-36,-2,52
-36,-2,52
-36,-2,52
-36,-2,52
-36,-2,52
-36,-2,52
-36,-2,52
-36,-2,52
-36,-2,52
-36,-2,52
-36,-2,52
-36,-2,52
-36,-2,52
-36,-2,52
-36,-3,52
-36,-2,52
-37,-2,52
-36,-2,52
-36,-2,52
-37,-2,52
-36,-2,52
-36,-2,52
-36,-2,52
-36,-2,52
-36,-2,52
-36,-2,52
-36,-2,52
-36,-2,52
-37,-2,52
-36,-2,52
-36,-2,52
-36,-2,52
-36,-2,52
-36,-2,52
-37,-2,52
-36,-2,53
-36,-2,52
-36,-2,52
-36,-2,52
-37,-2,52
-36,-2,52
-36,-2,52
-36,-2,52
-36,-2,52
-36,-2,52
-36,-2,52
-36,-2,52
-36,-2,52
-36,-3,52
-36,-2,52
-37,-2,52
-36,-2,52
-36,-2,52
-36,-2,52
-37,-2,52
-37,-2,52
-37,-2,52
-36,-2,52
-36,-2,52
-36,-2,52
-36,-2,52
-36,-2,52
-36,-2,52
-36,-2,52
-36,-2,52
-36,-2,52
-36,-2,52
-36,-2,52
-36,-2,52
-36,-2,52
-36,-3,52
-36,-2,52
-36,-3,52
-36,-2,52
-36,-2,52
-36,-2,52
-36,-2,52
-36,-2,52
-36,-2,52
-36,-2,52
-36,-2,52
-36,-2,52
-36,-2,52
-36,-2,52
-36,-2,52
-36,-2,52
-36,-2,52
-36,-2,52
-36,-2,52
-36,-2,52
-36,-2,52
-36,-2,52
-36,-2,52
-36,-2,52
-36,-2,52
-36,-2,52
-37,-2,52
-37,-2,52
-37,-3,52
-36,-3,52
-36,-3,52
-37,-3,52
-36,-2,52
-36,-2,53
-36,-2,53
-36,-2,52
-36,-3,52
-36,-2,52
-36,-2,53
-35,-2,53
-35,-2,52
-36,-3,52
-36,-2,53
-36,-2,53
-35,-2,54
-34,-2,54
-36,-3,52
-36,-2,52
-36,-2,52
-36,-3,53
-35,-3,53
-35,-3,52
-35,-3,52
-36,-3,52
-36,-2,53
-36,-2,53
-35,-2,53
-35,-2,53
-35,-3,53
-36,-3,52
-36,-3,52
-36,-3,52
-36,-2,52
-35,-3,53
-35,-3,53
-35,-3,52
-36,-3,52
-35,-3,53
-35,-2,53
-35,-3,52
-36,-3,52
-36,-2,52
-36,-2,52
-36,-3,52
-35,-3,52
-36,-2,52
-36,-2,53
-36,-2,53
-36,-3,52
-36,-3,52
-36,-2,52
-36,-2,53
-36,-2,52
-36,-2,52
-36,-2,53
-36,-2,52
-36,-2,52
-36,-3,52
-36,-3,52
-36,-2,52
-36,-2,52
-36,-3,52
-36,-2,52
-36,-2,52
-36,-2,52
-36,-2,52
-36,-3,52
-36,-3,52
-36,-2,52
-36,-2,52
-36,-2,52
-36,-3,52
-36,-3,52
-36,-2,52
-36,-2,52
-36,-2,53
-36,-3,52
-36,-3,52
-36,-3,52
-36,-3,52
-36,-2,52
-36,-3,52
-36,-3,52
-36,-2,52
-36,-3,52
-36,-2,52
-36,-2,52
-36,-2,52
-36,-3,52
-36,-3,52
-37,-3,52
-36,-2,52
-36,-2,52
-36,-3,52
-36,-2,52
-36,-2,52
-36,-3,52
-36,-3,52
-36,-2,52
-36,-2,53
-36,-2,52
-36,-2,52
-36,-2,52
-36,-2,52
-36,-2,52
-36,-2,52
-36,-2,52
-36,-2,52
-36,-2,52
-36,-2,52
-36,-2,52
-36,-2,52
-36,-2,52
-36,-2,53
-36,-2,52
-36,-2,52
-36,-2,52
-36,-2,52
-36,-2,52
-36,-3,52
-36,-2,52
-36,-2,52
-36,-2,52
-36,-2,53
-36,-3,52
-36,-2,52
-36,-2,52
-36,-2,52
-36,-3,52
-36,-2,52
-36,-2,52
-36,-2,52
-36,-2,52
-36,-2,52
-36,-2,52
-36,-2,52
-36,-2,52
-36,-2,52
-36,-2,52
-36,-2,52
-36,-2,52
-36,-2,52
-36,-2,52
-36,-2,52
-36,-2,52
-36,-2,52
-36,-2,52
-36,-2,52
-36,-2,52
-36,-2,53
-36,-2,53
-36,-2,53
-36,-2,52
-36,-2,53
-36,-2,52
-36,-2,52
-36,-2,52
-36,-2,53
-36,-2,52
-36,-2,53
-36,-2,52
-36,-2,52
-36,-2,52
-36,-2,52
-36,-2,52
-36,-2,53
-36,-2,52
-36,-2,53
-36,-2,53
-36,-2,53
-36,-2,53
-36,-2,52
-36,-2,53
-36,-2,53
-36,-2,52
-36,-2,53
-36,-2,52
-36,-2,52
-36,-2,53
-36,-2,52
-36,-2,52
-36,-2,52
-36,-2,52
-36,-2,52
-36,-2,52
-36,-2,52
-36,-2,52
-36,-2,53
-36,-2,52
-36,-2,52
-36,-2,52
-36,-2,52
-36,-2,52
-36,-2,52
-36,-2,52
-36,-2,52
-36,-2,52
-36,-2,52
-36,-2,52
-36,-2,52
-36,-2,52
-36,-2,52
-36,-2,52
-36,-2,52
-36,-2,52
-36,-2,52
-36,-2,52
-36,-2,52
-36,-2,52
-36,-2,52
-36,-3,52
-36,-2,52
-36,-2,52
-36,-2,52
-36,-3,52
-36,-2,52
-36,-2,52
-36,-2,52
-36,-2,52
-36,-2,52
-36,-2,52
-36,-2,52
-36,-2,52
-36,-2,52
-36,-2,52
-36,-2,52
-36,-3,52
-36,-2,52
-36,-2,53
-36,-2,52
-36,-2,52
-36,-2,52
-36,-2,52
-36,-2,52
-36,-2,53
-36,-2,52
-36,-2,52
-36,-2,52
-36,-2,53
-36,-2,52
-36,-2,53
-36,-2,52
-36,-2,52
-36,-2,52
-36,-2,52
-36,-2,52
-36,-2,52
-36,-2,53
-36,-2,53
-36,-2,53
-36,-2,52
-36,-2,53
-36,-2,52
-36,-2,52
-36,-2,52
-36,-2,52
-36,-2,52
-36,-2,52
-36,-2,52
-36,-2,52
-36,-2,52
-36,-2,52
-36,-2,52
-36,-2,52
-36,-2,52
-36,-2,52
-36,-2,52
-36,-2,53
-36,-2,52
-36,-2,52
-36,-2,53
-36,-2,52
-36,-2,52
-36,-2,52
-36,-2,52
-36,-2,52
-36,-2,52
-36,-2,52
-36,-2,52
-36,-2,52
-36,-2,52
-36,-2,53
-36,-2,52
-36,-2,52
-36,-2,52
-36,-2,52
-36,-2,52
-36,-3,52
-36,-2,53
-36,-2,52
-36,-2,52
-36,-2,52
-36,-2,52
-36,-2,52
-36,-2,52
-36,-2,52
-36,-2,53
-36,-2,52
-35,-2,53
-35,-2,53
-36,-2,52
-36,-3,52
-36,-2,52
-35,-2,52
-36,-2,53
-36,-2,52
-36,-2,52
-36,-2,52
-36,-2,53
-35,-2,53
-36,-2,52
-36,-2,52
-36,-2,53
-35,-2,52
-36,-2,53
-36,-2,52
-36,-2,52
-36,-2,53
-36,-2,53
-36,-2,52
-36,-2,52
-36,-2,52
-36,-2,52
-36,-2,52
-36,-2,53
-36,-2,53
-36,-2,52
-36,-2,52
-36,-2,52
-36,-2,52
-36,-2,53
-36,-2,52
-36,-2,52
-36,-2,52
-36,-2,53
-36,-2,52
-36,-2,52
-36,-2,52
-36,-2,52
-36,-2,52
-36,-2,52
-36,-2,53
-36,-2,53
-36,-2,52
-36,-2,52
-36,-2,52
-36,-2,52
-36,-2,52
-36,-2,52
-36,-2,52
-36,-2,52
-36,-2,52
-36,-2,52
-36,-2,52
-36,-2,52
-36,-2,52
-36,-3,52
-36,-2,52
-36,-2,52
-36,-2,52
-36,-2,53
-36,-2,52
-36,-2,53
-36,-2,52
-36,-2,52
-36,-2,52
-36,-2,53
-36,-2,52
-36,-2,52
-36,-2,52
-36,-2,52
-36,-2,53
-36,-2,52
-36,-2,52
-36,-2,52
-36,-2,52
-36,-2,52
-36,-2,52
-36,-2,53
-36,-2,52
-36,-2,52
-36,-2,52
-36,-2,52
-36,-2,52
-36,-2,52
-36,-2,52
-36,-2,52
-36,-2,53
-36,-2,53
-36,-2,52
-36,-2,53
-36,-2,53
-36,-2,52
-36,-2,52
-36,-2,53
-36,-2,52
-36,-2,52
-36,-2,52
-36,-2,53
-36,-2,52
-36,-2,53
-36,-2,52
-36,-2,52
-36,-2,52
-36,-2,52
-36,-2,53
-36,-2,53
-36,-2,52
-36,-2,52
-36,-2,52
-36,-2,52
-36,-2,53
-36,-2,53
-36,-2,52
-36,-2,52
-36,-2,52
-36,-2,52
-36,-2,53
-36,-2,53
-36,-3,53
-36,-2,52
-36,-2,52
-36,-2,52
-36,-2,53
-36,-2,52
-36,-2,52
-36,-3,52
-36,-3,52
-36,-2,52
-36,-2,52
-36,-2,52
-36,-2,52
-36,-2,52
-36,-2,52
-36,-2,52
-36,-2,52
-36,-2,52
-36,-2,52
-36,-2,52
-36,-2,52
-36,-2,52
-36,-2,52
-36,-3,52
-36,-2,52
-36,-2,52
-36,-2,52
-36,-2,52
-36,-2,53
-36,-3,52
-36,-3,52
-36,-2,52
-36,-2,53
-36,-2,52
-36,-2,52
-36,-2,53
-36,-2,52
-36,-2,52
-36,-2,53
-36,-2,52
-36,-3,52
-36,-2,52
-36,-2,52
-36,-2,52
-36,-2,52
-36,-2,52
-36,-2,52
-36,-2,52
-36,-2,52
-36,-2,53
-36,-2,52
-36,-2,53
-36,-2,52
-36,-2,52
-36,-2,52
-36,-2,53
-36,-2,52
-36,-2,52
-36,-2,52
-36,-2,53
-36,-2,53
-36,-2,52
-36,-2,53
-36,-2,52
-36,-2,52
-36,-2,52
-36,-2,53
-36,-2,52
-36,-2,52
-36,-2,53
-36,-2,52
-36,-2,53
-36,-2,52
-36,-2,52
-36,-2,52
-36,-2,53
-36,-2,52
-36,-2,53
-36,-2,52
-36,-2,52
-36,-2,52
-36,-2,52
-36,-2,53
-36,-2,52
-36,-2,52
-36,-2,53
-36,-2,52
-36,-2,52
-36,-2,52
-36,-2,52
-36,-2,52
-36,-2,52
-36,-2,52
-36,-2,52
-36,-2,53
-36,-2,52
-36,-2,53
-36,-2,52
-36,-2,52
-36,-2,53
-36,-2,53
-36,-2,52
-36,-2,52
-36,-2,53
-36,-2,53
-36,-2,52
-36,-2,52
-36,-2,52
-36,-2,53
-36,-2,52
-36,-2,52
-36,-2,53
-36,-2,53
-36,-2,52
-36,-2,52
-36,-2,53
-36,-2,52
-36,-2,52
-36,-2,53
-36,-2,53
-36,-2,52
-36,-2,53
-36,-2,52
-36,-2,52
-36,-2,53
-36,-2,52
-36,-2,52
-36,-2,52
-36,-2,53
-36,-2,52
-36,-2,52
-36,-2,52
-36,-2,53
-36,-2,52
-36,-2,52
-36,-2,52
-36,-2,52
-36,-2,52
-36,-2,53
-36,-2,53
-36,-2,52
-36,-2,53
-36,-2,52
-36,-2,52
-36,-2,52
-36,-2,52
-36,-2,52
-36,-2,52
-36,-2,52
-36,-2,52
-36,-2,52
-36,-2,53
-36,-2,52
-36,-2,52
-36,-2,52
-36,-2,52
-36,-2,52
-36,-2,52
-36,-2,52
-36,-2,52
-36,-2,52
-36,-2,52
-36,-2,52
-36,-2,52
-36,-2,52
-36,-2,52
-36,-2,53
-36,-2,52
-36,-2,52
-36,-2,52
-36,-2,53
-36,-2,53
-36,-2,52
-36,-2,52
-36,-2,53
-36,-2,52
-36,-2,52
-36,-2,52
-36,-2,53
-36,-2,52
-36,-2,52
-36,-2,52
-36,-2,53
-36,-2,52
-36,-2,52
-36,-2,52
-36,-2,52
-36,-2,52
-36,-2,52
-36,-2,52
-36,-2,52
-36,-2,52
-36,-2,52
-36,-2,52
-36,-2,53
-36,-2,52
-36,-2,52
-36,-2,52
-36,-2,53
-36,-2,53
-36,-2,52
-36,-2,52
-36,-2,53
-36,-2,52
-36,-2,52
-36,-2,52
-36,-2,53
-36,-2,52
-36,-2,52
-36,-2,52
-36,-2,52
-36,-2,52
-36,-2,52
-36,-2,52
-36,-2,52
-36,-2,52
-36,-2,52
-36,-2,52
-36,-2,52
-36,-2,53
-36,-2,53
-36,-2,52
-36,-2,52
-36,-2,52
-36,-2,52
-36,-2,52
-36,-2,52
-36,-2,52
-36,-2,53
-36,-2,52
-35,-2,53
-36,-2,53
-36,-2,52
-36,-2,52
-36,-2,52
-36,-2,53
-36,-2,52
-36,-2,53
-36,-2,52
-36,-2,52
-36,-2,52
-36,-2,53
-36,-2,52
-36,-2,52
-36,-2,52
-36,-2,52
-36,-2,52
-36,-2,52
-36,-2,53
-36,-2,52
-36,-2,52
-36,-2,52
-36,-2,52
-36,-2,52
-36,-2,52
-36,-2,52
-36,-2,52
-36,-2,52
-36,-2,52
-36,-2,52
-36,-2,53
-36,-2,52
-36,-2,52
-36,-2,52
-36,-2,52
-36,-2,52
-36,-2,52
-36,-2,52
-36,-2,52
-36,-2,52
-36,-2,52
-36,-2,52
-36,-2,53
-36,-2,52
-36,-2,52
-36,-2,52
-36,-2,52
-36,-2,52
-36,-2,52
-36,-2,52
-36,-2,52
-36,-2,52
-36,-2,52
-36,-2,52
-36,-2,52
-36,-2,52
-36,-2,52
-36,-2,52
-36,-2,52
-36,-2,52
-36,-2,52
-36,-2,53
-36,-2,52
-36,-2,52
-36,-2,52
-36,-2,52
-36,-2,53
-36,-2,52
-36,-2,52
-36,-2,52
-36,-2,53
-36,-2,52
-36,-2,52
-36,-2,52
-36,-2,53
-36,-2,52
-36,-2,52
-36,-2,53
-36,-2,52
-36,-2,53
-36,-2,53
-36,-2,52
-36,-2,52
-36,-2,52
-36,-2,52
-36,-2,53
-36,-2,52
-36,-2,52
-36,-2,52
-36,-2,53
-36,-2,52
-36,-2,52
-36,-2,52
-36,-2,52
-36,-2,53
-36,-2,53
-36,-2,52
-36,-2,53
-36,-2,52
-36,-2,53
-36,-2,52
-36,-2,52
-36,-2,53
-36,-2,52
-36,-2,52
-36,-2,52
-36,-2,52
-36,-2,52
-36,-2,52
-36,-2,52
-36,-2,52
-36,-2,52
-36,-2,52
-36,-2,52
-36,-2,52
-36,-2,52
-36,-2,52
-36,-2,52
-36,-2,52
-36,-2,52
-36,-2,52
-36,-2,52
-36,-2,53
-36,-2,52
-36,-2,52
-36,-2,52
-36,-2,52
-36,-2,52
-36,-2,52
-36,-2,52
-36,-2,52
-36,-2,52
-36,-2,52
-36,-2,53
-36,-2,52
-36,-2,52
-36,-2,53
-36,-2,52
-36,-2,52
-36,-2,52
-36,-2,52
-36,-2,52
-36,-2,52
-36,-2,52
-36,-2,52
-35,-3,53
-35,-3,53
-36,-2,53
-36,-3,52
-35,-2,53
-36,-2,52
-36,-2,53
-36,-2,52
-35,-2,52
-35,-2,53
-35,-3,53
-35,-3,52
-35,-2,53
-35,-1,54
-35,-2,53
-34,-2,53
-34,-1,54
-35,-2,54
-34,-2,54
-33,-2,54
-33,-2,54
-34,-2,53
-34,-2,53
-34,-2,53
-34,-2,54
-34,-2,54
-34,-2,53
-34,-2,53
-35,-2,53
-35,-2,53
-34,-2,54
-34,-2,54
-34,-2,53
-34,-2,54
-35,-2,53
-35,-2,53
-35,-2,53
-35,-2,53
-35,-2,53
-35,-2,53
-35,-2,53
-35,-2,53
-35,-2,53
-35,-2,53
-35,-2,53
-35,-2,53
-35,-2,53
-35,-2,53
-35,-1,53
-35,-1,53
-35,-2,53
-35,-2,53
-35,-2,53
-35,-2,52
-35,-2,53
-35,-2,53
-35,-2,53
-35,-1,53
-35,-2,53
-35,-2,53
-35,-2,53
-35,-2,53
-35,-2,53
-35,-2,53
-35,-2,53
-35,-2,53
-35,-2,53
-35,-1,53
-35,-1,53
-35,-2,53
-35,-2,53
-35,-2,52
-35,-2,53
-35,-2,53
-35,-2,53
-35,-2,53
-35,-2,53
-35,-2,53
-35,-2,53
-35,-2,53
-35,-2,53
-35,-2,53
-35,-2,53
-35,-2,53
-35,-2,53
-35,-2,53
-35,-2,53
-35,-2,53
-35,-2,53
-35,-2,53
-35,-2,53
-35,-2,53
-35,-2,53
-35,-2,53
-35,-2,53
-35,-2,53
-35,-2,53
-35,-2,53
-35,-2,53
-35,-2,53
-35,-2,53
-35,-2,53
-35,-2,53
-35,-2,53
-35,-2,53
-35,-2,53
-35,-2,53
-35,-2,53
-35,-2,53
-35,-2,53
-35,-2,53
-35,-2,53
-35,-2,53
-35,-2,53
-35,-2,53
-35,-2,53
-35,-2,53
-35,-2,53
-35,-2,53
-35,-2,53
-35,-2,53
-35,-2,53
-35,-2,53
-35,-2,53
-35,-2,53
-35,-2,53
-35,-2,53
-35,-2,53
-35,-2,53
-35,-2,53
-35,-2,53
-35,-2,53
-35,-2,53
-35,-2,53
-35,-2,53
-35,-2,53
-35,-2,53
-35,-2,53
-35,-2,53
-35,-2,53
-35,-2,53
-35,-2,53
-35,-2,53
-35,-2,53
-35,-2,53
-35,-2,53
-35,-2,53
-35,-2,53
-35,-2,53
-35,-2,53
-35,-2,53
-35,-2,53
-35,-2,53
-35,-2,53
-35,-2,53
-35,-2,53
-35,-2,53
-35,-2,53
-35,-2,53
-35,-2,53
-35,-2,53
-35,-2,53
-35,-2,53
-35,-2,53
-35,-2,53
-35,-2,53
-35,-2,53
-35,-2,53
-35,-2,53
-35,-2,53
-35,-2,53
-35,-2,53
-35,-2,53
-35,-2,53
-35,-2,53
-35,-2,53
-35,-2,53
-35,-2,53
-35,-2,53
-35,-2,53
-35,-2,53
-35,-2,53
-35,-2,53
-35,-2,53
-35,-2,53
-35,-2,53
-35,-2,53
-35,-2,53
-35,-2,53
-35,-2,53
-35,-2,53
-35,-2,53
-35,-2,53
-35,-2,53
-35,-2,53
-35,-2,53
-35,-2,53
-35,-2,53
-35,-2,53
-35,-2,53
-35,-2,53
-35,-2,53
-35,-2,53
-35,-2,53
-35,-2,53
-35,-2,53
-35,-2,53
-35,-2,53
-35,-2,53
-35,-2,53
-35,-2,53
-35,-2,53
-35,-2,53
-35,-2,53
-35,-2,53
-35,-2,53
-35,-2,53
-35,-2,53
-35,-2,53
-35,-2,53
-35,-2,53
-35,-2,53
-35,-2,53
-35,-2,53
-35,-2,53
-35,-2,53
-35,-2,53
-35,-2,53
-35,-2,53
-35,-2,53
-35,-2,53
-35,-2,53
-35,-2,53
-35,-2,53
-35,-2,53
-35,-2,53
-35,-2,53
-35,-2,53
-35,-2,53
-35,-2,53
-35,-2,53
-35,-2,53
-35,-2,53
-35,-2,53
-35,-2,53
-35,-2,53
-35,-2,53
-35,-2,53
-35,-2,53
-35,-2,53
-35,-2,53
-35,-2,53
-35,-2,53
-35,-2,53
-35,-2,53
-35,-2,53
-35,-2,53
-35,-2,53
-35,-2,53
-35,-2,53
-35,-2,53
-35,-2,53
-35,-2,53
-35,-2,53
-35,-2,53
-35,-2,53
-35,-2,53
-35,-2,53
-35,-2,53
-35,-2,53
-35,-2,53
-35,-2,53
-35,-2,52
-35,-2,52
-35,-2,53
-35,-1,53
-35,-1,53
-35,-2,53
-35,-2,53
-35,-2,53
-35,-2,53
-35,-2,53
-35,-2,53
-35,-2,53
-35,-2,53
-35,-2,53
-35,-2,53
-35,-2,53
-35,-2,53
-35,-2,53
-35,-2,53
-35,-2,53
-35,-2,53
-35,-2,53
-35,-2,53
-35,-2,53
-35,-2,53
-35,-2,53
-35,-2,53
-35,-2,53
-35,-2,53
-35,-2,53
-35,-2,53
-35,-2,53
-35,-2,53
-35,-2,53
-35,-2,53
-35,-2,52
-35,-2,53
-35,-2,53
-35,-2,53
-35,-2,53
-35,-2,53
-35,-2,53
-35,-2,53
-35,-2,53
-35,-2,53
-35,-2,53
-35,-2,53
-35,-2,53
-35,-2,53
-35,-2,53
-35,-2,53
-35,-2,53
-35,-2,53
-35,-2,53
-35,-2,53
-35,-3,52
-35,-3,53
-35,-2,53
-35,-2,53
-35,-2,53
-35,-2,53
-35,-3,53
-36,-2,53
-35,-2,53
-35,-2,53
-35,-2,53
-35,-2,53
-35,-2,53
-35,-2,53
-35,-1,53
-35,-2,54
-36,-2,52
-36,-2,53
-35,-2,53
-35,-2,53
-35,-2,53
-35,-2,53
-35,-2,53
-35,-2,53
-35,-2,53
-35,-2,53
-35,-2,53
-35,-2,53
-35,-2,53
-35,-2,53
-35,-2,53
-35,-2,52
-35,-2,53
-35,-2,53
-35,-2,53
-35,-2,53
-35,-2,53
-35,-2,53
-35,-2,53
-35,-2,53
-35,-2,53
-35,-2,53
-35,-2,53
-35,-2,53
-35,-2,53
-35,-2,53
-35,-2,53
-35,-2,53
-35,-2,53
-35,-2,53
-35,-2,53
-35,-2,53
-35,-2,53
-35,-2,53
-35,-2,53
-35,-2,53
-35,-2,53
-35,-2,53
-35,-2,53
-35,-2,53
-35,-2,53
-35,-2,53
-35,-2,53
-35,-2,53
-35,-2,53
-35,-2,53
-35,-2,53
-35,-2,53
-35,-2,53
-35,-2,53
-35,-2,53
-35,-2,53
-35,-2,53
-35,-2,53
-35,-2,53
-35,-2,53
-35,-2,53
-35,-2,53
-35,-2,53
-35,-2,53
-35,-2,53
-35,-2,53
-35,-2,53
-35,-2,53
-36,-2,53
-35,-2,53
-35,-2,53
-35,-2,53
-35,-2,53
-35,-2,53
-35,-2,53
-35,-2,53
-35,-2,53
-35,-2,53
-35,-2,53
-36,-2,53
-35,-2,53
-36,-2,53
-35,-2,53
-35,-2,53
-35,-2,53
-35,-2,53
-35,-2,53
-35,-2,53
-35,-2,53
-35,-2,53
-35,-2,53
-35,-2,53
-35,-2,53
-35,-2,53
-35,-2,53
-35,-2,53
-35,-2,53
-35,-2,53
-35,-2,53
-35,-2,53
-35,-2,53
-35,-2,53
-35,-2,53
-35,-2,53
-35,-2,53
-35,-2,53
-36,-2,53
-35,-2,53
-35,-2,53
-35,-2,53
-35,-2,53
-35,-2,53
-35,-2,53
-35,-2,53
-35,-2,53
-35,-2,53
-35,-2,53
-35,-2,53
-35,-2,53
-35,-2,53
-35,-2,53
-35,-2,53
-35,-2,53
-35,-2,53
-35,-2,53
-35,-2,53
-35,-2,53
-35,-2,53
-35,-2,53
-35,-2,53
-35,-2,53
-35,-2,53
-35,-2,53
-35,-2,53
-35,-2,53
-35,-2,53
-35,-2,53
-35,-2,53
-35,-2,53
-35,-2,53
-35,-2,53
-35,-2,53
-35,-2,53
-35,-2,53
-35,-2,53
-35,-2,53
-35,-2,53
-35,-2,53
-35,-2,53
-35,-2,53
-35,-2,53
-35,-2,53
-35,-2,53
-35,-2,53
-35,-2,53
-35,-2,53
-35,-2,53
-35,-2,53
-35,-2,53
-35,-2,53
-35,-2,53
-35,-2,53
-35,-2,53
-35,-2,53
-35,-2,52
-35,-2,53
-36,-2,52
-35,-2,53
-36,-2,53
-35,-2,53
-35,-2,53
-35,-2,53
-35,-2,53
-35,-2,52
-36,-2,53
-35,-2,53
-35,-2,53
-36,-2,53
-35,-2,53
-35,-2,53
-35,-2,53
-35,-2,53
-35,-2,53
-35,-2,53
-35,-2,53
-35,-2,53
-35,-2,53
-35,-2,53
-35,-2,53
-35,-2,53
-35,-2,53
-35,-2,53
-35,-2,53
-35,-2,53
-35,-2,53
-35,-2,53
-35,-2,53
-35,-2,53
-35,-2,53
-35,-2,53
-35,-2,53
-35,-2,53
-36,-2,53
-35,-2,53
-35,-2,53
-35,-2,53
-35,-2,53
-35,-2,53
-35,-2,53
-35,-2,53
-35,-2,53
-35,-2,53
-35,-2,53
-35,-2,53
-35,-2,53
-35,-2,53
-35,-2,53
-35,-2,53
-35,-2,53
-35,-2,53
-35,-2,53
-35,-2,53
-35,-2,53
-35,-2,53
-35,-2,53
-35,-2,53
-35,-2,53
-35,-2,53
-35,-2,53
-35,-2,53
-35,-2,53
-35,-2,53
-35,-2,53
-35,-2,53
-35,-2,53
-35,-2,53
-35,-2,53
-35,-2,53
-35,-2,53
-35,-2,53
-35,-2,53
-35,-2,53
-35,-2,53
-35,-2,53
-35,-2,53
-35,-2,53
-35,-2,53
-35,-2,53
-35,-2,53
-35,-2,53
-35,-2,53
-35,-2,53
-35,-2,53
-35,-2,53
-35,-2,53
-36,-2,53
-35,-2,53
-35,-2,53
-35,-2,53
-35,-2,53
-35,-2,53
-35,-2,53
-35,-2,52
-36,-2,53
-35,-1,54
-35,-3,53
-35,-3,53
-35,-2,54
-35,-3,53
-36,-3,52
-36,-3,52
-36,-3,52
-36,-3,51
-37,-3,52
-36,-3,53
-38,-2,52
-35,-3,52
-37,-2,51
-37,-2,52
-38,-1,52
-36,-1,52
-36,-1,52
-36,0,52
-37,0,53
-38,0,52
-37,1,53
-37,0,53
-36,0,52
-37,0,53
-36,0,53
-36,0,53
-36,0,53
-37,0,52
-37,0,51
-37,-1,52
-38,0,52
-38,0,52
-36,0,52
-36,-1,52
-35,-2,52
-34,-1,52
-34,0,54
-33,0,55
-34,-2,54
-33,0,54
-32,0,55
-32,-1,56
-33,-2,56
-32,-1,56
-32,0,56
-33,-2,55
-32,-2,55
-32,-2,55
-31,-2,55
-31,-2,56
-31,-2,55
-32,-2,55
-31,-3,55
-31,-2,55
-31,-2,55
-31,-3,55
-32,-2,55
-32,-2,55
-31,-3,55
-32,-3,55
-31,-2,55
-32,-2,55
-32,-3,55
-32,-3,55
-32,-3,54
-32,-2,55
-31,-2,56
-31,-3,57
-32,-4,55
-33,-5,53
-32,-5,53
-31,-4,54
-24,-2,58
-26,0,58
-29,-1,57
-30,-2,55
-30,0,54
-27,2,65
-20,1,69
-19,0,62
-25,-3,57
-24,-1,57
-27,-2,56
-29,-3,56
-31,-3,56
-30,-1,56
-30,-1,56
-30,-1,57
-27,0,59
-26,1,60
-27,0,59
-28,-2,58
-28,-2,58
-32,0,57
-35,-2,54
-36,-4,52
-32,-1,50
-35,-3,50
-38,-4,51
-38,-4,51
-41,-3,53
-32,-1,54
-34,-3,54
-38,-1,60
-38,-2,62
-41,-5,59
-46,-4,57
-42,-4,55
-42,-6,53
-45,-10,49
-46,-13,42
-41,-17,43
-37,-20,40
-32,-25,39
-30,-27,39
-29,-30,42
-28,-30,44
-26,-25,42
-29,-23,41
-34,-22,39
-38,-25,37
-43,-27,36
-50,-29,34
-49,-27,35
-42,-29,37
-45,-28,38
-45,-29,38
-38,-29,39
-38,-29,40
-42,-29,39
-43,-29,38
-41,-30,38
-41,-32,37
-42,-31,37
-48,-29,36
-51,-28,34
-45,-28,34
-43,-26,34
-40,-29,31
-35,-32,28
-38,-33,25
-46,-38,21
-46,-41,23
-44,-44,24
-47,-46,22
-47,-47,24
-46,-48,25
-44,-48,24
-45,-49,22
-44,-50,22
-47,-50,21
-48,-46,23
-48,-45,23
-51,-36,27
-50,-32,30
-38,-24,34
-34,-16,39
-36,-12,36
-34,-6,33
-34,-8,36
-47,-12,37
-55,-13,37
-60,-16,43
-58,-23,44
-61,-25,37
-58,-29,29
-52,-22,30
-55,-22,30
-58,-22,30
-46,-22,33
-47,-28,30
-49,-30,25
-57,-32,17
-52,-35,17
-45,-30,22
-56,-29,15
-54,-29,16
-50,-29,22
-50,-29,24
-58,-28,25
-56,-25,24
-44,-24,27
-44,-27,28
-46,-29,26
-50,-32,26
-49,-32,28
-53,-33,26
-50,-35,27
-49,-35,28
-46,-36,27
-44,-36,26
-41,-38,26
-40,-41,25
-45,-43,23
-42,-43,25
-43,-42,25
-46,-42,23
-47,-42,22
-44,-41,24
-46,-41,24
-46,-41,23
-43,-40,24
-44,-41,25
-45,-41,23
-45,-41,23
-48,-40,22
-40,-38,23
-37,-35,24
-40,-36,20
-43,-35,19
-45,-33,21
-44,-32,22
-39,-29,26
-46,-30,25
-52,-30,23
-59,-32,23
-61,-33,21
-49,-40,22
-54,-39,17
-53,-41,14
-48,-37,18
-46,-36,22
-46,-37,22
-49,-35,20
-49,-36,19
-46,-37,22
-46,-35,21
-51,-33,21
-52,-31,21
-52,-31,20
-54,-31,19
-54,-31,19
-54,-31,21
-53,-30,20
-54,-30,16
-55,-29,17
-54,-30,19
-53,-30,17
-53,-30,18
-52,-30,19
-52,-30,19
-53,-31,17
-53,-30,18
-53,-30,19
-53,-31,18
-53,-31,18
-53,-30,17
-53,-30,16
-53,-31,17
-53,-30,16
-54,-30,16
-54,-30,16
-54,-30,16
-54,-29,16
-54,-30,15
-54,-30,15
-54,-29,15
-55,-30,15
-54,-29,15
-54,-29,15
-55,-30,14
-54,-30,15
-54,-30,14
-54,-30,14
-54,-30,15
-54,-30,15
-54,-30,15
-54,-29,15
-54,-29,15
-54,-29,15
-54,-29,15
-54,-29,15
-55,-29,15
-54,-29,15
-55,-29,14
-55,-29,15
-55,-29,15
-54,-29,14
-54,-29,14
-56,-28,14
-56,-28,14
-56,-28,14
-55,-29,14
-55,-29,13
-54,-30,13
-54,-30,13
-55,-30,13
-55,-29,14
-55,-29,14
-55,-29,13
-54,-29,13
-55,-29,13
-55,-28,13
-56,-27,13
-56,-27,13
-57,-27,14
-56,-27,14
-56,-27,13
-56,-28,13
-56,-27,13
-56,-27,12
-56,-27,12
-56,-27,12
-56,-28,12
-56,-28,12
-56,-27,12
-56,-28,12
-56,-28,12
-56,-27,12
-56,-27,13
-56,-27,13
