1520874354.000000, 1520874354.000000, 1520874354.000000
32.000000, 32.000000, 32.000000
55,40,-2
47,38,-2
48,37,4
51,38,5
49,38,3
48,38,3
50,38,2
49,38,0
45,42,0
54,42,5
53,40,4
48,37,7
46,36,6
48,35,9
50,35,10
54,39,5
49,38,8
48,39,5
50,40,-2
47,37,-4
46,35,-12
48,35,-15
44,38,-21
41,40,-20
39,41,-21
38,43,-19
35,45,-19
35,45,-26
49,36,-3
42,38,-4
49,40,-26
61,44,-25
69,40,-21
63,35,-19
50,32,-27
45,33,-26
48,33,-27
44,30,-20
37,30,-16
39,32,-17
41,35,-22
58,36,-16
58,36,-8
60,37,-10
61,38,-17
64,36,-12
62,34,-10
59,35,-11
55,34,-9
50,32,-8
51,32,-8
48,33,-7
48,33,-6
47,34,-5
44,35,-4
44,36,-3
44,37,-4
46,39,-4
46,39,-3
49,39,-5
50,39,-5
50,39,-3
51,39,-2
49,38,-1
53,38,-1
53,37,-2
51,36,-2
50,36,-2
47,36,-3
51,37,-3
51,36,-3
51,37,-2
51,37,-1
53,38,-1
53,38,-1
53,36,-1
51,36,-1
49,36,-2
47,35,-3
48,35,-3
50,36,-4
52,36,-4
54,36,-3
54,36,-2
55,35,-1
53,35,-3
56,35,-3
51,36,-4
49,36,-5
50,37,-4
51,38,-3
54,35,-1
51,35,-3
53,36,-1
54,36,1
54,36,-1
57,39,-4
54,37,-1
55,37,-1
46,37,-5
45,37,-4
49,39,-1
49,39,2
44,41,-3
43,42,-2
44,43,2
51,43,11
47,43,6
44,42,2
49,41,4
52,39,9
46,41,6
47,41,4
49,40,7
49,39,8
46,38,8
47,36,11
40,38,8
45,43,5
43,41,6
48,47,9
43,45,8
35,44,11
43,45,13
46,44,15
43,45,14
42,45,12
42,43,11
47,45,9
46,44,9
46,43,11
46,43,11
48,44,13
46,44,14
41,42,17
45,43,15
48,43,18
40,43,12
49,44,17
44,44,13
44,45,11
44,45,13
43,43,21
37,41,21
46,43,19
51,43,16
42,43,16
51,48,18
46,47,16
44,42,17
50,44,19
48,45,13
46,46,12
41,39,12
39,39,9
39,41,4
38,44,6
41,43,5
37,47,4
41,47,1
45,46,6
46,48,4
42,50,1
41,49,1
43,50,2
40,48,3
47,48,6
46,47,6
45,48,5
41,50,3
41,50,5
41,49,6
42,49,7
38,49,6
36,49,4
31,50,2
36,49,3
37,50,5
37,53,-2
37,51,5
47,48,15
52,54,12
44,54,13
45,55,15
46,61,16
49,67,19
42,68,21
29,71,14
21,66,15
7,61,19
-7,54,15
-6,47,20
-7,42,28
-13,38,24
-14,40,24
-16,41,29
-14,42,31
-15,45,31
-16,49,31
-16,54,31
-19,54,28
-12,53,32
-20,51,31
-20,41,29
-28,41,22
-28,39,18
-18,39,16
-13,40,13
-1,48,10
5,50,9
22,52,19
35,63,9
38,58,12
61,57,11
48,56,-8
48,61,-15
53,56,-16
48,55,-16
49,53,-23
54,48,-15
51,41,-8
44,43,-25
42,44,-23
50,41,-8
48,43,-10
45,42,-5
50,41,6
57,45,1
49,43,3
47,43,7
52,40,13
46,40,13
46,40,17
44,39,19
46,41,15
37,42,13
38,41,14
54,41,24
52,42,24
42,39,27
43,38,33
42,37,32
35,38,32
34,40,32
30,42,29
32,42,31
41,41,38
28,38,37
30,37,41
30,39,40
31,40,38
11,40,31
20,39,31
31,40,43
26,38,37
33,40,35
44,41,31
48,42,25
44,40,14
53,43,18
53,42,18
39,40,9
44,41,12
50,42,18
39,41,10
46,40,15
50,43,16
46,42,17
48,40,23
40,40,15
38,39,18
41,41,19
40,42,14
46,41,16
43,42,15
44,43,16
50,45,14
45,44,10
54,46,8
51,46,9
49,45,7
45,46,2
43,47,-1
46,46,4
40,44,1
40,45,2
41,45,3
43,44,2
40,46,0
43,47,1
41,47,1
43,48,-3
54,51,-4
60,52,-3
53,56,-4
54,59,-1
38,51,5
24,54,2
26,55,3
23,58,5
23,60,5
19,59,3
19,60,6
20,59,8
17,60,10
19,61,9
21,64,17
15,63,17
14,64,12
8,62,18
5,61,17
5,61,17
3,61,17
4,61,14
4,58,20
-1,57,22
-4,54,23
-4,51,28
-12,49,27
-10,49,27
-13,49,30
-11,53,25
-10,53,28
-10,53,30
-10,53,30
-12,52,31
-14,48,31
-15,54,24
-15,55,27
-18,57,25
-21,60,31
-22,60,30
-17,58,28
-15,59,25
-15,57,24
-8,58,29
-14,56,26
-11,60,22
-2,61,26
-6,60,27
-10,57,25
-13,56,26
-15,53,24
-16,54,26
-25,52,21
-28,50,23
-28,52,21
-36,54,15
-33,54,17
-26,57,21
-27,58,25
-28,63,20
-12,63,23
-16,61,26
-15,60,24
-8,56,30
-16,55,26
-12,53,30
-12,52,31
-12,52,30
-11,52,33
-10,52,34
-13,52,31
-16,55,31
-15,55,32
-18,58,25
-24,59,26
-25,59,26
-22,59,19
-24,57,21
-30,55,17
-21,53,21
-17,53,23
-18,52,23
-15,52,24
-18,50,29
-15,51,32
-7,57,29
-16,58,26
-23,57,25
-30,56,23
-29,55,23
-21,56,24
-20,59,22
-23,58,22
-20,58,23
-22,58,20
-19,58,23
-19,58,24
-18,58,23
-16,57,23
-18,57,21
-17,59,17
-17,59,19
-20,60,19
-22,59,20
-19,58,23
-21,56,22
-21,57,22
-19,57,22
-20,58,20
-20,59,20
-17,59,22
-20,59,20
-18,59,21
-16,60,23
-13,59,25
-10,59,27
-12,60,28
-13,60,28
-14,58,28
-17,56,27
-14,56,31
-16,55,33
-18,56,32
-20,57,27
-22,63,21
-21,61,24
-19,57,27
-23,57,25
-25,53,32
-30,54,20
-29,51,23
-26,47,30
-26,45,30
-26,46,30
-23,45,33
-21,44,35
-19,42,38
-16,41,41
-16,43,45
-15,45,43
-13,43,44
-8,42,46
-6,45,44
-10,45,43
-13,45,43
-14,44,42
-16,40,44
-28,39,43
-20,39,42
-14,39,43
-27,40,33
-25,40,33
-28,45,35
-29,55,38
-33,57,34
-34,51,28
-39,48,29
-46,46,23
-42,46,19
-44,43,18
-37,45,17
-35,46,20
-32,44,28
-31,42,29
-36,45,27
-37,45,27
-38,43,29
-35,47,30
-36,46,23
-34,46,23
-31,45,22
-29,47,26
-27,52,27
-26,54,21
-33,57,18
-32,54,21
-27,53,31
-20,52,42
-23,53,31
-24,54,30
-26,56,30
-24,51,35
-26,51,30
-27,52,31
-23,53,33
-22,52,31
-19,54,32
-18,52,33
-19,46,37
-16,48,27
-12,47,14
-12,47,19
-9,53,17
-7,57,15
-2,58,13
1,63,16
-4,60,17
11,57,31
48,73,45
50,70,43
60,56,54
46,55,56
18,53,48
14,50,38
6,44,31
9,48,39
13,49,42
9,42,39
9,45,42
10,43,41
5,35,38
11,26,38
30,14,28
26,12,25
29,13,42
37,17,50
34,22,45
49,20,55
54,23,55
38,21,46
44,19,44
36,13,40
30,12,41
39,13,59
45,18,67
46,17,62
40,16,57
35,4,47
54,-7,72
46,-23,73
58,-21,75
28,-20,58
30,-18,54
28,-19,51
31,-13,48
27,-11,42
29,-18,59
28,-17,62
20,-8,59
23,-5,62
24,-21,58
28,-14,44
29,-12,42
41,-18,56
34,-20,54
27,-19,36
38,-17,34
42,-13,29
64,-16,53
53,-13,56
31,-15,55
18,-18,55
13,-23,64
31,-32,64
27,-31,62
25,-26,56
26,-25,55
33,-17,43
27,-12,38
28,-1,33
34,1,35
51,-1,39
99,-10,42
58,-6,31
37,-9,32
29,-8,33
25,-12,35
21,-25,24
35,-29,23
76,-26,36
65,-30,34
54,-24,32
54,-27,24
52,-23,20
54,-17,19
57,-24,22
49,-24,30
47,-27,34
45,-32,39
41,-36,41
38,-35,43
32,-30,44
32,-26,42
41,-23,42
48,-23,38
42,-23,40
39,-26,43
38,-26,43
39,-26,43
39,-26,43
39,-26,43
39,-25,42
38,-26,42
37,-25,44
38,-26,43
38,-26,43
38,-25,43
39,-25,43
39,-25,43
38,-25,43
39,-25,43
39,-25,43
39,-25,43
39,-25,43
39,-25,43
38,-25,43
39,-25,43
39,-25,43
38,-25,43
38,-25,43
39,-25,43
39,-25,43
39,-25,43
38,-25,43
38,-25,43
39,-25,43
38,-25,43
39,-26,43
39,-25,43
38,-25,43
38,-25,43
39,-25,43
38,-25,43
38,-25,43
38,-25,43
39,-25,43
38,-25,43
39,-25,43
39,-26,43
38,-25,43
39,-25,43
38,-25,43
38,-25,43
38,-25,43
39,-25,43
38,-25,43
38,-26,43
38,-25,43
38,-25,44
38,-25,44
38,-25,43
39,-25,43
39,-25,43
38,-25,43
38,-25,44
38,-25,43
38,-25,44
38,-25,44
38,-25,43
38,-25,44
38,-25,43
38,-25,43
38,-25,44
39,-25,43
38,-25,43
39,-25,43
38,-25,43
38,-25,43
38,-25,44
38,-25,43
38,-25,43
38,-26,43
38,-25,43
39,-25,43
38,-25,43
38,-25,44
38,-25,43
38,-25,43
38,-25,43
38,-25,43
38,-25,43
38,-25,44
38,-25,44
38,-25,44
38,-25,43
38,-25,43
38,-25,43
38,-25,43
38,-25,43
38,-25,44
38,-25,44
38,-25,43
38,-25,43
38,-25,43
38,-25,44
38,-25,43
38,-25,43
38,-25,44
38,-25,44
38,-25,44
38,-25,43
38,-25,44
38,-25,44
38,-25,44
38,-25,44
38,-25,43
38,-25,44
38,-25,44
38,-25,44
38,-25,44
38,-25,44
38,-25,44
38,-25,44
38,-25,44
38,-25,44
38,-25,44
38,-25,44
38,-25,44
38,-25,44
38,-25,44
38,-25,44
38,-25,44
38,-25,44
38,-25,44
38,-25,44
38,-25,44
38,-24,44
38,-24,44
38,-24,44
38,-25,44
38,-25,44
38,-25,44
38,-25,44
38,-25,44
38,-25,44
38,-25,44
38,-24,44
38,-25,44
38,-25,44
38,-25,44
38,-25,44
38,-25,44
38,-25,44
38,-25,44
38,-25,44
38,-25,44
38,-25,44
38,-25,44
38,-25,44
38,-25,44
38,-25,44
38,-25,44
38,-25,44
38,-25,44
38,-25,44
38,-25,44
38,-25,44
38,-25,44
38,-25,44
38,-25,44
38,-25,44
38,-25,44
38,-25,44
38,-25,44
38,-24,44
38,-25,44
38,-25,44
38,-25,44
38,-25,44
38,-25,44
38,-25,44
38,-25,44
38,-25,44
37,-24,44
38,-24,44
38,-24,44
38,-25,44
38,-25,44
38,-25,44
38,-25,44
38,-24,44
38,-24,44
38,-24,44
38,-24,44
38,-24,44
38,-24,44
38,-24,44
38,-24,44
38,-25,44
39,-24,44
38,-24,44
38,-25,44
38,-25,44
38,-24,44
38,-24,44
38,-24,44
38,-24,44
38,-24,44
39,-24,44
38,-25,44
38,-25,44
38,-24,44
38,-24,44
38,-25,44
38,-25,44
38,-24,44
38,-24,44
38,-24,44
38,-24,44
38,-25,44
38,-25,44
38,-24,44
38,-24,44
38,-24,44
38,-25,44
38,-24,44
38,-24,44
38,-24,44
38,-25,44
38,-24,44
38,-24,44
38,-25,44
38,-24,44
38,-24,44
38,-25,44
38,-25,44
38,-24,44
38,-24,44
39,-25,44
38,-24,44
37,-24,45
38,-25,44
38,-24,44
37,-23,44
38,-24,44
38,-24,44
38,-25,44
38,-25,44
38,-24,44
38,-24,44
38,-24,44
38,-24,45
38,-24,44
38,-24,44
38,-24,44
38,-24,44
38,-25,44
38,-24,44
38,-24,44
38,-24,44
38,-24,44
38,-24,44
38,-24,44
38,-24,44
38,-24,45
37,-24,44
38,-24,44
38,-24,44
38,-24,44
38,-23,44
38,-24,44
38,-24,44
38,-24,44
38,-24,45
38,-23,44
39,-24,45
39,-24,44
37,-24,45
39,-24,45
39,-24,44
38,-23,44
38,-22,45
36,-21,46
36,-21,46
39,-22,45
38,-22,45
37,-22,46
38,-21,45
38,-22,45
38,-22,45
38,-22,45
38,-22,45
38,-22,45
39,-22,45
40,-22,45
40,-22,44
40,-22,44
39,-22,45
38,-22,45
39,-22,45
39,-22,45
38,-22,44
39,-20,44
40,-21,44
41,-21,43
41,-21,43
40,-22,45
38,-22,44
39,-22,45
40,-22,45
38,-22,44
39,-22,45
39,-21,45
38,-22,45
38,-22,45
38,-22,44
39,-22,44
40,-22,44
39,-22,45
39,-21,45
38,-22,45
38,-22,45
38,-22,45
38,-22,46
37,-22,46
36,-22,46
36,-22,46
37,-23,46
37,-23,45
37,-22,45
37,-21,46
37,-21,46
36,-23,47
36,-23,47
37,-24,46
37,-22,46
37,-22,46
37,-22,46
37,-22,46
37,-23,46
37,-23,46
36,-23,46
37,-22,46
37,-22,46
36,-22,47
35,-22,47
35,-23,47
36,-23,47
35,-22,47
36,-23,47
36,-22,47
36,-23,47
36,-23,47
36,-23,47
35,-22,47
35,-23,47
36,-22,47
36,-22,47
36,-22,47
36,-23,47
35,-23,47
36,-22,47
36,-22,47
36,-22,47
36,-22,47
36,-23,47
35,-22,47
35,-22,47
35,-22,48
35,-23,48
34,-23,48
34,-23,47
36,-22,47
35,-22,47
34,-22,48
35,-22,48
36,-22,47
35,-23,47
35,-23,48
35,-23,47
35,-23,47
35,-23,48
35,-23,47
35,-23,47
35,-22,48
35,-22,48
35,-22,48
35,-22,48
35,-22,48
35,-23,48
35,-23,48
35,-23,48
35,-23,48
35,-23,48
35,-22,48
35,-22,48
35,-23,48
34,-22,48
35,-22,48
35,-23,48
35,-22,48
35,-23,48
35,-23,48
35,-23,48
34,-23,48
34,-22,48
35,-22,48
34,-23,48
34,-23,48
34,-22,48
34,-22,48
35,-23,48
34,-23,48
34,-23,48
34,-22,48
34,-23,48
34,-22,48
34,-23,48
34,-23,48
34,-23,48
34,-23,48
34,-23,48
35,-22,48
34,-23,48
34,-23,48
34,-22,48
34,-22,48
34,-23,48
34,-23,49
34,-23,48
35,-22,48
35,-22,48
35,-22,48
34,-22,48
34,-22,48
34,-22,48
34,-22,48
34,-22,48
34,-22,48
34,-22,48
34,-22,49
34,-23,49
34,-23,48
33,-22,48
35,-23,48
35,-23,48
35,-23,48
36,-21,48
36,-20,48
34,-21,48
34,-21,48
35,-22,48
35,-22,48
35,-22,48
34,-22,48
34,-21,48
34,-22,49
34,-22,48
34,-23,48
33,-23,49
33,-23,49
33,-21,50
33,-21,49
33,-22,49
34,-22,49
34,-22,48
34,-22,49
34,-22,49
34,-22,49
33,-21,49
34,-21,49
34,-21,49
33,-22,49
34,-22,49
34,-22,48
34,-22,49
34,-22,49
34,-22,49
33,-22,49
33,-22,49
33,-22,49
33,-22,49
33,-22,49
34,-22,49
34,-22,49
33,-22,49
33,-22,49
34,-22,49
33,-22,49
33,-22,49
33,-22,49
34,-22,49
33,-22,49
33,-22,49
33,-22,49
33,-22,49
33,-22,49
33,-22,49
33,-22,49
34,-22,49
34,-22,49
34,-22,49
34,-22,49
33,-22,49
33,-22,49
33,-22,49
33,-22,49
33,-22,49
34,-22,49
33,-22,49
33,-22,49
33,-22,49
34,-22,49
33,-22,49
34,-22,49
34,-21,49
33,-21,49
33,-22,49
34,-22,49
34,-22,49
34,-21,50
34,-22,49
33,-22,50
34,-21,49
34,-21,49
34,-22,49
33,-22,49
34,-22,49
34,-21,49
33,-21,49
33,-21,50
33,-21,50
33,-21,50
33,-21,50
34,-21,49
34,-21,49
35,-21,49
35,-21,48
34,-21,49
34,-21,49
33,-22,49
34,-22,49
34,-21,49
34,-21,49
34,-20,49
34,-20,49
35,-21,49
35,-21,49
35,-21,49
35,-20,49
35,-20,49
34,-21,49
34,-21,49
34,-21,49
34,-21,48
35,-21,49
35,-21,49
34,-20,49
34,-20,50
34,-21,50
33,-21,49
33,-21,49
34,-21,50
34,-20,49
34,-21,49
33,-21,50
33,-21,49
33,-22,50
33,-21,49
34,-21,49
34,-21,49
34,-20,49
34,-20,49
33,-21,49
33,-21,50
33,-22,50
33,-22,49
34,-22,49
33,-21,50
33,-21,50
33,-22,50
32,-22,50
32,-21,50
33,-21,50
34,-21,49
34,-21,49
34,-21,49
34,-20,49
33,-21,49
33,-21,50
33,-21,50
34,-21,49
34,-21,49
34,-21,49
35,-20,49
34,-20,49
34,-20,49
33,-21,50
33,-21,50
34,-21,49
34,-20,49
34,-21,49
34,-21,49
34,-21,49
34,-21,50
33,-21,50
33,-21,49
34,-21,49
34,-21,49
34,-21,49
34,-21,50
34,-21,49
34,-21,49
34,-21,49
34,-21,49
34,-21,49
34,-20,49
34,-21,49
34,-21,49
34,-20,50
34,-20,49
34,-20,49
34,-20,49
34,-21,49
33,-21,50
34,-20,50
34,-20,49
34,-21,49
34,-21,49
34,-21,49
34,-21,49
34,-21,49
34,-21,50
34,-20,50
34,-20,49
34,-20,49
34,-20,49
34,-20,50
34,-21,50
34,-21,49
34,-20,49
34,-21,49
34,-20,49
34,-20,49
34,-20,49
34,-20,50
34,-21,50
34,-20,49
34,-20,49
33,-21,50
33,-20,49
34,-20,50
34,-20,49
34,-20,49
34,-20,49
34,-21,49
34,-20,49
34,-20,49
34,-20,49
34,-20,49
34,-20,49
34,-20,49
34,-20,49
34,-20,49
34,-20,50
34,-20,50
34,-20,49
34,-21,49
34,-20,49
34,-20,50
34,-21,50
34,-20,50
34,-20,50
34,-20,49
34,-21,50
34,-21,50
34,-20,49
34,-20,49
34,-20,49
34,-20,49
34,-21,49
34,-21,49
34,-20,50
34,-20,50
34,-20,50
34,-20,50
34,-20,49
34,-20,49
34,-20,49
33,-20,49
34,-20,49
34,-21,50
34,-21,49
34,-20,50
34,-20,49
34,-20,49
34,-20,49
34,-20,49
34,-20,50
34,-20,49
34,-20,50
34,-20,49
34,-21,50
34,-21,49
34,-20,49
34,-20,49
34,-21,50
34,-21,50
34,-20,49
34,-20,49
34,-20,49
34,-21,49
34,-20,50
33,-21,49
34,-21,49
34,-20,49
34,-20,50
34,-20,49
34,-20,50
34,-21,49
34,-20,50
34,-20,49
34,-20,49
34,-20,50
34,-20,49
34,-20,50
34,-20,50
34,-20,49
34,-20,49
34,-20,50
34,-20,50
33,-20,50
34,-20,50
34,-20,50
34,-20,50
34,-20,49
34,-20,49
34,-20,49
34,-20,49
34,-20,50
34,-20,50
34,-20,49
34,-20,50
34,-20,49
34,-20,49
34,-20,49
34,-20,49
34,-21,49
34,-20,50
34,-20,49
34,-20,50
34,-21,50
34,-20,49
34,-20,50
34,-20,50
34,-20,50
34,-20,49
34,-20,50
34,-20,50
34,-20,50
34,-20,50
34,-20,50
34,-20,50
34,-21,49
34,-21,50
34,-20,49
34,-20,50
34,-20,50
34,-20,50
34,-20,50
34,-20,49
34,-20,50
34,-20,50
34,-20,50
34,-20,49
34,-20,49
34,-20,49
34,-20,49
33,-20,50
34,-20,49
34,-20,49
34,-20,50
34,-20,50
34,-20,50
34,-20,49
34,-20,49
34,-20,50
34,-20,50
34,-20,50
33,-20,50
34,-20,50
34,-20,50
34,-20,50
34,-20,49
34,-20,49
34,-20,50
33,-20,50
33,-20,50
34,-20,49
33,-20,50
34,-20,49
34,-20,50
34,-21,50
34,-21,49
34,-20,50
33,-20,50
34,-20,50
33,-20,49
34,-20,49
34,-20,50
34,-20,49
34,-20,50
34,-20,50
34,-20,50
34,-21,49
34,-20,49
33,-20,50
33,-20,50
34,-20,50
34,-21,50
34,-21,49
34,-20,49
33,-20,49
34,-20,49
34,-20,50
33,-20,50
34,-20,49
34,-20,49
34,-21,50
34,-20,50
34,-20,50
34,-20,50
34,-20,50
33,-21,50
34,-21,50
34,-20,50
34,-20,49
34,-20,50
34,-20,50
33,-20,50
34,-20,49
34,-20,49
34,-20,50
34,-20,50
33,-20,50
34,-20,50
34,-20,49
34,-20,49
34,-20,49
34,-21,50
34,-20,50
33,-20,50
33,-20,50
34,-20,50
33,-20,50
34,-20,49
34,-20,50
34,-20,49
34,-20,49
34,-20,50
34,-20,50
34,-20,50
34,-20,49
34,-20,50
34,-20,49
34,-21,50
33,-20,50
34,-20,50
34,-20,50
34,-20,49
34,-20,50
33,-20,50
34,-20,50
34,-20,49
34,-20,49
34,-20,49
34,-20,50
34,-20,50
34,-20,50
34,-20,50
34,-20,50
34,-20,50
34,-20,50
34,-20,50
34,-20,49
34,-20,50
34,-20,49
34,-20,50
34,-20,50
33,-20,49
34,-20,49
34,-20,50
33,-20,50
34,-20,50
34,-20,50
34,-20,50
34,-20,49
33,-20,50
34,-20,50
34,-20,50
34,-20,50
34,-20,50
34,-20,50
34,-20,49
34,-20,49
34,-20,49
34,-20,50
34,-20,50
34,-20,49
34,-20,49
34,-20,50
34,-20,50
34,-20,50
34,-20,49
34,-20,49
34,-20,50
33,-20,50
34,-21,50
34,-20,50
34,-20,50
34,-20,49
34,-20,50
33,-20,50
34,-20,50
34,-20,50
34,-20,49
34,-20,50
33,-20,50
34,-20,50
34,-20,50
34,-20,50
34,-20,50
34,-20,50
34,-20,50
34,-20,50
33,-20,50
33,-20,50
33,-20,50
33,-20,50
34,-20,50
33,-21,50
34,-20,50
33,-20,50
34,-20,50
34,-21,49
34,-20,50
34,-20,50
33,-21,50
33,-20,50
33,-21,50
34,-20,50
34,-20,49
33,-20,50
33,-20,50
33,-21,50
33,-20,50
33,-20,50
33,-20,50
34,-21,50
33,-21,49
33,-21,50
33,-21,50
34,-21,50
33,-20,50
33,-20,50
33,-20,50
33,-21,50
33,-21,50
33,-20,50
34,-21,50
33,-21,50
33,-20,50
33,-21,50
33,-20,50
33,-20,50
33,-20,50
33,-20,50
33,-20,50
33,-20,50
34,-21,50
33,-21,50
33,-20,50
33,-20,50
33,-20,50
33,-21,50
34,-20,50
34,-21,50
33,-20,50
33,-20,50
34,-20,50
34,-20,50
33,-20,50
33,-20,50
33,-20,50
33,-20,50
33,-20,50
34,-20,49
33,-20,50
33,-20,50
33,-20,50
33,-20,50
33,-21,50
33,-21,50
33,-20,49
34,-19,50
34,-19,50
33,-21,50
34,-20,50
34,-20,50
34,-20,50
34,-20,50
34,-20,50
33,-20,50
33,-21,50
33,-20,50
33,-20,50
34,-20,50
33,-20,50
33,-20,50
33,-20,50
33,-20,50
33,-20,50
33,-20,50
33,-20,50
33,-20,50
33,-20,50
34,-20,50
33,-20,50
34,-20,50
33,-20,50
33,-20,50
33,-21,50
33,-20,50
33,-20,50
33,-20,50
33,-20,50
33,-21,50
33,-20,50
34,-20,50
34,-20,50
33,-20,50
33,-20,50
33,-20,50
33,-20,50
33,-20,50
34,-20,50
33,-20,50
33,-20,50
33,-20,50
33,-20,50
33,-20,50
33,-20,50
34,-20,50
33,-20,50
33,-20,50
33,-20,50
33,-20,50
33,-21,50
33,-20,50
33,-20,50
33,-20,50
33,-20,50
33,-20,50
33,-20,50
33,-20,50
33,-20,50
33,-20,50
33,-20,50
33,-20,50
33,-20,50
33,-20,50
33,-20,50
34,-21,50
33,-20,50
33,-20,50
33,-21,50
33,-20,50
34,-20,50
33,-20,50
33,-21,50
33,-20,50
33,-21,50
33,-21,50
33,-21,50
33,-20,50
33,-20,50
33,-21,50
33,-21,50
33,-20,50
33,-21,50
33,-20,50
33,-20,50
33,-20,50
33,-20,50
33,-21,50
34,-20,50
33,-20,50
33,-20,50
33,-20,50
33,-21,50
33,-20,50
33,-20,50
33,-20,50
33,-20,50
33,-20,50
33,-20,50
33,-20,50
33,-20,50
33,-21,50
33,-20,50
33,-20,50
33,-20,50
33,-20,50
33,-20,50
33,-20,50
33,-20,50
33,-20,50
33,-21,50
33,-20,50
33,-20,50
33,-20,50
34,-20,50
34,-20,50
33,-20,50
33,-20,50
33,-20,50
33,-20,50
33,-20,50
34,-20,50
34,-20,50
33,-20,50
33,-20,50
33,-20,50
33,-20,50
33,-20,50
33,-20,50
33,-20,50
33,-20,50
33,-20,50
33,-20,50
33,-20,50
33,-20,50
33,-20,50
34,-20,50
33,-20,50
34,-20,50
33,-20,50
33,-20,50
33,-20,50
34,-20,50
33,-20,50
33,-20,50
34,-20,50
33,-20,50
33,-21,50
33,-20,50
33,-20,50
33,-20,50
33,-20,50
33,-20,50
33,-20,50
33,-20,50
33,-20,50
33,-20,50
33,-20,50
33,-20,50
33,-20,50
33,-20,50
33,-20,50
33,-20,50
34,-20,50
33,-20,50
33,-20,50
34,-20,50
33,-20,50
33,-20,50
33,-20,50
33,-20,50
33,-20,50
34,-20,50
34,-20,49
33,-20,50
33,-20,50
33,-20,50
33,-20,50
34,-20,50
34,-20,50
33,-20,50
33,-20,50
33,-20,50
34,-20,50
34,-20,50
33,-20,50
33,-20,50
33,-20,50
33,-20,50
33,-20,50
33,-20,50
33,-20,50
33,-20,50
33,-20,50
33,-20,50
33,-20,50
33,-20,50
33,-20,50
33,-20,50
34,-20,50
33,-20,50
33,-20,50
33,-20,50
33,-20,50
33,-20,50
33,-20,50
33,-20,50
33,-20,50
33,-20,50
33,-20,50
33,-20,50
33,-20,50
33,-20,50
33,-20,50
33,-20,50
33,-20,50
33,-20,50
33,-20,50
33,-21,50
33,-20,50
33,-20,50
33,-20,50
33,-20,50
33,-20,50
33,-20,50
33,-20,50
33,-21,50
33,-21,50
33,-21,50
33,-20,50
33,-21,50
33,-20,50
33,-20,50
33,-20,50
33,-20,50
33,-20,50
33,-21,50
33,-21,50
33,-21,50
33,-21,50
33,-21,50
33,-21,50
33,-20,50
33,-20,50
33,-21,50
33,-21,50
33,-20,50
33,-21,50
33,-20,50
33,-20,50
33,-20,50
33,-20,50
33,-21,50
33,-20,50
33,-20,50
33,-21,50
33,-21,50
33,-20,50
33,-20,50
33,-20,50
33,-20,50
33,-20,50
33,-20,50
33,-20,50
33,-20,50
33,-20,50
33,-20,50
33,-21,50
33,-20,50
33,-20,50
33,-20,50
33,-20,50
33,-20,50
33,-20,50
33,-20,50
33,-20,50
33,-21,50
33,-20,50
33,-20,50
33,-20,50
33,-20,50
33,-21,50
33,-20,50
33,-20,50
33,-20,50
33,-20,50
33,-20,50
33,-20,50
33,-20,50
33,-21,50
33,-20,50
33,-20,50
33,-20,50
33,-20,50
33,-20,50
33,-20,50
33,-20,50
33,-20,50
33,-20,50
33,-20,50
33,-20,50
33,-20,50
33,-20,50
33,-20,50
33,-20,50
33,-20,50
33,-20,50
33,-20,50
33,-20,50
33,-20,50
33,-20,50
33,-20,50
33,-20,50
33,-20,50
33,-20,50
33,-21,50
33,-20,50
33,-20,50
33,-20,50
33,-20,50
33,-20,50
33,-20,50
33,-20,50
33,-20,50
33,-20,50
33,-20,50
33,-20,50
33,-20,50
33,-20,50
33,-20,50
33,-20,50
33,-20,50
33,-20,50
33,-20,50
33,-20,50
33,-20,50
33,-20,50
33,-20,50
33,-20,50
33,-20,50
33,-20,50
33,-20,50
33,-20,50
33,-20,50
33,-20,50
33,-20,50
33,-20,50
33,-20,50
33,-20,50
33,-20,50
33,-20,50
33,-20,50
33,-20,50
33,-20,50
33,-20,50
33,-20,50
33,-20,50
33,-20,50
33,-20,50
33,-20,50
33,-20,50
33,-20,50
33,-20,50
33,-20,50
33,-20,50
33,-20,50
33,-20,50
33,-20,50
33,-20,50
33,-20,50
33,-20,50
33,-20,50
33,-20,50
33,-20,50
33,-20,50
33,-20,50
33,-20,50
33,-20,50
33,-20,50
33,-20,50
33,-20,50
33,-20,50
33,-20,50
33,-20,50
33,-20,50
33,-20,50
33,-20,50
33,-20,50
33,-20,50
33,-21,50
33,-20,50
33,-20,50
34,-20,50
33,-20,50
33,-20,50
33,-20,50
33,-20,50
33,-20,50
33,-20,50
33,-20,50
33,-20,50
33,-20,50
33,-20,50
33,-20,50
33,-20,50
33,-21,50
33,-21,50
33,-20,50
34,-20,50
34,-20,50
33,-20,50
33,-20,50
33,-20,50
33,-20,50
34,-20,50
34,-20,49
34,-20,50
33,-20,50
33,-20,50
33,-20,50
33,-20,50
33,-20,50
33,-20,50
33,-20,50
33,-20,50
33,-20,50
33,-20,50
33,-20,50
33,-20,50
33,-20,50
33,-20,50
33,-20,50
33,-20,50
33,-20,50
33,-20,50
33,-20,50
33,-20,50
33,-20,50
33,-20,50
34,-20,50
33,-20,50
33,-20,50
33,-20,50
33,-20,50
33,-20,50
33,-20,50
33,-20,50
33,-20,50
33,-20,50
34,-20,50
33,-20,50
33,-20,50
33,-20,50
33,-20,50
34,-20,50
34,-20,50
34,-19,50
33,-20,50
32,-20,50
33,-23,52
33,-22,50
34,-21,50
32,-20,50
32,-19,49
31,-18,51
31,-18,52
31,-19,51
34,-20,50
34,-20,50
34,-20,50
34,-20,50
33,-19,50
33,-19,51
33,-19,50
33,-19,50
34,-19,50
34,-19,50
34,-19,50
33,-20,51
33,-20,50
33,-19,50
34,-19,50
34,-20,50
33,-19,50
33,-19,50
33,-19,50
33,-19,50
34,-19,50
34,-19,50
34,-19,50
33,-20,50
33,-19,50
33,-19,50
34,-19,50
33,-19,50
33,-19,50
33,-19,50
34,-20,50
34,-21,51
34,-21,50
33,-19,50
32,-19,49
33,-17,50
32,-18,51
32,-19,51
34,-20,50
35,-20,50
35,-20,49
35,-20,49
34,-19,50
33,-19,51
33,-19,50
33,-19,50
34,-19,50
34,-19,50
34,-19,50
34,-19,50
33,-19,50
34,-19,50
34,-19,50
33,-19,50
33,-19,50
33,-19,50
34,-19,50
34,-19,50
34,-19,50
33,-19,50
33,-19,50
33,-19,50
34,-19,50
34,-19,50
34,-19,50
33,-19,50
33,-19,50
33,-19,50
33,-19,50
34,-19,50
33,-19,50
34,-19,50
34,-19,50
33,-19,50
33,-19,50
33,-19,50
33,-19,50
33,-19,50
33,-19,50
34,-20,50
33,-19,50
33,-19,50
33,-19,50
33,-19,50
33,-20,50
34,-19,50
33,-19,50
33,-19,50
33,-19,50
33,-19,50
34,-19,50
33,-19,50
33,-19,50
33,-19,50
33,-19,50
33,-19,50
33,-19,50
33,-19,50
33,-20,50
33,-19,50
33,-19,50
33,-19,50
33,-19,50
33,-19,50
34,-19,50
33,-20,50
33,-19,50
33,-19,50
33,-19,50
34,-19,50
34,-19,50
34,-20,50
33,-19,50
33,-19,50
34,-19,50
33,-19,50
33,-19,50
33,-19,50
33,-19,51
33,-19,50
33,-19,50
34,-19,50
34,-19,50
33,-19,50
34,-19,50
34,-19,50
34,-19,50
33,-19,50
33,-19,50
33,-19,50
34,-19,50
33,-19,50
33,-19,50
34,-19,50
34,-19,50
34,-19,50
34,-19,50
33,-19,50
33,-19,50
33,-19,50
34,-19,50
34,-19,50
33,-19,50
33,-19,50
34,-19,50
34,-19,50
33,-19,50
34,-19,50
33,-19,50
34,-19,50
33,-19,50
34,-19,50
34,-19,50
34,-19,50
33,-19,50
34,-19,50
34,-19,50
34,-19,50
34,-19,50
34,-19,50
33,-19,50
34,-19,50
34,-19,50
34,-19,50
34,-19,50
34,-19,50
33,-19,50
33,-19,50
34,-19,50
34,-19,50
33,-19,50
33,-19,50
33,-19,50
34,-19,50
34,-19,50
34,-19,50
34,-19,50
34,-19,50
33,-19,51
33,-19,50
34,-19,50
34,-19,50
34,-19,50
33,-19,50
33,-19,50
34,-19,50
33,-19,50
33,-19,50
34,-19,50
34,-19,50
34,-19,50
34,-19,50
33,-19,50
33,-19,50
34,-19,50
34,-19,50
34,-19,50
33,-19,50
33,-19,50
34,-19,50
33,-19,50
33,-19,50
34,-19,50
33,-19,50
33,-19,50
34,-19,50
33,-19,50
33,-19,50
33,-19,50
33,-19,50
33,-19,50
33,-19,50
33,-19,50
34,-19,50
33,-19,50
34,-19,50
33,-19,50
33,-19,50
34,-19,50
33,-19,50
33,-19,50
33,-19,50
33,-19,50
33,-19,50
33,-19,50
33,-19,50
33,-19,50
34,-19,50
33,-19,50
33,-19,50
33,-19,50
34,-19,50
33,-19,50
33,-19,50
34,-19,50
33,-19,50
33,-19,50
33,-19,50
34,-19,50
33,-19,50
34,-19,50
34,-19,50
33,-19,50
33,-19,50
33,-19,50
34,-19,50
34,-19,50
33,-19,50
33,-19,50
34,-19,50
33,-19,50
33,-19,50
33,-19,50
33,-19,50
33,-19,50
33,-19,50
33,-19,50
34,-19,50
33,-19,50
33,-19,50
33,-19,50
33,-19,50
33,-19,50
33,-19,50
34,-19,50
33,-19,50
33,-19,50
33,-19,50
33,-19,50
33,-19,50
33,-19,50
33,-19,50
33,-19,50
34,-19,50
34,-19,50
33,-19,50
34,-19,50
34,-19,50
33,-19,51
33,-19,50
34,-19,50
33,-19,50
33,-19,50
34,-19,50
34,-19,50
33,-19,50
34,-19,50
33,-19,50
33,-19,50
33,-19,50
33,-19,50
33,-19,50
33,-19,50
33,-19,50
33,-19,50
34,-19,51
33,-19,50
33,-19,50
34,-19,50
33,-19,50
33,-19,50
33,-19,50
33,-19,50
33,-19,50
33,-19,50
33,-19,50
33,-19,50
33,-19,50
33,-19,50
33,-19,50
33,-19,50
33,-19,50
33,-19,50
33,-19,50
33,-19,50
33,-19,50
33,-19,50
34,-19,50
34,-19,50
33,-19,50
33,-19,50
33,-19,50
33,-19,50
34,-19,50
33,-19,50
33,-19,50
33,-19,50
33,-19,50
33,-19,50
34,-19,50
33,-19,50
33,-19,50
33,-19,50
34,-19,50
33,-19,50
33,-19,50
34,-19,50
33,-19,50
33,-19,50
33,-19,50
33,-19,50
34,-19,50
34,-20,50
34,-19,50
33,-19,50
33,-19,50
33,-19,50
34,-19,50
34,-19,50
33,-19,50
33,-19,50
33,-19,50
34,-19,50
34,-19,50
34,-19,50
34,-19,50
33,-19,50
34,-19,50
34,-19,50
33,-19,50
34,-19,50
34,-19,50
34,-19,50
33,-19,50
33,-19,50
34,-19,50
34,-19,50
34,-19,50
34,-19,50
34,-19,50
33,-19,50
33,-19,50
33,-19,50
33,-19,50
34,-19,50
34,-19,50
34,-19,50
34,-19,50
34,-19,50
34,-19,50
34,-19,50
33,-19,50
34,-19,50
34,-19,50
34,-19,50
33,-19,50
34,-19,50
33,-19,50
34,-19,50
33,-19,50
33,-19,50
34,-19,50
34,-19,50
34,-19,50
34,-19,50
33,-19,50
33,-19,50
34,-19,50
34,-19,50
33,-19,50
33,-19,50
34,-19,50
33,-19,50
33,-19,50
33,-19,50
33,-19,50
33,-19,50
33,-19,50
33,-19,50
33,-19,50
33,-19,50
33,-19,50
34,-19,50
33,-19,50
33,-19,50
33,-19,50
33,-19,50
33,-19,50
34,-19,50
34,-19,50
34,-19,50
33,-19,50
33,-19,50
33,-19,50
33,-19,50
33,-19,50
33,-19,50
33,-19,50
33,-19,50
34,-19,50
34,-19,50
33,-19,50
33,-19,50
33,-19,50
33,-19,50
34,-19,50
33,-19,50
33,-19,50
33,-19,50
34,-19,50
33,-19,50
33,-19,50
33,-19,50
33,-19,50
34,-19,50
34,-19,50
33,-19,50
33,-19,50
33,-19,50
34,-19,50
33,-19,50
33,-19,50
33,-19,51
33,-19,50
33,-19,50
34,-19,50
33,-19,51
33,-19,50
33,-19,50
33,-19,50
34,-19,50
33,-19,50
33,-19,50
34,-19,50
34,-19,50
34,-19,50
33,-19,50
33,-19,50
33,-19,50
33,-19,50
33,-19,50
34,-19,50
33,-19,50
33,-19,50
33,-19,50
34,-19,50
33,-19,50
33,-19,50
34,-19,50
33,-19,50
34,-19,50
34,-19,50
33,-19,50
34,-19,50
34,-19,50
33,-19,50
34,-19,50
34,-19,50
34,-19,50
33,-19,50
34,-19,50
33,-19,50
33,-19,50
34,-19,50
33,-19,50
33,-19,50
33,-19,51
33,-19,50
33,-19,50
34,-19,50
34,-19,50
33,-19,50
33,-19,50
33,-19,50
33,-19,50
33,-19,50
33,-19,50
33,-19,51
33,-19,50
33,-19,50
33,-19,51
33,-19,50
33,-19,50
33,-19,50
33,-19,50
33,-19,50
33,-19,50
33,-19,50
33,-19,50
33,-19,50
33,-19,50
33,-19,50
33,-19,50
33,-19,50
33,-19,50
33,-19,50
33,-19,50
33,-19,50
33,-19,50
33,-19,50
33,-19,50
33,-19,50
33,-19,50
33,-19,51
33,-19,50
33,-19,50
33,-19,50
33,-19,50
33,-19,50
33,-19,51
33,-19,50
33,-19,50
33,-19,50
33,-19,51
33,-19,50
33,-19,50
33,-19,50
33,-20,50
33,-19,51
33,-19,50
33,-19,50
33,-19,50
34,-19,50
33,-19,50
33,-19,50
33,-19,51
33,-19,50
33,-19,50
33,-19,50
33,-19,50
33,-19,50
33,-19,50
33,-19,50
33,-19,50
33,-19,51
33,-19,50
33,-19,51
33,-19,50
34,-19,51
33,-19,51
33,-19,50
33,-19,50
33,-19,50
33,-19,50
33,-19,50
33,-19,51
33,-19,50
33,-19,50
34,-19,50
33,-19,50
34,-19,50
33,-19,50
33,-19,50
33,-19,50
33,-19,50
33,-19,50
33,-19,50
33,-19,50
33,-19,50
33,-19,50
33,-19,50
34,-19,50
33,-19,50
33,-19,51
33,-19,50
33,-19,50
33,-19,50
33,-19,51
33,-19,50
33,-19,50
33,-19,50
33,-19,50
33,-19,50
33,-19,50
33,-19,51
33,-19,50
33,-19,51
33,-19,50
33,-19,50
33,-19,50
33,-19,50
33,-19,50
33,-19,50
33,-19,50
33,-19,50
33,-19,50
33,-19,51
33,-19,50
33,-19,50
33,-19,50
33,-19,50
33,-19,51
33,-19,50
33,-19,51
33,-19,50
33,-19,50
33,-19,50
33,-19,50
33,-19,50
33,-19,50
33,-19,51
33,-19,51
33,-19,51
33,-19,51
33,-19,50
33,-19,50
33,-19,51
33,-19,51
33,-19,50
33,-19,51
33,-19,51
33,-19,50
33,-19,50
33,-19,50
33,-19,51
33,-19,50
33,-19,50
33,-19,50
33,-19,50
33,-19,51
33,-19,50
33,-19,50
33,-19,50
33,-19,50
33,-19,50
33,-19,50
33,-19,51
33,-19,51
33,-19,50
33,-19,50
33,-19,51
33,-19,50
33,-19,50
33,-19,50
33,-19,50
33,-19,51
33,-19,50
33,-19,50
33,-19,51
33,-19,51
33,-19,50
33,-19,50
33,-19,50
33,-19,51
33,-19,50
33,-19,51
33,-19,50
33,-19,50
34,-19,50
33,-19,50
33,-19,51
33,-19,50
33,-19,50
33,-19,50
34,-19,50
33,-19,50
33,-19,50
33,-19,50
33,-19,50
34,-19,50
33,-19,50
33,-19,50
33,-19,50
33,-19,50
33,-19,50
33,-19,50
33,-19,50
34,-19,51
33,-19,50
33,-19,50
33,-19,50
33,-19,50
33,-19,50
34,-19,50
33,-19,50
33,-19,50
33,-19,51
33,-19,50
33,-19,50
33,-19,50
33,-19,51
34,-19,50
33,-19,50
33,-19,50
33,-19,51
33,-19,50
33,-19,50
33,-19,50
33,-19,50
33,-19,50
33,-19,50
33,-19,50
33,-19,50
33,-19,50
33,-19,50
33,-19,50
33,-19,51
33,-19,50
33,-19,51
33,-19,50
33,-19,50
33,-19,50
33,-19,50
33,-19,50
34,-19,50
34,-19,50
33,-19,50
33,-19,51
33,-19,50
33,-19,50
33,-19,50
34,-19,51
33,-19,51
33,-19,50
33,-19,50
33,-19,51
33,-19,50
33,-19,50
33,-19,51
33,-19,50
34,-19,50
33,-19,50
33,-19,50
33,-19,51
33,-19,50
33,-19,50
33,-19,50
33,-19,51
33,-19,50
33,-19,50
34,-19,50
34,-19,50
33,-19,50
33,-19,50
33,-19,50
33,-19,51
33,-19,50
33,-19,50
33,-19,51
33,-19,50
33,-19,50
33,-19,50
33,-19,51
33,-19,50
33,-19,51
33,-19,50
33,-19,50
33,-19,50
33,-19,50
33,-19,51
33,-19,51
33,-19,50
33,-19,50
33,-19,51
33,-19,50
33,-19,50
33,-19,50
33,-19,50
33,-19,51
33,-19,50
33,-19,51
33,-19,50
33,-19,50
33,-19,51
33,-19,50
33,-19,50
33,-19,50
33,-19,50
33,-19,50
33,-19,51
34,-19,50
33,-19,50
33,-19,50
33,-19,50
33,-19,50
33,-19,50
33,-19,50
33,-19,51
33,-19,51
33,-19,50
33,-19,51
33,-19,50
33,-19,50
34,-19,50
33,-19,51
33,-19,51
34,-19,50
33,-19,50
33,-19,50
33,-19,50
33,-19,50
34,-19,50
33,-19,51
33,-19,50
33,-19,50
33,-19,50
34,-18,50
34,-19,50
33,-19,50
34,-19,50
33,-19,50
33,-19,50
33,-19,50
34,-19,50
33,-18,50
34,-18,50
33,-19,50
33,-19,50
33,-19,50
34,-19,50
34,-19,51
33,-19,50
33,-19,50
34,-18,50
34,-18,50
34,-19,50
33,-19,50
34,-19,50
33,-19,51
33,-19,50
33,-19,51
33,-19,51
33,-19,50
33,-18,50
33,-18,51
34,-19,51
33,-19,50
33,-19,50
33,-19,50
33,-19,51
33,-19,50
33,-19,50
33,-19,51
33,-19,51
33,-19,50
33,-19,50
33,-19,51
33,-19,50
33,-19,50
33,-19,51
33,-19,50
33,-19,50
33,-19,50
33,-19,51
33,-19,50
33,-19,51
33,-19,50
33,-19,51
33,-19,50
33,-19,50
33,-19,51
33,-19,50
33,-19,50
33,-19,50
33,-19,50
33,-19,51
33,-19,50
33,-19,51
33,-19,50
33,-19,50
33,-19,50
33,-19,51
33,-19,51
33,-19,50
33,-19,50
33,-19,50
33,-19,51
33,-19,50
33,-19,50
33,-19,50
33,-19,50
33,-19,51
33,-19,51
33,-19,50
33,-19,50
33,-19,50
33,-19,50
33,-19,51
33,-19,51
33,-19,50
34,-19,50
33,-19,50
33,-19,50
33,-19,50
33,-19,51
33,-19,50
33,-19,50
33,-19,51
33,-19,51
33,-19,50
33,-19,50
34,-19,51
33,-19,51
33,-19,50
33,-19,51
33,-19,51
33,-19,50
33,-19,50
33,-19,51
33,-19,50
33,-19,50
33,-19,50
33,-19,50
33,-19,50
33,-19,51
33,-19,50
33,-18,51
34,-19,51
33,-19,50
34,-19,50
34,-19,50
33,-19,50
33,-19,50
33,-19,50
33,-19,51
33,-19,50
33,-19,51
33,-19,51
33,-19,50
33,-19,50
34,-19,50
33,-19,50
33,-19,50
33,-19,50
34,-19,50
33,-19,50
33,-19,50
33,-19,51
33,-19,51
33,-19,51
33,-19,50
33,-19,50
33,-19,50
33,-19,51
33,-19,51
33,-19,50
33,-19,50
33,-19,50
33,-19,50
33,-19,50
33,-19,51
33,-19,51
33,-19,50
33,-19,50
33,-19,51
33,-19,51
33,-19,51
33,-19,51
33,-19,50
33,-19,50
33,-19,50
33,-19,51
33,-19,51
33,-19,51
33,-19,51
33,-19,51
33,-19,50
33,-19,50
33,-19,51
33,-19,51
33,-19,51
33,-19,50
33,-19,50
33,-19,51
33,-19,50
33,-19,50
33,-19,50
33,-19,50
33,-19,51
33,-19,51
33,-19,50
33,-19,51
33,-19,51
33,-19,51
33,-19,50
33,-19,50
33,-19,50
33,-19,51
33,-19,51
33,-19,51
33,-19,50
33,-19,51
33,-19,50
33,-19,50
33,-19,50
33,-19,50
33,-19,51
33,-19,51
33,-19,50
33,-19,51
33,-19,50
33,-19,51
33,-19,51
33,-19,50
33,-19,51
33,-19,51
33,-19,50
33,-19,50
33,-19,51
33,-19,50
33,-19,51
33,-19,51
33,-19,51
33,-19,50
33,-19,51
33,-19,51
33,-19,50
33,-19,50
33,-19,51
33,-19,50
33,-19,51
33,-19,51
33,-19,50
33,-19,50
33,-19,50
33,-19,51
33,-19,50
33,-19,50
33,-19,50
33,-19,51
34,-19,50
33,-19,51
33,-19,50
33,-19,50
33,-19,51
33,-19,50
33,-19,51
33,-19,51
33,-19,50
33,-19,50
33,-19,51
33,-19,50
33,-19,51
33,-19,51
33,-19,51
33,-19,51
33,-19,50
33,-19,50
33,-19,51
33,-19,51
33,-19,51
33,-19,50
33,-19,51
33,-19,50
33,-19,51
33,-19,51
33,-19,51
33,-19,50
33,-19,50
33,-19,51
33,-19,51
33,-19,51
33,-19,51
33,-19,51
33,-19,50
33,-19,50
33,-19,51
33,-19,50
33,-19,50
33,-19,51
33,-19,50
33,-19,51
33,-19,51
33,-19,51
33,-19,51
33,-19,51
33,-19,51
33,-19,51
33,-19,51
33,-19,50
33,-19,51
33,-19,51
33,-19,51
33,-19,51
33,-19,51
33,-19,51
33,-19,50
33,-19,51
33,-19,51
33,-19,51
33,-19,50
33,-19,51
33,-19,51
33,-19,50
33,-19,51
33,-19,51
33,-19,50
33,-19,51
33,-19,51
33,-19,51
33,-19,50
33,-19,51
33,-19,51
33,-19,50
33,-19,51
33,-19,50
33,-19,51
33,-19,51
33,-19,51
33,-19,51
33,-19,51
33,-19,51
33,-19,51
33,-19,50
33,-19,50
33,-19,51
33,-19,51
33,-19,51
33,-18,51
33,-19,51
33,-19,51
33,-19,51
33,-19,51
33,-19,50
33,-19,50
33,-19,50
33,-19,51
33,-19,51
33,-19,51
33,-19,51
33,-19,50
33,-19,51
33,-19,50
33,-19,51
33,-19,50
33,-19,51
33,-19,51
33,-19,50
33,-18,50
33,-19,51
33,-19,50
33,-19,50
33,-19,51
33,-19,50
33,-19,51
33,-19,51
33,-19,50
33,-18,50
33,-19,51
33,-19,51
33,-19,50
33,-19,50
33,-19,50
33,-19,51
33,-19,51
33,-19,50
33,-19,51
33,-19,50
33,-19,50
33,-19,50
33,-19,50
33,-19,50
33,-19,50
33,-19,50
33,-19,51
33,-19,51
33,-19,51
33,-19,51
33,-19,51
33,-19,51
33,-19,50
33,-19,50
33,-19,51
33,-19,51
33,-19,51
33,-19,51
33,-19,51
33,-19,50
33,-19,51
33,-19,50
33,-19,50
33,-19,51
33,-19,51
33,-19,51
33,-19,51
33,-19,51
33,-19,51
33,-19,51
33,-19,51
33,-19,50
33,-19,51
33,-19,50
33,-19,51
33,-19,51
33,-19,51
33,-19,50
33,-19,50
34,-19,50
33,-19,51
33,-19,51
33,-19,51
33,-19,50
33,-19,50
34,-19,50
33,-19,51
33,-19,51
33,-19,50
33,-19,51
33,-19,50
33,-19,50
33,-19,51
33,-19,51
33,-19,50
33,-19,51
33,-19,51
33,-19,51
33,-19,50
33,-19,50
33,-19,51
33,-19,51
33,-19,51
33,-19,51
33,-19,50
33,-19,50
33,-19,50
33,-19,51
33,-19,50
33,-19,50
33,-19,50
33,-19,51
33,-18,50
33,-19,51
33,-19,51
33,-19,51
33,-19,50
33,-19,51
33,-19,51
33,-19,51
33,-19,50
33,-19,50
33,-19,50
33,-19,50
33,-19,51
33,-18,50
33,-18,50
33,-19,51
33,-19,51
33,-19,51
33,-19,51
33,-19,50
33,-19,50
33,-19,50
34,-19,50
33,-19,50
33,-19,51
33,-19,51
33,-19,51
33,-19,50
34,-19,50
33,-19,51
33,-19,51
33,-19,50
33,-19,51
34,-19,50
33,-19,50
33,-18,50
33,-19,50
33,-19,50
33,-19,51
33,-19,50
33,-19,51
33,-19,51
33,-19,51
33,-19,50
33,-19,51
33,-19,51
33,-19,50
33,-19,50
33,-19,50
33,-19,50
33,-19,50
33,-19,51
33,-19,51
33,-19,51
33,-19,50
33,-19,50
33,-19,50
33,-19,51
33,-19,50
33,-19,51
33,-19,51
33,-19,51
33,-19,51
33,-19,50
33,-19,50
33,-19,51
33,-19,51
33,-19,51
33,-19,50
33,-19,51
33,-19,51
33,-19,51
33,-19,50
33,-19,51
33,-19,50
33,-19,50
33,-19,50
33,-19,50
33,-19,51
33,-19,50
33,-19,51
33,-19,50
33,-19,51
33,-19,50
34,-19,50
33,-19,51
33,-19,50
33,-19,50
33,-19,51
33,-19,51
33,-19,51
33,-19,51
33,-19,51
33,-19,51
33,-19,50
33,-19,51
33,-18,51
33,-19,51
33,-19,51
33,-19,50
33,-19,50
33,-19,50
33,-19,51
33,-19,51
33,-19,51
33,-19,50
33,-19,50
33,-19,51
33,-19,50
33,-19,51
33,-19,50
33,-19,50
33,-19,51
33,-19,50
33,-19,51
33,-19,50
33,-19,50
33,-19,51
33,-19,50
33,-19,50
33,-19,51
33,-19,50
33,-19,51
33,-19,51
33,-19,51
33,-19,50
33,-19,50
33,-19,51
33,-19,51
33,-18,51
33,-19,51
33,-19,50
33,-18,51
33,-18,50
33,-19,51
33,-19,50
33,-19,50
33,-19,50
33,-19,51
33,-19,51
33,-19,51
33,-19,50
33,-19,50
33,-19,51
33,-19,50
33,-19,50
33,-19,50
33,-19,51
33,-19,51
33,-19,51
33,-19,51
33,-19,50
33,-19,51
33,-19,50
33,-19,50
33,-19,50
33,-19,51
33,-19,50
33,-19,51
33,-19,51
33,-19,51
33,-19,51
33,-19,50
33,-19,50
33,-19,50
33,-19,51
33,-19,51
33,-19,50
33,-19,51
33,-19,51
33,-19,51
33,-19,51
33,-19,51
33,-19,51
33,-19,51
33,-18,51
33,-19,51
33,-19,51
33,-19,50
34,-19,51
33,-19,50
33,-19,50
33,-19,51
33,-19,51
33,-19,51
33,-19,50
33,-19,51
33,-19,51
33,-19,51
33,-19,50
33,-19,50
33,-19,51
33,-19,51
33,-18,51
33,-19,50
33,-19,51
33,-19,51
33,-19,51
33,-19,50
33,-19,51
33,-19,50
33,-19,51
33,-19,50
33,-19,51
33,-19,50
33,-18,51
33,-19,50
33,-19,50
33,-19,50
34,-19,50
33,-19,50
33,-19,51
33,-19,51
33,-19,51
33,-19,50
33,-19,51
33,-19,51
33,-19,51
33,-19,51
33,-19,50
33,-19,51
33,-19,50
33,-19,50
33,-19,50
33,-19,50
33,-19,50
33,-19,50
33,-19,50
33,-19,50
33,-19,50
34,-19,50
33,-19,51
33,-19,51
33,-19,51
33,-19,51
33,-18,50
33,-19,51
33,-19,50
33,-19,50
33,-19,50
33,-19,50
33,-19,51
33,-19,51
33,-19,51
33,-19,50
33,-19,51
33,-19,51
33,-19,51
33,-19,50
33,-19,50
33,-19,50
33,-19,51
33,-19,50
33,-19,51
33,-19,51
33,-19,50
33,-19,51
33,-19,51
33,-19,51
33,-19,51
33,-19,50
33,-19,51
33,-19,51
33,-19,51
33,-19,51
33,-19,51
33,-19,50
33,-19,50
33,-19,51
33,-19,51
33,-19,51
33,-19,51
33,-19,51
33,-19,50
33,-19,51
33,-19,51
33,-19,51
33,-19,51
33,-19,50
33,-19,51
33,-19,51
33,-19,50
33,-19,51
33,-19,51
33,-19,51
33,-19,51
33,-19,51
33,-19,50
33,-19,50
33,-19,50
33,-19,51
33,-19,51
33,-19,50
33,-19,50
33,-19,50
33,-19,51
33,-19,51
33,-19,51
33,-19,51
33,-19,50
33,-19,50
33,-19,51
33,-19,50
33,-19,51
33,-19,50
33,-19,51
33,-19,51
33,-19,51
33,-19,51
33,-19,51
33,-19,51
33,-19,50
33,-18,50
33,-19,51
33,-19,51
33,-19,51
33,-19,50
33,-18,51
33,-19,50
33,-19,51
33,-19,50
34,-19,50
33,-19,50
33,-18,50
33,-19,51
33,-19,50
33,-18,50
33,-18,51
33,-19,51
33,-19,50
33,-19,50
33,-19,51
33,-19,51
33,-18,51
33,-18,50
33,-19,50
33,-18,50
33,-19,51
33,-19,50
33,-19,51
33,-18,50
33,-19,50
33,-19,51
33,-19,51
33,-19,51
33,-19,51
33,-18,50
33,-19,51
33,-19,50
33,-19,50
33,-19,50
33,-19,51
33,-19,50
33,-19,51
33,-19,51
33,-19,50
33,-19,51
33,-19,51
33,-19,50
33,-19,50
33,-19,51
33,-19,51
33,-19,50
33,-19,51
33,-19,50
33,-19,50
33,-19,51
33,-19,51
33,-19,51
33,-19,51
33,-19,50
33,-19,51
33,-19,51
33,-19,51
33,-19,50
34,-19,50
33,-19,51
33,-19,50
33,-19,51
33,-19,51
33,-19,51
33,-19,51
33,-19,51
33,-18,50
33,-18,50
35,-17,50
35,-18,50
33,-19,51
33,-19,51
32,-19,51
33,-18,50
34,-18,50
34,-18,50
34,-18,51
33,-19,51
33,-19,51
33,-19,51
34,-18,51
34,-18,51
33,-18,51
33,-19,51
33,-19,51
33,-19,51
33,-19,50
33,-19,51
33,-18,51
33,-18,51
33,-19,51
33,-19,51
33,-18,51
33,-19,51
33,-19,51
33,-19,51
33,-19,51
33,-19,51
33,-18,51
33,-19,51
33,-19,51
33,-18,51
33,-19,51
32,-19,51
33,-19,51
33,-19,51
33,-19,51
33,-18,51
33,-19,51
32,-19,51
33,-19,51
33,-19,51
33,-19,51
32,-19,51
32,-19,51
33,-19,51
32,-19,51
32,-19,51
32,-19,51
32,-19,51
32,-19,51
33,-18,51
33,-18,51
32,-19,51
32,-19,52
32,-18,50
33,-19,51
33,-19,51
33,-19,51
33,-19,51
33,-19,51
31,-18,51
33,-18,51
33,-18,51
33,-18,51
33,-18,51
33,-19,51
32,-19,51
33,-18,51
33,-18,51
33,-18,51
33,-18,51
32,-18,51
33,-18,51
33,-19,51
33,-18,51
33,-19,51
33,-18,51
33,-18,51
33,-19,51
33,-19,51
33,-18,51
33,-18,51
33,-19,51
33,-18,51
33,-18,51
32,-18,51
32,-18,51
33,-18,51
33,-18,51
33,-18,51
33,-18,51
33,-18,51
33,-18,51
33,-19,51
33,-18,51
33,-18,51
33,-18,51
33,-18,51
33,-18,51
33,-18,51
33,-18,51
33,-19,51
33,-18,51
33,-19,51
33,-19,51
33,-19,51
33,-19,51
33,-19,51
33,-18,51
33,-18,51
33,-18,51
33,-19,51
33,-19,51
33,-18,51
33,-18,51
33,-19,51
33,-19,51
33,-19,51
33,-18,51
33,-18,51
33,-19,51
33,-18,51
33,-18,51
33,-19,51
33,-19,51
32,-19,51
33,-18,51
33,-18,51
33,-18,51
33,-19,51
33,-18,51
33,-18,51
33,-18,51
33,-19,51
33,-19,51
33,-18,51
33,-18,51
33,-19,51
33,-19,51
33,-18,51
33,-18,51
33,-18,51
33,-19,51
33,-19,51
33,-18,51
33,-18,51
33,-18,51
33,-18,51
33,-18,51
33,-18,51
33,-19,51
33,-19,51
33,-19,51
33,-19,51
33,-18,51
33,-19,51
33,-18,51
33,-18,50
33,-18,51
33,-18,51
33,-18,51
33,-18,51
33,-19,51
33,-18,51
33,-18,51
33,-19,51
33,-19,51
33,-18,51
33,-18,51
33,-18,51
33,-18,51
33,-19,51
33,-19,51
33,-18,51
33,-18,51
33,-18,51
33,-18,51
33,-18,51
33,-18,51
33,-18,51
33,-19,51
33,-18,51
33,-18,51
33,-18,51
33,-18,51
33,-18,51
33,-18,51
33,-18,51
33,-19,51
33,-18,51
33,-19,51
33,-18,51
33,-18,51
33,-18,51
33,-18,51
33,-18,51
33,-18,51
33,-18,51
33,-18,51
33,-18,51
33,-18,51
33,-18,51
33,-18,51
33,-18,51
33,-18,51
33,-18,51
33,-18,51
33,-19,51
33,-19,51
33,-18,51
33,-19,51
33,-18,51
33,-18,51
33,-19,51
33,-19,51
33,-18,51
33,-19,51
33,-19,51
33,-19,51
33,-19,51
33,-18,51
33,-18,51
33,-19,51
33,-18,51
33,-18,51
33,-18,51
33,-19,51
32,-18,51
33,-18,51
33,-19,51
33,-19,51
33,-19,50
33,-19,51
33,-19,51
33,-19,51
33,-19,51
33,-19,51
33,-18,51
33,-19,51
32,-19,51
33,-19,51
33,-19,51
33,-19,51
33,-19,51
33,-18,51
33,-18,51
32,-19,51
34,-18,51
33,-19,51
33,-19,51
33,-18,51
32,-18,51
33,-18,51
33,-19,51
33,-19,51
33,-19,51
33,-19,51
33,-19,51
33,-18,51
33,-18,51
33,-18,51
33,-18,51
33,-18,51
33,-19,51
33,-18,51
33,-18,51
33,-19,51
33,-18,51
33,-19,51
33,-18,51
33,-18,51
33,-19,51
33,-18,51
33,-18,51
33,-18,51
33,-18,51
33,-18,51
33,-19,51
33,-18,51
33,-18,51
33,-18,51
33,-18,51
33,-18,51
33,-18,51
33,-18,51
33,-19,51
33,-19,51
33,-18,51
33,-19,51
33,-18,51
33,-18,51
33,-18,51
33,-18,51
33,-18,51
33,-18,51
33,-18,51
33,-18,51
33,-18,51
33,-19,51
33,-18,51
33,-18,51
33,-18,51
33,-18,51
33,-18,51
33,-18,51
33,-18,51
33,-18,51
33,-18,51
32,-18,51
33,-18,51
33,-18,51
33,-18,51
33,-18,51
33,-18,51
33,-18,51
33,-18,51
33,-18,51
33,-18,51
33,-19,51
33,-18,51
33,-18,51
33,-18,51
33,-18,51
33,-19,51
33,-19,51
33,-18,51
33,-18,51
33,-18,51
33,-19,51
33,-19,51
33,-19,51
33,-18,51
33,-19,51
32,-19,51
33,-18,51
33,-18,51
32,-19,51
33,-19,51
33,-19,51
33,-19,51
33,-19,51
33,-19,51
33,-19,51
32,-19,51
33,-19,51
33,-18,51
33,-19,51
33,-19,51
33,-19,51
32,-19,51
33,-18,51
33,-18,51
33,-19,51
33,-19,51
33,-19,51
33,-19,51
33,-18,51
33,-18,51
33,-18,51
33,-18,51
33,-18,51
33,-19,51
33,-19,51
33,-18,51
33,-19,51
33,-18,51
33,-19,51
33,-18,51
33,-18,51
33,-18,51
33,-18,51
33,-18,51
33,-18,51
33,-19,51
33,-19,51
33,-18,51
33,-18,51
33,-18,51
33,-18,51
33,-18,51
33,-18,51
33,-19,51
33,-19,51
33,-18,51
33,-18,51
33,-18,51
33,-18,51
33,-19,51
33,-18,51
33,-18,51
33,-18,51
33,-18,51
33,-18,51
33,-18,51
33,-18,51
33,-18,51
33,-18,51
33,-18,51
33,-18,51
33,-18,51
33,-18,51
33,-18,51
33,-18,51
33,-18,51
33,-18,51
33,-18,51
33,-19,51
33,-18,51
33,-18,51
33,-18,51
33,-18,51
33,-18,51
33,-18,51
33,-18,51
33,-18,51
33,-18,50
33,-18,51
33,-18,51
33,-19,51
33,-18,51
33,-18,51
33,-18,51
33,-18,51
33,-18,51
33,-18,51
33,-18,51
33,-18,51
33,-18,51
33,-18,51
33,-18,51
33,-18,51
33,-18,51
33,-18,51
33,-19,51
33,-18,51
33,-18,51
33,-18,51
33,-18,51
33,-18,51
33,-18,51
33,-18,51
33,-18,51
33,-18,51
33,-18,51
33,-19,51
33,-19,51
33,-18,51
33,-18,51
33,-18,51
33,-19,51
33,-18,51
33,-19,51
33,-18,51
33,-18,51
33,-19,51
33,-18,51
33,-19,51
33,-18,51
33,-18,51
33,-18,51
33,-19,51
33,-19,51
33,-19,51
33,-19,51
33,-18,51
33,-18,51
33,-18,51
33,-18,51
33,-18,51
33,-19,51
33,-19,51
33,-18,51
33,-18,51
33,-18,51
33,-18,51
33,-19,51
33,-18,51
33,-18,51
33,-18,51
33,-18,51
33,-18,51
33,-18,51
33,-18,51
33,-18,51
33,-18,51
33,-18,51
33,-18,51
33,-18,51
33,-18,51
33,-19,51
33,-18,51
33,-18,51
33,-18,51
33,-18,51
33,-18,50
33,-18,51
33,-18,51
33,-18,51
33,-18,51
33,-18,51
33,-18,51
33,-18,51
33,-18,51
33,-18,51
33,-18,51
33,-18,51
33,-18,51
33,-18,51
33,-18,51
33,-18,51
33,-18,51
33,-18,51
33,-18,51
33,-18,51
33,-18,51
33,-18,51
33,-18,51
33,-18,51
33,-18,51
33,-18,51
33,-18,51
33,-18,51
33,-18,51
33,-18,51
33,-18,51
33,-18,51
33,-18,51
33,-18,51
33,-18,51
33,-18,51
33,-18,51
33,-18,51
33,-18,51
33,-18,51
33,-18,51
33,-18,51
33,-18,51
33,-18,51
33,-18,51
33,-18,51
33,-18,51
33,-18,51
33,-19,51
33,-18,51
33,-18,51
33,-18,51
33,-18,51
33,-18,51
33,-18,51
33,-19,51
33,-18,51
33,-18,51
33,-18,51
33,-18,51
33,-18,51
33,-18,51
33,-18,51
33,-18,51
33,-18,51
33,-18,51
33,-18,51
33,-18,51
33,-19,51
33,-19,51
33,-18,51
33,-18,51
33,-18,51
33,-18,51
33,-18,51
33,-19,51
33,-19,51
33,-18,51
33,-18,51
33,-18,51
33,-18,51
33,-18,51
33,-19,51
33,-18,51
33,-18,51
33,-18,51
33,-18,51
33,-18,51
33,-18,51
33,-18,51
33,-18,51
33,-18,51
33,-18,51
33,-18,51
33,-18,51
33,-18,51
33,-18,51
33,-18,51
33,-19,51
33,-18,51
33,-18,51
33,-18,51
33,-18,51
33,-18,51
33,-18,51
33,-18,51
33,-18,51
33,-18,51
33,-18,51
33,-19,51
33,-19,51
33,-18,51
33,-18,51
33,-18,51
33,-18,51
33,-18,51
33,-18,51
33,-18,51
33,-18,51
33,-18,51
33,-18,51
33,-18,51
33,-18,51
33,-18,51
33,-18,51
33,-18,51
33,-18,51
33,-18,51
33,-18,51
33,-18,51
33,-18,51
33,-18,51
33,-18,51
33,-18,51
33,-18,51
33,-18,51
33,-18,51
33,-18,51
33,-18,51
33,-18,51
33,-18,51
33,-18,51
33,-18,51
33,-18,51
33,-18,51
33,-18,51
33,-18,51
33,-18,51
33,-18,51
33,-18,51
33,-18,51
33,-18,51
33,-18,51
33,-18,51
33,-18,51
33,-18,51
33,-18,51
33,-18,51
33,-18,51
33,-18,51
33,-18,51
33,-18,51
33,-18,51
33,-18,51
33,-18,51
33,-18,51
33,-18,51
33,-18,51
33,-18,51
33,-18,51
33,-18,51
33,-18,51
33,-18,50
34,-18,51
33,-18,51
33,-20,52
33,-20,52
31,-19,51
31,-18,51
31,-18,52
32,-18,51
33,-19,51
34,-18,50
35,-18,50
35,-18,50
34,-18,51
33,-18,51
32,-17,51
33,-17,51
34,-17,50
34,-18,50
34,-18,51
33,-18,51
33,-18,51
34,-18,51
34,-18,51
33,-17,51
33,-16,51
33,-17,52
35,-21,52
32,-21,52
31,-21,52
30,-20,52
29,-20,54
29,-18,53
27,-17,52
25,-16,53
25,-16,54
27,-17,55
27,-17,55
29,-17,55
30,-15,54
30,-15,53
29,-15,53
28,-15,53
28,-15,55
27,-16,55
27,-17,55
26,-17,55
25,-17,55
26,-17,55
26,-17,55
27,-17,56
30,-18,57
29,-18,56
26,-16,56
23,-13,56
27,-10,57
29,-11,55
29,-12,55
27,-10,53
29,-11,53
29,-11,54
28,-11,55
28,-11,56
28,-10,57
28,-11,58
26,-12,57
25,-12,56
24,-12,56
24,-12,56
26,-12,58
26,-12,56
26,-11,56
27,-11,57
27,-11,57
26,-11,56
27,-11,58
27,-11,59
30,-12,63
30,-13,64
26,-13,63
25,-13,63
30,-15,68
29,-11,69
28,-11,71
24,-5,71
25,-1,71
28,0,79
24,7,62
17,7,54
20,14,41
22,16,39
32,17,45
29,17,43
13,20,35
32,20,43
37,18,45
30,22,45
24,23,44
22,23,46
30,22,52
27,21,50
25,23,52
31,24,57
29,24,55
23,23,52
24,24,53
24,23,54
24,23,53
25,24,55
24,24,53
24,24,53
24,24,52
21,24,52
23,24,52
23,24,53
23,25,54
23,26,54
23,26,55
22,26,54
23,27,53
24,26,54
22,26,52
22,26,52
23,26,53
22,26,53
23,27,53
23,28,53
22,28,53
22,28,52
23,29,52
23,29,54
23,29,53
23,28,51
22,29,52
22,28,51
22,28,51
23,28,51
24,28,52
