1520872513.000000, 1520872513.000000, 1520872513.000000
32.000000, 32.000000, 32.000000
-31,15,53
-31,14,53
-32,13,53
-35,12,52
-36,12,51
-37,12,52
-34,11,52
-33,11,53
-32,10,54
-29,8,57
-29,8,57
-29,8,55
-29,6,56
-29,6,57
-29,6,57
-29,5,56
-28,6,57
-27,6,57
-28,5,56
-28,3,56
-27,0,56
-29,2,58
-30,3,56
-31,4,55
-32,5,55
-32,5,55
-32,6,55
-32,5,55
-32,5,55
-32,4,55
-32,4,55
-32,4,55
-33,4,54
-33,4,54
-34,4,54
-33,3,54
-33,2,54
-35,2,53
-36,1,53
-36,1,53
-36,1,52
-36,1,51
-39,1,52
-38,0,51
-38,0,51
-39,0,51
-40,0,50
-39,0,51
-38,0,51
-39,0,51
-39,0,50
-38,1,51
-38,0,51
-38,0,51
-37,0,51
-38,0,52
-38,0,51
-38,0,51
-37,1,51
-37,1,51
-37,1,52
-37,2,51
-35,2,52
-36,2,53
-37,1,52
-37,1,52
-37,2,52
-37,2,52
-35,1,53
-35,0,53
-37,0,52
-38,1,51
-39,1,51
-38,2,51
-38,2,51
-37,2,53
-36,2,53
-35,2,54
-35,1,53
-36,1,52
-39,-1,50
-40,-1,49
-40,0,51
-37,1,52
-36,1,52
-36,1,52
-37,1,52
-37,1,52
-38,1,52
-38,1,52
-37,1,51
-38,1,51
-38,1,51
-38,1,51
-37,1,51
-37,1,52
-37,1,52
-37,1,52
-37,2,52
-38,1,51
-38,1,52
-38,1,51
-38,1,51
-38,1,51
-38,1,51
-38,1,51
-38,1,52
-38,1,51
-38,1,51
-37,1,52
-37,1,52
-37,1,52
-38,1,52
-38,1,51
-37,1,52
-37,1,52
-37,1,52
-37,1,52
-37,1,52
-37,1,52
-37,1,51
-38,1,52
-38,1,51
-37,1,52
-37,1,52
-38,1,51
-37,1,52
-37,1,52
-37,1,52
-37,1,52
-37,1,51
-37,1,52
-38,1,52
-37,1,52
-37,1,52
-37,1,52
-37,1,52
-38,1,52
-38,1,52
-37,1,52
-37,1,52
-37,1,52
-37,1,52
-37,1,52
-37,1,52
-38,1,52
-37,1,52
-37,1,52
-37,1,52
-37,1,52
-37,1,52
-37,1,52
-37,1,52
-37,1,52
-37,1,52
-37,1,52
-37,1,52
-37,1,52
-37,1,52
-37,1,52
-37,1,52
-37,1,52
-37,1,52
-37,1,52
-37,1,52
-37,1,52
-37,1,52
-37,1,52
-37,1,52
-37,1,52
-37,1,52
-37,1,52
-37,1,52
-37,1,52
-37,1,52
-37,1,52
-37,1,52
-37,1,52
-37,1,52
-37,1,52
-37,1,52
-37,1,52
-37,1,52
-37,1,52
-37,1,52
-37,1,52
-37,1,52
-37,1,52
-37,1,52
-37,1,52
-37,1,52
-37,1,52
-37,1,52
-37,1,52
-37,1,52
-37,1,52
-37,1,52
-36,1,52
-36,2,52
-37,1,52
-37,1,52
-37,1,52
-37,1,52
-36,1,52
-36,2,52
-37,2,52
-37,1,52
-37,1,52
-37,2,52
-36,2,52
-37,1,52
-37,2,52
-36,2,52
-36,2,52
-37,2,52
-37,2,52
-37,1,52
-36,2,52
-36,2,52
-37,2,52
-37,2,52
-37,2,52
-37,2,52
-36,2,52
-37,2,52
-37,1,52
-37,2,52
-37,1,52
-36,2,52
-36,2,52
-37,2,52
-36,1,52
-36,1,52
-37,2,52
-37,1,52
-37,2,52
-36,1,52
-36,2,52
-37,2,52
-37,2,52
-37,1,52
-36,2,52
-37,1,52
-36,1,52
-37,1,52
-37,1,52
-37,2,52
-36,1,52
-36,1,52
-37,1,52
-37,1,52
-37,1,52
-37,1,52
-36,1,52
-37,1,52
-37,1,52
-37,1,52
-36,1,52
-36,1,52
-37,1,52
-36,1,52
-36,1,52
-36,1,52
-36,1,52
-36,1,52
-36,2,52
-36,1,52
-36,1,52
-36,1,53
-36,1,52
-36,1,52
-36,1,52
-36,2,52
-36,2,52
-36,1,52
-36,1,52
-36,1,52
-36,1,52
-36,2,52
-36,1,52
-36,1,52
-36,2,52
-36,1,52
-36,1,52
-36,1,52
-36,2,52
-36,2,52
-36,2,52
-36,2,52
-36,2,52
-36,2,52
-36,2,52
-36,2,52
-36,2,53
-36,1,52
-36,2,52
-36,1,52
-36,2,52
-36,1,52
-36,2,52
-37,2,52
-36,1,52
-37,1,52
-36,1,52
-36,1,52
-36,2,52
-36,2,52
-36,2,52
-36,2,52
-36,2,52
-36,2,53
-36,2,52
-36,2,52
-36,2,52
-36,2,52
-36,2,52
-36,3,52
-36,3,52
-36,3,52
-36,3,52
-36,3,52
-36,3,52
-36,3,52
-36,3,52
-36,3,52
-36,3,53
-34,3,54
-34,3,54
-34,3,52
-36,2,52
-38,3,52
-38,4,51
-38,4,51
-37,4,52
-36,5,52
-35,6,53
-34,6,54
-35,5,54
-35,4,54
-36,4,53
-36,4,52
-36,4,53
-36,4,51
-37,5,52
-36,6,52
-34,6,54
-33,6,54
-33,6,54
-34,6,54
-34,7,53
-35,7,53
-35,7,53
-35,7,52
-35,6,52
-36,5,51
-40,6,49
-42,9,50
-32,12,56
-26,13,55
-30,15,55
-30,14,56
-29,12,53
-35,10,52
-38,8,53
-39,8,51
-40,10,50
-37,9,51
-40,11,52
-37,12,52
-27,12,52
-25,15,49
-42,14,52
-46,11,56
-32,7,53
-32,7,52
-37,7,53
-37,6,52
-36,7,51
-37,7,51
-37,4,51
-37,4,50
-37,6,54
-37,7,54
-37,6,52
-40,5,49
-41,4,50
-38,4,51
-37,3,51
-36,3,50
-38,4,50
-42,12,49
-43,14,50
-29,11,53
-35,5,50
-41,1,48
-49,-1,44
-50,0,42
-49,1,42
-46,3,43
-44,4,45
-42,6,48
-41,6,50
-41,5,50
-41,4,50
-40,3,50
-41,4,49
-41,4,48
-44,3,47
-44,3,46
-43,2,46
-43,2,46
-43,2,46
-43,2,46
-43,3,46
-43,3,47
-43,3,47
-43,3,47
-43,3,47
-43,3,47
-43,3,47
-43,3,47
-43,3,47
-43,3,46
-43,3,47
-43,3,47
-43,3,47
-43,3,47
-43,3,47
-43,3,47
-43,3,47
-43,3,47
-43,3,47
-43,3,47
-43,3,47
-43,3,46
-43,3,47
-43,3,47
-43,3,47
-43,3,47
-43,3,47
-43,3,47
-43,3,47
-43,3,47
-43,3,47
-43,3,47
-43,3,47
-43,3,47
-43,3,47
-43,3,47
-43,3,47
-43,3,47
-43,3,47
-43,3,47
-43,3,47
-43,3,48
-43,3,47
-43,3,47
-43,3,47
-43,3,47
-42,3,48
-42,3,47
-42,3,47
-43,3,47
-43,3,47
-42,3,47
-43,3,47
-43,3,48
-42,3,47
-42,3,47
-43,3,47
-43,3,47
-43,3,47
-42,3,47
-43,3,47
-43,3,47
-43,3,47
-43,3,47
-43,3,47
-43,3,47
-43,3,48
-42,3,47
-42,3,47
-43,2,47
-43,3,47
-43,3,47
-43,3,47
-42,3,47
-43,3,47
-43,3,47
-43,3,47
-43,3,47
-43,3,47
-43,3,47
-43,3,47
-43,2,47
-43,2,47
-43,2,47
-43,3,47
-43,3,47
-43,3,47
-43,2,47
-43,2,47
-43,3,47
-43,3,47
-43,3,47
-43,3,47
-43,3,47
-43,3,47
-43,2,47
-43,2,46
-43,2,47
-43,3,47
-42,2,47
-43,2,47
-44,2,47
-43,2,47
-43,2,47
-43,2,47
-43,2,47
-43,2,47
-43,2,47
-43,2,47
-43,3,47
-43,3,47
-43,2,47
-43,2,47
-43,2,47
-43,2,47
-43,3,47
-43,3,47
-43,2,47
-43,2,47
-43,2,47
-43,2,47
-43,3,47
-43,2,47
-43,3,47
-43,2,47
-43,2,47
-43,2,47
-43,2,47
-43,2,47
-43,2,47
-43,2,47
-43,2,47
-43,2,47
-43,2,46
-43,2,47
-43,2,47
-43,2,46
-43,2,47
-43,2,47
-43,2,46
-43,2,47
-43,2,47
-44,2,46
-43,2,46
-43,2,47
-43,3,47
-43,2,47
-43,2,47
-43,2,47
-43,2,46
-44,2,46
-43,2,46
-43,2,47
-43,2,47
-43,2,47
-43,2,47
-43,2,47
-43,2,46
-43,2,47
-43,2,47
-44,2,46
-43,2,46
-43,2,47
-43,2,46
-43,2,46
-43,2,46
-43,2,47
-43,2,47
-43,2,47
-43,2,47
-44,2,46
-44,2,46
-43,2,46
-44,2,46
-43,2,46
-43,2,47
-43,2,47
-43,2,46
-43,2,47
-43,2,47
-43,2,47
-43,2,46
-43,2,47
-44,2,46
-43,2,47
-43,2,47
-44,2,47
-43,2,46
-43,3,46
-44,2,46
-44,2,47
-43,2,46
-43,2,46
-43,3,47
-43,2,47
-43,2,47
-43,2,46
-44,2,48
-44,2,46
-43,2,46
-43,2,47
-43,2,46
-44,2,46
-43,2,46
-43,2,47
-43,2,47
-43,2,47
-43,2,47
-43,2,46
-43,2,46
-43,2,47
-44,2,47
-43,2,46
-43,2,46
-44,2,46
-43,2,46
-43,3,46
-44,2,46
-43,2,46
-43,2,46
-43,2,46
-43,2,47
-43,2,47
-43,2,46
-43,2,47
-44,2,46
-43,2,46
-43,2,46
-43,2,47
-43,2,46
-43,2,46
-44,2,46
-44,2,46
-43,2,47
-43,2,47
-43,2,47
-43,2,47
-43,2,47
-43,2,47
-43,2,47
-43,3,47
-43,2,46
-43,3,47
-43,3,47
-44,2,46
-43,2,46
-43,2,46
-43,2,46
-43,3,47
-43,2,47
-43,2,47
-43,2,47
-43,2,46
-43,2,47
-44,2,46
-43,3,47
-43,2,47
-43,2,47
-43,2,47
-44,2,46
-43,2,46
-43,3,47
-43,2,47
-43,2,47
-43,2,47
-43,3,46
-43,3,47
-43,3,47
-43,3,47
-43,3,47
-43,2,46
-44,2,46
-44,2,47
-43,2,47
-43,3,47
-43,3,46
-43,2,47
-43,2,46
-43,2,46
-44,3,46
-43,2,46
-43,3,47
-43,3,47
-43,2,47
-43,2,46
-43,2,47
-43,2,47
-43,2,47
-43,3,46
-43,2,46
-43,2,47
-43,3,47
-43,3,46
-44,2,46
-43,2,47
-44,2,46
-44,2,46
-43,2,47
-43,2,47
-43,3,47
-43,2,47
-44,2,46
-43,2,46
-43,2,46
-43,2,46
-43,2,47
-43,2,46
-43,2,46
-43,2,47
-43,2,46
-43,2,46
-43,2,47
-43,2,46
-43,2,46
-44,2,47
-43,2,46
-43,3,47
-43,2,46
-44,2,46
-43,2,46
-44,2,46
-43,2,46
-43,2,47
-43,2,47
-43,2,46
-44,2,46
-44,2,46
-43,2,47
-43,2,46
-43,2,46
-43,2,47
-43,2,46
-44,2,46
-44,2,46
-43,2,46
-43,2,46
-44,2,46
-43,2,46
-44,2,46
-43,2,47
-43,2,46
-43,2,46
-43,2,46
-43,2,46
-44,2,46
-43,2,47
-43,2,46
-44,2,46
-44,2,46
-43,2,47
-44,2,46
-43,2,47
-44,2,46
-44,2,47
-43,2,46
-44,2,46
-43,2,46
-43,2,46
-44,2,46
-44,2,46
-43,2,46
-43,2,46
-44,2,46
-43,2,46
-44,2,46
-44,2,46
-43,2,46
-43,2,46
-44,2,46
-44,2,46
-43,2,47
-43,2,46
-44,2,46
-44,2,46
-44,2,46
-44,2,46
-43,2,46
-43,2,47
-44,2,46
-43,3,46
-44,2,47
-43,2,46
-43,2,46
-43,2,46
-43,2,46
-43,2,46
-44,2,46
-44,2,46
-44,2,46
-43,2,47
-43,2,46
-43,2,47
-43,2,47
-43,2,47
-43,2,47
-43,2,46
-44,2,46
-43,2,47
-43,2,47
-43,2,47
-43,3,47
-43,2,47
-43,2,46
-44,2,46
-43,2,47
-43,2,47
-43,2,47
-43,2,46
-43,3,47
-44,2,46
-43,2,46
-43,2,46
-43,2,46
-43,2,47
-43,3,46
-43,2,46
-43,2,46
-43,2,46
-43,2,46
-43,2,46
-43,2,46
-44,2,46
-43,3,46
-43,2,46
-43,2,46
-43,2,46
-44,2,46
-43,2,46
-44,3,46
-44,2,47
-44,2,46
-44,2,46
-44,2,46
-43,2,46
-44,2,46
-43,2,46
-44,2,46
-44,2,46
-43,2,46
-44,2,46
-44,2,46
-43,2,47
-44,2,46
-44,2,46
-44,2,46
-44,2,46
-43,2,46
-43,2,46
-44,2,46
-44,2,46
-44,2,46
-44,2,46
-44,2,46
-43,2,46
-44,2,46
-44,2,46
-43,2,46
-44,2,46
-44,2,47
-44,2,46
-44,2,46
-44,2,46
-43,2,47
-43,2,46
-44,2,46
-43,2,46
-44,2,46
-43,2,46
-43,2,46
-44,2,46
-44,2,46
-43,2,46
-43,2,46
-44,2,46
-44,2,46
-44,2,47
-43,2,46
-44,2,46
-44,2,46
-44,2,46
-44,2,46
-43,2,46
-43,2,46
-44,2,46
-44,2,46
-44,2,46
-44,2,46
-43,2,46
-44,2,46
-44,2,46
-44,2,46
-44,2,46
-44,2,46
-43,2,47
-44,2,46
-44,2,46
-43,2,46
-44,2,46
-44,2,46
-43,2,46
-44,2,46
-44,2,46
-43,2,46
-44,2,46
-43,2,46
-44,2,46
-44,2,46
-44,2,46
-44,2,46
-44,2,46
-44,2,46
-44,2,46
-44,2,46
-43,2,46
-44,2,46
-44,2,46
-44,2,46
-44,2,46
-44,2,46
-44,2,47
-43,2,46
-44,2,46
-44,2,46
-44,2,46
-44,2,46
-43,2,47
-44,2,46
-44,2,46
-43,2,46
-44,2,46
-44,2,46
-43,2,46
-43,2,46
-44,2,46
-44,2,46
-44,2,46
-44,2,46
-44,2,46
-44,2,46
-44,2,46
-44,2,46
-44,2,46
-43,2,46
-44,2,46
-44,2,46
-43,2,46
-43,2,46
-44,2,47
-43,2,46
-44,2,46
-44,2,46
-44,2,46
-44,2,46
-44,2,46
-44,2,46
-44,2,46
-44,2,46
-43,2,47
-43,2,46
-43,2,46
-44,2,46
-44,2,46
-44,2,46
-43,2,46
-44,2,46
-44,2,46
-44,2,46
-44,2,46
-44,2,46
-43,2,47
-44,2,46
-44,2,46
-44,2,46
-44,2,46
-43,2,46
-44,2,46
-44,2,46
-44,2,46
-44,2,46
-44,2,46
-44,2,46
-44,2,46
-43,3,46
-44,2,46
-44,2,46
-44,2,46
-44,2,46
-44,2,46
-43,2,47
-43,2,47
-43,2,46
-43,2,47
-44,3,46
-43,2,46
-43,2,46
-43,3,47
-43,3,46
-43,2,46
-43,2,47
-43,3,46
-43,2,46
-43,2,46
-43,3,47
-43,2,47
-43,2,46
-43,3,47
-43,3,47
-43,3,46
-43,3,46
-43,3,47
-43,3,47
-43,2,46
-43,3,47
-43,3,46
-43,3,47
-43,3,46
-43,3,46
-43,3,46
-43,3,47
-43,3,46
-43,3,47
-43,3,47
-44,3,47
-43,3,47
-43,3,47
-43,3,46
-43,3,47
-43,3,47
-43,3,47
-43,3,46
-43,2,47
-43,3,47
-43,3,46
-43,2,47
-43,3,47
-43,3,46
-43,3,47
-44,2,46
-43,3,46
-43,3,47
-43,3,47
-43,3,47
-43,3,47
-43,2,47
-43,2,46
-43,2,46
-43,2,47
-43,3,47
-43,2,46
-43,3,46
-43,3,47
-44,3,46
-43,2,46
-43,3,46
-43,2,46
-43,2,47
-43,3,47
-43,2,46
-44,2,46
-43,2,46
-43,2,47
-43,2,47
-43,2,46
-43,2,46
-43,2,46
-44,3,46
-44,2,46
-44,2,46
-43,2,46
-43,2,46
-44,2,46
-44,2,46
-43,3,46
-44,3,46
-43,2,46
-44,2,46
-43,3,46
-43,2,46
-43,2,47
-44,2,46
-43,2,46
-44,2,46
-44,2,46
-44,2,46
-43,2,46
-44,2,46
-43,2,46
-43,2,47
-44,2,46
-43,2,46
-43,2,46
-44,2,46
-43,2,46
-44,2,46
-44,2,46
-44,2,46
-44,2,46
-44,2,46
-44,2,46
-44,2,46
-44,2,46
-44,2,46
-43,2,46
-44,2,46
-44,2,46
-44,2,46
-43,2,46
-44,2,46
-44,2,47
-43,2,46
-44,2,46
-44,2,46
-43,2,47
-43,2,46
-43,2,46
-43,2,46
-44,2,46
-44,2,46
-43,2,46
-43,3,47
-43,2,46
-43,2,47
-43,2,46
-44,2,47
-43,3,46
-43,3,46
-43,3,46
-43,2,47
-43,2,46
-43,3,47
-43,3,46
-43,3,47
-43,3,46
-43,2,46
-43,3,47
-43,3,47
-43,3,47
-43,3,47
-43,3,47
-43,3,47
-43,3,46
-43,3,46
-43,3,46
-44,3,46
-43,3,47
-43,3,47
-43,3,47
-43,3,46
-43,3,47
-44,2,47
-43,2,47
-43,3,47
-43,3,47
-43,3,47
-43,3,47
-43,3,46
-43,3,46
-43,3,47
-43,3,47
-43,3,46
-43,3,47
-43,2,46
-43,2,47
-43,3,46
-43,3,47
-43,3,47
-43,3,46
-43,3,47
-43,2,46
-44,2,47
-43,3,46
-43,3,46
-43,2,47
-44,2,46
-43,3,46
-44,2,46
-43,2,47
-43,3,46
-43,3,47
-43,3,46
-43,3,46
-44,3,46
-43,3,46
-43,3,46
-43,3,46
-43,3,47
-43,3,47
-44,3,46
-43,2,46
-43,3,47
-43,2,46
-43,2,46
-43,3,46
-43,3,46
-43,2,47
-43,3,46
-43,3,47
-43,3,47
-43,2,46
-43,3,46
-43,2,47
-43,2,46
-43,3,46
-43,3,47
-43,3,46
-44,2,47
-43,2,46
-43,2,46
-44,2,46
-43,3,46
-43,3,47
-43,2,46
-43,2,47
-43,3,47
-44,2,46
-43,2,46
-43,3,47
-43,2,47
-43,2,46
-43,2,46
-43,2,46
-43,2,46
-43,2,46
-44,2,47
-43,2,47
-43,2,46
-43,2,47
-44,3,46
-43,2,46
-43,2,46
-44,2,46
-43,3,46
-43,2,46
-44,2,46
-43,2,46
-43,2,46
-43,2,46
-43,2,47
-43,3,47
-44,3,46
-44,2,46
-43,2,46
-44,2,46
-43,3,46
-43,3,47
-43,2,46
-44,2,46
-43,2,46
-44,2,47
-44,2,46
-43,2,47
-44,2,47
-44,3,46
-43,2,47
-43,3,46
-43,3,46
-43,3,46
-43,3,46
-43,3,47
-43,3,46
-43,3,46
-43,3,46
-43,3,47
-43,3,46
-43,3,46
-43,2,47
-43,3,47
-43,3,47
-43,3,47
-43,3,47
-43,3,47
-43,3,47
-43,3,47
-43,3,47
-43,3,46
-43,3,46
-43,3,47
-43,3,47
-43,3,47
-43,3,47
-43,3,47
-44,3,46
-43,3,46
-43,3,47
-43,3,47
-43,3,47
-43,3,47
-44,3,47
-43,3,46
-43,3,46
-43,3,47
-43,3,47
-43,3,46
-43,3,47
-43,3,47
-43,3,47
-43,3,46
-43,2,47
-43,2,46
-43,3,46
-43,3,47
-43,3,46
-43,3,46
-43,3,46
-43,2,46
-43,2,46
-44,3,46
-44,3,46
-43,3,47
-43,3,47
-43,3,47
-43,2,47
-44,3,46
-44,2,46
-43,2,46
-43,3,46
-43,3,46
-43,3,47
-44,2,46
-43,2,46
-43,3,47
-43,3,47
-43,2,46
-44,2,46
-43,2,46
-43,2,47
-44,2,46
-44,3,46
-43,3,46
-43,3,46
-43,2,46
-44,2,46
-43,2,46
-44,2,46
-43,3,47
-43,2,46
-44,2,46
-43,2,46
-44,2,46
-43,2,47
-43,2,46
-43,2,47
-43,2,46
-43,2,46
-44,2,46
-43,2,46
-43,2,47
-43,3,46
-43,2,46
-43,2,46
-44,2,46
-44,2,46
-43,2,47
-43,3,47
-44,3,46
-43,2,46
-43,2,47
-43,3,46
-43,2,46
-43,2,46
-43,3,46
-43,2,47
-43,2,47
-43,2,47
-43,2,46
-43,2,47
-43,3,47
-44,3,46
-43,2,46
-43,2,46
-44,3,46
-43,3,46
-43,3,47
-43,3,47
-43,3,47
-44,2,46
-44,3,47
-43,2,47
-43,3,46
-43,3,47
-43,3,47
-43,3,47
-43,3,46
-43,3,47
-43,3,46
-43,3,47
-43,3,46
-43,3,47
-43,3,47
-43,3,47
-43,3,47
-43,3,47
-43,3,46
-43,3,47
-43,3,47
-43,3,47
-43,3,47
-43,3,47
-43,3,46
-44,3,46
-43,3,47
-43,3,47
-43,3,47
-43,3,47
-43,3,47
-44,3,47
-43,2,46
-43,3,47
-43,3,47
-43,3,47
-43,3,47
-44,3,46
-43,3,47
-43,3,47
-43,3,47
-43,3,46
-43,3,46
-43,2,47
-43,3,47
-43,3,47
-43,2,47
-44,3,46
-44,3,46
-43,2,47
-44,3,47
-43,3,47
-43,3,46
-43,2,46
-43,3,46
-44,3,46
-43,3,47
-43,3,46
-43,3,46
-43,3,47
-43,3,46
-44,2,46
-43,2,46
-43,3,46
-44,2,46
-43,3,46
-43,3,47
-44,3,46
-43,3,46
-44,2,46
-44,2,47
-43,2,46
-43,2,47
-43,2,46
-43,2,46
-43,2,46
-44,2,46
-44,2,46
-43,2,46
-43,2,46
-44,2,46
-44,2,46
-43,3,46
-44,3,46
-44,2,46
-43,2,46
-44,3,46
-43,2,46
-43,2,47
-44,2,46
-44,2,46
-44,2,46
-44,2,46
-43,2,46
-43,2,46
-44,2,46
-44,2,46
-43,3,47
-43,2,46
-43,2,46
-43,2,46
-44,3,46
-43,2,46
-43,2,46
-43,3,47
-43,3,47
-43,3,47
-43,3,47
-43,3,46
-43,3,47
-43,3,46
-43,3,47
-43,3,46
-43,3,46
-43,3,47
-43,3,47
-43,3,47
-43,3,46
-43,3,46
-43,3,47
-43,3,46
-43,3,47
-43,3,47
-44,3,46
-44,3,47
-43,3,47
-43,3,47
-43,3,47
-43,3,47
-43,3,47
-43,3,47
-43,3,46
-43,3,47
-43,3,47
-43,3,47
-43,3,46
-43,3,47
-43,3,46
-43,3,47
-43,3,46
-43,3,47
-43,3,46
-44,3,47
-44,3,47
-44,2,46
-44,2,46
-43,3,47
-43,3,47
-43,3,47
-43,3,47
-43,3,47
-43,3,47
-43,3,47
-43,3,47
-44,2,46
-44,2,46
-44,3,46
-43,3,46
-43,3,47
-43,3,47
-43,3,47
-43,2,47
-43,3,47
-43,3,46
-43,2,47
-43,3,47
-43,3,47
-43,2,47
-43,3,47
-43,3,47
-43,2,47
-43,3,46
-43,3,46
-43,3,47
-43,3,47
-43,3,46
-44,3,46
-43,2,47
-43,2,46
-43,3,46
-43,3,46
-43,3,47
-43,3,47
-43,3,47
-43,3,47
-43,3,47
-43,2,47
-43,3,47
-43,2,47
-43,3,46
-43,3,47
-43,3,47
-43,3,46
-43,3,47
-43,3,47
-43,3,47
-43,3,47
-43,3,47
-43,3,47
-43,3,47
-43,3,46
-43,3,46
-43,3,47
-43,3,47
-43,3,46
-43,3,47
-44,3,47
-43,3,47
-43,3,47
-43,3,47
-43,3,46
-43,3,47
-43,3,47
-43,3,47
-43,3,47
-43,3,47
-43,3,47
-44,3,46
-43,3,46
-43,3,47
-43,3,47
-43,3,46
-43,3,46
-43,3,47
-43,3,47
-44,3,47
-43,3,46
-43,3,47
-43,3,46
-43,3,46
-43,3,46
-43,3,47
-43,3,47
-43,3,46
-43,3,46
-43,3,47
-43,3,47
-43,3,46
-43,3,46
-44,2,47
-43,3,46
-44,3,46
-44,3,46
-43,3,47
-43,3,46
-43,3,47
-43,3,46
-44,2,46
-43,2,46
-43,3,46
-43,3,46
-44,2,46
-43,2,47
-44,2,46
-43,2,46
-43,2,46
-43,3,46
-44,2,46
-44,3,46
-44,2,46
-44,2,46
-44,2,46
-44,2,46
-44,3,46
-43,3,46
-44,3,46
-44,2,46
-43,2,46
-43,3,46
-44,3,46
-44,2,46
-43,3,46
-44,2,46
-44,2,46
-43,3,47
-44,2,46
-44,3,46
-43,3,47
-44,2,46
-44,2,46
-43,3,47
-43,2,46
-44,2,46
-43,3,46
-43,3,46
-43,3,46
-43,2,46
-44,3,46
-43,2,46
-43,3,46
-43,3,47
-43,2,46
-43,3,47
-43,3,47
-43,3,46
-43,3,46
-43,3,47
-43,3,46
-43,3,47
-43,3,46
-43,3,47
-43,3,47
-43,2,46
-43,3,46
-43,3,47
-43,3,47
-43,3,46
-43,3,46
-43,3,47
-44,3,46
-43,3,46
-43,3,46
-43,3,47
-43,3,47
-43,3,47
-43,3,47
-43,3,46
-43,3,47
-43,3,47
-43,3,47
-43,3,47
-43,3,47
-43,3,47
-43,3,46
-43,3,46
-43,3,46
-43,3,47
-43,3,47
-43,3,46
-44,3,47
-43,3,46
-43,3,46
-44,3,46
-43,3,47
-43,3,46
-43,3,46
-43,3,47
-43,2,47
-44,3,46
-43,3,46
-44,3,46
-43,2,46
-43,3,46
-43,3,46
-44,3,46
-43,3,47
-43,2,47
-44,2,46
-44,3,46
-43,3,46
-43,3,46
-43,3,46
-43,2,46
-44,3,46
-44,3,46
-43,3,46
-43,3,47
-44,3,46
-44,2,46
-43,2,46
-43,3,46
-44,3,46
-43,3,46
-43,2,46
-43,3,46
-43,3,46
-44,2,46
-44,2,46
-43,2,46
-43,2,46
-44,3,46
-43,3,46
-43,2,46
-44,2,46
-44,2,46
-44,2,46
-43,3,46
-44,2,46
-43,2,46
-44,2,46
-44,2,46
-43,3,46
-44,2,46
-44,2,46
-43,2,46
-43,3,47
-44,3,47
-43,3,46
-44,2,47
-44,2,46
-44,3,46
-44,3,46
-43,3,47
-43,2,47
-43,3,46
-43,3,46
-44,2,46
-44,3,46
-43,3,46
-43,3,46
-44,2,46
-43,3,46
-43,3,46
-43,3,46
-43,3,47
-43,3,46
-43,3,47
-43,3,47
-44,3,47
-43,3,47
-43,3,46
-43,3,46
-43,3,46
-43,3,47
-43,3,46
-43,3,46
-43,3,47
-43,3,47
-43,3,46
-44,3,47
-43,3,46
-44,3,46
-43,3,46
-43,3,47
-43,3,47
-43,3,46
-43,3,46
-44,3,46
-43,2,46
-43,3,46
-43,3,46
-43,3,46
-43,3,47
-44,3,46
-43,2,46
-43,3,46
-43,3,47
-43,3,47
-44,3,46
-44,3,46
-43,3,46
-43,3,46
-44,3,46
-43,3,46
-43,3,46
-43,3,47
-43,3,46
-44,2,46
-44,2,46
-43,3,46
-44,3,47
-43,2,46
-44,2,46
-44,2,46
-44,2,47
-43,3,47
-44,3,46
-43,3,47
-43,2,47
-44,2,46
-44,2,46
-43,3,46
-44,2,46
-43,2,46
-43,2,46
-44,3,46
-43,2,46
-43,3,46
-43,3,46
-43,2,46
-44,3,46
-43,3,47
-43,2,47
-44,3,46
-44,2,46
-43,3,47
-44,2,46
-43,2,46
-44,3,46
-44,2,46
-44,3,46
-44,3,47
-43,3,47
-44,3,46
-44,2,46
-43,2,46
-44,2,46
-44,3,46
-43,3,46
-43,3,46
-43,2,47
-43,2,46
-44,2,46
-44,3,46
-43,3,46
-43,2,46
-43,3,46
-43,3,47
-43,3,47
-44,3,46
-43,2,47
-44,3,47
-43,3,46
-43,3,46
-43,3,47
-43,3,46
-43,3,47
-43,3,46
-43,3,46
-43,3,46
-43,3,47
-43,3,46
-43,3,46
-44,3,46
-43,3,47
-43,3,47
-43,3,46
-43,3,47
-43,3,46
-43,3,46
-43,3,46
-43,3,47
-43,3,47
-43,3,46
-43,3,46
-43,3,47
-43,3,46
-43,3,47
-43,3,46
-43,3,47
-43,3,47
-44,3,47
-44,3,46
-43,3,46
-43,3,46
-43,3,46
-43,3,46
-43,3,46
-43,3,46
-43,3,46
-43,2,46
-43,3,46
-43,3,46
-43,3,47
-44,3,46
-44,2,46
-44,3,47
-43,3,46
-43,3,46
-44,2,47
-44,3,46
-44,3,46
-43,3,47
-43,3,47
-44,3,46
-43,3,46
-43,3,46
-44,2,46
-44,2,46
-43,2,46
-44,3,46
-43,3,46
-44,3,46
-44,2,46
-43,3,46
-43,3,46
-43,2,46
-43,3,46
-43,2,46
-44,3,46
-44,2,46
-43,3,46
-44,2,46
-44,3,46
-44,3,46
-43,2,46
-44,3,46
-44,2,46
-44,3,46
-43,2,46
-43,3,46
-44,2,46
-44,2,46
-43,2,46
-44,3,46
-44,3,46
-43,2,46
-44,2,46
-43,2,46
-43,2,46
-44,2,46
-43,2,46
-43,3,46
-43,2,46
-44,2,46
-44,2,46
-44,2,46
-44,2,46
-43,3,46
-44,3,46
-43,2,46
-43,3,46
-43,3,46
-43,3,46
-43,3,46
-43,3,46
-43,2,46
-43,3,47
-43,2,47
-44,3,47
-43,3,46
-43,3,46
-43,3,47
-43,3,47
-44,3,47
-43,3,47
-43,3,46
-44,3,47
-43,3,47
-43,3,47
-43,3,47
-43,3,47
-43,3,47
-43,3,46
-43,3,47
-43,3,46
-43,3,47
-43,3,47
-43,3,47
-43,3,47
-43,3,46
-43,3,47
-43,3,46
-43,3,47
-43,3,46
-43,3,47
-43,3,47
-43,3,47
-43,3,46
-43,3,47
-43,3,47
-43,3,46
-43,3,46
-44,3,47
-43,2,47
-43,3,46
-44,3,46
-43,3,47
-43,3,47
-43,3,46
-43,3,46
-43,3,47
-44,3,47
-43,3,46
-43,3,46
-43,3,46
-43,3,47
-43,3,47
-43,3,46
-43,3,46
-43,3,47
-43,3,47
-43,3,47
-43,3,47
-43,3,46
-43,3,46
-43,3,46
-43,3,46
-44,3,47
-43,3,46
-43,3,47
-44,3,46
-43,2,46
-43,3,47
-43,3,46
-43,3,47
-43,3,46
-43,3,46
-44,2,46
-43,3,46
-43,3,46
-44,3,46
-44,2,47
-43,2,46
-44,2,46
-43,2,46
-43,2,47
-44,2,46
-44,2,46
-44,3,46
-43,3,46
-43,2,47
-44,2,46
-44,3,46
-43,3,46
-43,3,47
-43,3,46
-44,2,46
-43,2,46
-44,2,46
-44,2,46
-44,2,46
-44,2,46
-43,3,47
-43,3,46
-43,2,46
-43,3,46
-43,3,46
-43,3,47
-43,3,47
-43,3,46
-43,3,47
-43,3,47
-43,3,46
-44,2,46
-43,2,46
-44,2,47
-44,3,46
-44,2,46
-44,2,46
-44,2,46
-44,2,46
-44,1,46
-44,1,46
-45,2,45
-44,2,46
-43,3,47
-44,2,45
-45,2,45
-43,2,47
-44,2,46
-45,2,45
-45,2,45
-43,2,47
-44,2,46
-44,2,46
-44,2,46
-44,2,45
-44,2,46
-44,2,46
-44,1,46
-44,2,45
-44,2,45
-44,2,46
-44,2,46
-44,2,46
-44,2,45
-44,2,45
-44,2,46
-44,2,45
-44,2,46
-44,2,46
-44,2,46
-44,2,45
-44,2,46
-44,2,46
-44,2,46
-44,2,46
-44,2,45
-44,2,45
-44,2,46
-44,2,46
-44,2,46
-44,2,46
-44,2,46
-45,2,46
-44,2,46
-44,2,46
-44,2,46
-44,2,46
-44,2,46
-44,2,45
-44,2,46
-44,2,46
-44,2,46
-44,2,46
-44,2,46
-44,2,46
-44,2,46
-44,2,46
-44,2,46
-44,2,46
-44,2,46
-44,2,46
-44,2,46
-44,2,46
-44,2,46
-44,2,46
-44,2,46
-44,2,46
-44,2,46
-44,2,46
-44,2,46
-44,2,46
-44,2,46
-44,2,46
-44,2,46
-44,2,46
-44,2,45
-44,2,46
-44,2,46
-44,2,46
-44,2,46
-44,2,46
-44,2,46
-45,2,45
-44,2,45
-44,2,46
-44,2,46
-44,2,46
-44,2,46
-44,2,46
-44,2,46
-44,2,46
-44,2,46
-44,2,45
-44,2,45
-44,2,46
-44,2,46
-44,2,45
-44,2,46
-45,2,46
-44,2,45
-44,2,45
-44,2,46
-44,2,46
-44,2,46
-44,2,46
-44,2,45
-44,2,45
-44,2,45
-44,2,46
-44,2,46
-44,2,45
-44,2,46
-45,1,45
-44,2,46
-44,2,46
-44,2,45
-44,2,45
-44,2,46
-44,2,45
-44,2,45
-44,2,46
-44,2,46
-44,2,45
-44,2,45
-44,2,45
-44,2,46
-44,2,46
-44,2,46
-44,2,46
-44,2,46
-44,2,45
-44,2,46
-44,2,46
-44,2,46
-44,2,46
-44,2,46
-44,2,45
-44,2,46
-44,2,46
-44,2,46
-44,2,46
-44,2,46
-44,2,46
-44,2,46
-44,2,46
-44,2,46
-44,2,46
-44,2,46
-44,2,46
-44,2,45
-44,2,46
-44,2,46
-44,2,46
-44,2,46
-44,2,46
-44,2,46
-44,2,46
-44,2,46
-44,2,46
-44,2,45
-44,2,46
-44,2,46
-44,2,46
-44,2,45
-44,2,45
-44,2,45
-44,2,45
-45,2,46
-44,2,46
-44,2,46
-44,2,46
-44,2,45
-45,2,46
-44,2,45
-44,2,45
-44,2,45
-44,2,46
-44,2,46
-44,2,45
-44,2,46
-44,2,45
-44,2,45
-45,2,45
-44,2,45
-44,2,45
-44,2,45
-45,2,46
-44,2,45
-44,2,45
-44,2,45
-44,2,45
-44,2,46
-44,2,45
-45,2,45
-44,1,45
-44,2,45
-45,2,45
-44,2,45
-44,2,46
-44,2,46
-44,2,45
-45,2,46
-45,2,45
-44,2,45
-44,2,46
-44,2,45
-44,2,45
-44,2,46
-44,2,46
-44,2,45
-44,2,45
-44,2,46
-44,2,46
-44,2,45
-44,2,45
-44,2,46
-44,2,46
-44,2,46
-44,2,45
-44,2,46
-44,2,46
-44,2,46
-44,2,46
-44,2,46
-44,2,46
-44,2,45
-44,2,46
-44,2,46
-44,2,46
-44,2,46
-44,2,46
-44,2,46
-44,2,46
-44,2,46
-44,2,46
-44,2,45
-44,2,46
-44,2,46
-44,2,45
-44,2,46
-44,2,46
-44,2,46
-44,2,46
-44,2,46
-44,2,46
-44,2,46
-44,2,46
-44,2,46
-44,2,46
-44,2,46
-44,2,46
-44,2,45
-44,2,45
-44,2,45
-44,2,46
-44,2,46
-44,2,46
-44,2,46
-44,2,46
-44,2,45
-44,2,46
-44,2,46
-44,2,45
-44,2,45
-44,2,45
-44,2,45
-44,2,46
-44,2,45
-44,2,45
-44,2,45
-44,2,46
-44,2,45
-44,2,46
-44,2,46
-44,2,46
-44,2,46
-44,2,46
-44,2,46
-44,2,45
-44,2,45
-44,2,45
-44,2,45
-44,2,45
-44,2,46
-44,2,46
-44,2,46
-44,2,46
-45,2,46
-44,2,46
-44,2,46
-44,2,46
-44,2,45
-44,2,46
-44,2,46
-44,2,45
-44,2,46
-44,2,45
-44,2,45
-44,2,46
-44,2,46
-44,2,46
-44,2,45
-44,2,46
-44,2,46
-44,2,46
-44,2,46
-44,2,46
-44,2,46
-44,2,46
-44,2,46
-44,2,46
-44,2,45
-45,2,45
-44,2,46
-44,2,46
-44,2,45
-44,2,46
-44,2,46
-45,2,46
-44,2,45
-44,2,45
-44,2,46
-44,2,46
-44,2,45
-44,2,46
-44,2,46
-44,2,46
-44,2,46
-44,2,46
-44,2,45
-44,2,45
-44,2,45
-44,2,45
-44,2,45
-44,2,46
-44,2,46
-44,2,46
-44,2,46
-45,2,46
-44,2,45
-44,2,45
-44,2,45
-44,2,46
-44,2,46
-44,2,46
-44,2,46
-44,2,45
-44,2,46
-44,2,46
-44,2,46
-44,2,46
-44,2,45
-44,2,46
-44,2,45
-44,2,45
-44,2,46
-44,2,45
-44,2,45
-44,2,46
-44,2,46
-44,2,46
-44,2,46
-44,2,45
-44,2,46
-44,2,46
-44,2,46
-44,2,45
-44,2,46
-44,2,46
-44,2,45
-44,2,45
-44,2,46
-44,2,46
-44,2,46
-44,2,46
-44,2,46
-44,2,46
-44,2,46
-44,2,46
-44,2,46
-44,2,46
-44,2,46
-44,2,46
-44,2,46
-44,2,46
-44,2,46
-44,2,46
-44,2,46
-44,2,46
-44,2,46
-44,2,45
-44,2,46
-44,2,46
-44,2,46
-44,2,46
-44,2,46
-44,2,46
-44,2,46
-44,2,46
-44,2,45
-44,2,46
-44,2,46
-44,2,45
-44,2,46
-44,2,46
-44,2,46
-44,2,46
-44,2,46
-44,2,46
-44,2,46
-44,2,46
-44,2,45
-44,2,46
-44,2,46
-44,2,46
-44,2,46
-44,2,46
-44,2,46
-44,2,45
-44,2,46
-44,2,46
-44,2,46
-44,2,45
-44,2,46
-44,2,46
-44,2,46
-44,2,45
-45,2,45
-44,2,46
-44,2,46
-44,2,45
-44,2,46
-44,2,46
-44,2,45
-44,2,46
-44,2,46
-44,2,46
-44,2,46
-44,2,46
-44,2,45
-44,2,46
-44,2,46
-44,2,46
-44,2,46
-44,2,46
-44,2,46
-44,2,46
-44,2,46
-44,2,46
-44,2,46
-44,2,46
-44,2,45
-44,2,45
-44,2,46
-44,2,45
-44,2,46
-44,2,46
-45,2,46
-44,2,45
-44,2,46
-44,2,45
-44,2,46
-44,2,45
-44,2,46
-44,2,45
-44,2,46
-44,2,45
-44,2,46
-44,2,46
-44,2,46
-44,2,46
-44,2,45
-44,2,45
-44,2,45
-44,2,45
-44,2,45
-44,2,46
-44,2,46
-44,2,46
-44,2,46
-44,2,45
-44,2,45
-44,2,46
-44,2,46
-44,2,45
-44,2,46
-44,2,45
-45,2,45
-44,2,46
-44,2,46
-44,2,45
-44,2,46
-45,2,45
-44,2,45
-44,2,46
-44,2,46
-44,2,46
-44,2,46
-44,2,46
-44,2,45
-44,2,46
-44,2,46
-44,2,46
-44,2,46
-44,2,46
-44,2,46
-44,2,45
-44,2,46
-44,2,46
-44,2,46
-44,2,46
-44,2,46
-44,2,45
-44,2,46
-44,2,46
-44,2,46
-44,2,46
-44,2,46
-44,2,46
-44,2,46
-44,2,46
-44,2,46
-44,2,46
-44,2,45
-44,2,46
-44,2,46
-44,2,45
-44,2,46
-44,2,46
-44,2,46
-44,2,46
-44,2,46
-44,2,46
-44,2,46
-44,2,46
-44,2,46
-44,2,46
-44,2,46
-44,2,46
-44,2,46
-44,2,46
-44,2,46
-44,2,45
-44,2,46
-44,2,46
-44,2,46
-44,2,46
-44,2,46
-44,2,46
-44,2,46
-44,2,46
-45,2,46
-44,2,45
-44,2,45
-44,2,45
-44,2,46
-44,2,46
-44,2,46
-44,2,46
-45,2,46
-44,2,45
-44,2,46
-45,2,46
-44,2,45
-44,2,45
-44,2,45
-44,2,46
-44,2,45
-44,2,45
-44,2,45
-44,2,45
-44,2,45
-44,2,45
-44,2,46
-44,2,45
-44,2,45
-44,2,45
-44,2,46
-44,2,46
-44,2,46
-44,2,45
-44,2,45
-44,2,45
-44,2,45
-44,2,45
-44,2,46
-44,2,45
-44,2,45
-44,2,46
-44,2,45
-44,2,45
-44,2,46
-45,2,46
-44,2,45
-44,2,46
-44,2,45
-44,2,46
-44,2,46
-44,2,45
-44,2,45
-44,2,46
-44,2,45
-44,2,46
-44,2,45
-44,2,45
-44,2,46
-44,2,45
-44,2,46
-44,2,46
-44,2,45
-44,2,46
-44,2,46
-44,2,46
-44,2,46
-44,2,45
-44,2,46
-44,2,46
-44,2,46
-44,2,46
-44,2,46
-44,2,46
-44,2,45
-44,2,46
-44,2,46
-44,2,46
-44,2,46
-44,2,46
-44,2,46
-44,2,46
-44,2,46
-44,2,46
-44,2,46
-44,2,46
-44,2,46
-44,2,46
-44,2,46
-44,2,46
-44,2,46
-44,2,46
-44,2,46
-44,2,46
-44,2,46
-44,2,46
-44,2,46
-44,2,45
-45,2,45
-44,2,46
-44,2,46
-44,2,45
-44,2,46
-44,2,46
-45,2,45
-44,2,45
-44,2,46
-44,2,46
-44,2,46
-44,2,46
-44,2,46
-44,2,46
-44,2,45
-44,2,46
-44,2,45
-45,2,45
-44,2,45
-44,2,45
-44,2,45
-44,2,46
-44,2,45
-44,1,46
-44,2,46
-44,2,46
-44,2,45
-45,1,46
-45,2,45
-44,2,45
-44,2,45
-44,2,45
-44,2,45
-44,2,46
-44,2,45
-45,2,46
-44,2,45
-44,2,46
-45,2,45
-44,2,45
-44,2,45
-44,2,45
-44,2,45
-44,2,45
-44,2,45
-44,2,45
-44,2,46
-44,2,45
-44,2,45
-45,2,45
-44,2,45
-44,2,45
-44,2,45
-44,2,46
-44,2,46
-44,2,46
-44,2,45
-44,2,45
-45,2,45
-44,2,46
-44,2,46
-44,2,45
-44,2,45
-44,2,46
-45,2,46
-44,2,45
-44,2,46
-44,2,46
-44,2,46
-44,2,46
-44,2,46
-44,2,46
-44,2,46
-44,2,46
-44,2,46
-44,2,46
-44,2,46
-44,2,45
-44,2,46
-44,2,46
-44,2,46
-44,2,46
-44,2,46
-44,2,46
-44,2,46
-44,2,45
-44,2,45
-44,2,46
-44,2,46
-44,2,46
-44,2,46
-44,2,46
-45,2,45
-44,2,46
-44,2,46
-44,2,46
-44,2,46
-44,2,45
-44,2,45
-45,2,45
-44,2,45
-44,2,46
-44,2,46
-44,2,46
-44,2,45
-44,2,45
-44,2,46
-44,2,45
-44,2,46
-44,2,46
-44,2,45
-44,2,45
-44,2,45
-44,2,45
-44,2,45
-45,2,45
-44,2,45
-44,2,45
-44,2,46
-44,2,46
-44,2,45
-44,2,45
-44,2,46
-45,2,45
-44,2,45
-44,2,45
-44,2,46
-44,2,45
-44,2,45
-44,2,46
-44,2,45
-44,2,46
-44,2,46
-44,2,45
-44,2,46
-44,2,45
-45,2,46
-44,2,45
-44,2,46
-44,2,46
-44,2,45
-44,2,46
-44,2,46
-44,2,45
-45,2,45
-44,2,46
-44,2,46
-44,2,45
-44,2,46
-45,2,45
-44,2,45
-44,2,46
-44,2,45
-44,2,46
-44,2,46
-45,2,45
-44,2,45
-44,2,45
-44,2,45
-44,2,46
-44,2,45
-44,2,45
-44,2,46
-44,2,45
-44,2,46
-44,2,46
-44,2,45
-44,2,45
-44,2,46
-44,2,46
-44,2,46
-44,2,46
-44,2,45
-44,2,45
-44,2,46
-44,2,46
-44,2,46
-44,2,46
-45,2,46
-44,2,46
-44,2,46
-44,2,46
-44,2,46
-44,2,46
-44,2,45
-44,2,45
-44,2,46
-44,2,46
-44,2,45
-44,2,45
-44,2,46
-44,2,46
-44,2,45
-44,2,45
-44,2,46
-45,2,45
-44,2,45
-44,2,45
-44,2,45
-45,2,45
-45,2,45
-44,2,45
-45,2,45
-44,2,45
-44,2,45
-44,2,45
-44,2,45
-44,2,45
-45,2,45
-44,2,45
-44,2,45
-45,2,46
-44,2,46
-44,2,45
-44,2,45
-44,2,45
-44,2,45
-44,2,45
-44,2,45
-45,2,45
-45,2,45
-45,2,45
-44,2,45
-45,2,45
-45,2,45
-45,2,45
-44,2,45
-45,2,45
-45,2,45
-45,2,45
-44,2,45
-45,2,45
-45,1,45
-44,2,45
-45,2,45
-45,2,45
-44,2,46
-44,2,45
-44,2,45
-44,2,46
-45,2,45
-45,2,45
-44,2,45
-44,2,45
-45,2,45
-44,2,45
-44,2,45
-44,2,45
-45,2,45
-45,2,45
-45,2,45
-45,2,45
-44,2,45
-44,2,45
-45,2,45
-45,2,45
-44,2,45
-45,2,45
-45,2,45
-45,2,45
-44,2,45
-44,2,45
-44,2,45
-45,2,45
-45,2,45
-45,2,45
-44,2,45
-44,2,45
-44,2,45
-45,2,45
-44,2,45
-44,2,45
-45,2,45
-44,2,46
-44,2,45
-45,2,45
-45,2,45
-45,2,45
-45,2,45
-44,2,45
-44,2,45
-44,2,46
-44,2,46
-44,2,45
-44,2,45
-44,2,46
-44,2,45
-44,2,45
-44,2,46
-44,2,46
-44,2,45
-44,2,45
-44,2,46
-44,2,46
-44,2,45
-44,2,46
-44,2,45
-45,2,45
-44,2,46
-44,2,46
-44,2,46
-44,2,46
-44,2,45
-45,2,45
-44,2,45
-44,2,45
-44,2,46
-44,2,46
-44,2,45
-44,2,46
-44,2,45
-44,2,46
-44,2,45
-44,2,46
-44,2,45
-44,2,46
-44,2,46
-44,2,46
-44,2,45
-44,2,46
-44,2,46
-44,2,46
-44,2,45
-44,2,46
-44,2,45
-45,2,45
-45,2,45
-44,2,46
-44,2,45
-44,2,45
-44,2,45
-45,2,45
-44,2,45
-44,2,46
-44,2,45
-44,2,45
-44,2,45
-45,2,45
-44,2,45
-44,2,46
-44,2,45
-44,2,45
-44,2,45
-44,2,45
-44,2,45
-44,2,45
-45,2,45
-44,2,45
-44,2,46
-44,2,46
-44,2,45
-45,2,45
-44,1,45
-44,2,45
-45,2,45
-44,2,45
-44,2,45
-44,2,45
-44,2,45
-45,2,45
-45,2,45
-44,2,45
-44,2,45
-45,2,45
-45,2,45
-45,2,45
-45,2,45
-44,2,45
-45,2,45
-44,2,45
-44,2,45
-45,2,45
-45,2,46
-45,2,45
-45,2,45
-44,2,45
-44,2,45
-45,2,45
-44,2,45
-44,1,45
-44,2,45
-44,2,45
-44,2,45
-44,2,45
-45,2,45
-44,2,45
-44,2,46
-44,2,45
-44,2,45
-44,2,46
-45,2,45
-44,2,45
-44,2,46
-44,2,45
-44,2,45
-45,2,45
-44,2,46
-44,2,45
-44,2,46
-44,2,46
-44,2,45
-44,2,45
-44,2,46
-44,2,46
-44,2,45
-44,2,46
-44,2,45
-44,2,46
-44,2,45
-44,2,46
-44,2,46
-44,2,45
-44,2,46
-44,2,45
-44,2,45
-45,2,45
-44,2,45
-44,2,45
-44,2,46
-44,2,46
-45,2,45
-44,2,45
-44,2,45
-44,2,45
-44,2,45
-44,2,46
-45,2,45
-44,2,45
-44,2,45
-44,2,45
-45,2,45
-44,2,46
-44,2,45
-44,2,46
-44,2,45
-45,2,45
-44,2,45
-44,2,46
-44,2,45
-44,2,46
-44,2,45
-44,2,45
-45,2,45
-44,2,45
-44,2,45
-44,2,45
-44,2,45
-44,2,45
-45,2,45
-44,2,45
-44,2,46
-45,2,45
-44,2,45
-44,2,45
-44,2,45
-44,2,46
-45,2,45
-44,2,45
-45,2,46
-44,2,45
-44,2,45
-45,2,45
-44,2,45
-45,2,45
-44,2,45
-44,2,45
-45,2,45
-45,2,45
-44,2,45
-45,2,45
-44,2,45
-45,2,46
-44,2,46
-45,2,45
-45,2,45
-44,2,45
-45,2,45
-45,2,45
-44,2,46
-44,2,45
-44,2,45
-44,2,46
-45,2,45
-44,2,45
-44,2,45
-45,2,46
-45,2,45
-45,2,45
-44,2,46
-45,2,45
-44,2,45
-44,2,45
-44,2,45
-44,2,46
-44,2,45
-44,2,45
-44,2,46
-44,2,46
-44,2,45
-44,2,45
-44,2,46
-44,2,46
-44,2,46
-45,2,45
-44,2,46
-44,2,45
-44,2,46
-44,2,45
-45,2,45
-45,2,45
-44,2,46
-44,2,46
-44,2,45
-44,2,46
-45,2,46
-45,2,45
-44,2,45
-44,2,46
-44,2,45
-44,2,45
-44,2,45
-44,2,45
-44,2,46
-44,2,45
-44,2,46
-44,2,46
-44,2,46
-44,2,46
-44,2,45
-44,2,45
-44,2,45
-44,2,45
-44,2,46
-44,2,46
-44,2,46
-44,2,46
-45,2,45
-45,2,45
-45,2,45
-45,2,45
-44,2,46
-45,2,45
-44,2,45
-44,2,46
-45,2,45
-44,2,45
-44,2,45
-44,2,45
-44,2,45
-44,2,45
-45,2,45
-44,2,45
-44,2,45
-44,2,45
-45,2,45
-45,2,45
-44,2,45
-45,2,45
-44,2,45
-44,2,45
-45,2,45
-44,2,45
-45,2,45
-45,2,45
-44,2,45
-45,2,45
-45,1,45
-44,2,45
-45,2,45
-44,2,45
-44,2,45
-44,2,45
-44,2,45
-45,2,46
-45,2,45
-44,2,45
-44,2,45
-45,2,45
-45,2,45
-45,2,45
-44,2,45
-45,2,45
-45,2,45
-45,2,45
-44,2,45
-45,2,45
-44,2,45
-45,2,45
-44,1,45
-44,2,45
-44,2,45
-44,1,45
-45,2,45
-45,2,45
-44,2,45
-44,2,46
-44,2,45
-45,2,45
-44,2,45
-45,2,45
-45,2,46
-44,2,46
-45,2,45
-45,2,45
-44,2,46
-45,1,45
-45,1,45
-44,2,45
-44,2,45
-44,2,45
-45,2,45
-44,2,45
-44,2,45
-44,2,45
-44,2,45
-45,2,45
-44,2,45
-44,2,45
-45,2,45
-45,2,45
-45,1,45
-44,2,45
-45,2,45
-45,2,45
-44,1,45
-45,2,45
-44,2,45
-45,1,45
-45,1,45
-45,1,45
-45,2,45
-45,2,45
-44,2,45
-45,2,45
-45,2,45
-44,2,46
-45,2,45
-44,2,45
-44,2,46
-44,2,45
-45,2,45
-45,2,45
-44,2,45
-45,2,45
-44,2,45
-44,2,45
-44,2,45
-44,2,45
-44,2,45
-44,2,45
-45,2,45
-44,2,45
-45,2,46
-44,2,46
-45,2,45
-45,2,45
-44,2,46
-44,2,45
-44,2,45
-44,2,45
-45,2,45
-44,2,45
-44,2,45
-44,2,45
-44,2,46
-44,2,45
-45,2,45
-44,2,45
-44,2,45
-44,2,45
-44,2,45
-45,2,45
-44,2,45
-44,2,45
-44,2,45
-44,2,45
-44,2,45
-45,2,45
-44,2,46
-44,2,45
-45,2,45
-45,2,45
-45,2,45
-45,2,45
-44,2,45
-45,2,45
-44,2,45
-45,2,45
-45,2,45
-44,2,45
-44,2,45
-45,2,45
-44,2,46
-45,2,45
-45,2,45
-44,2,45
-44,2,45
-44,2,45
-44,2,45
-45,2,45
-45,2,45
-45,2,45
-45,2,45
-44,2,45
-45,2,45
-44,2,45
-44,2,45
-45,2,45
-45,2,45
-45,2,45
-45,2,45
-44,2,45
-44,2,46
-44,2,45
-45,2,45
-44,2,45
-45,2,45
-45,2,45
-44,2,45
-45,2,45
-44,2,45
-44,2,45
-45,2,45
-45,2,45
-44,2,45
-44,2,45
-45,2,45
-45,2,45
-44,2,45
-45,2,45
-45,2,45
-45,2,45
-45,2,45
-44,2,45
-45,2,45
-44,2,45
-45,2,45
-45,2,45
-45,2,45
-45,2,45
-45,2,45
-44,2,45
-45,2,45
-44,2,45
-44,2,45
-45,1,45
-45,2,45
-45,2,45
-44,2,45
-44,2,45
-45,2,45
-44,2,45
-44,2,45
-45,2,45
-45,2,45
-44,2,45
-45,2,45
-45,2,45
-45,2,45
-45,2,45
-45,2,45
-44,2,45
-45,2,45
-45,2,45
-45,2,45
-45,2,45
-45,2,45
-45,2,45
-45,2,45
-45,2,45
-45,2,45
-45,2,45
-45,2,45
-45,2,45
-45,2,45
-45,1,46
-44,2,45
-45,2,45
-45,2,45
-44,2,46
-44,2,45
-44,2,45
-44,2,45
-45,2,45
-45,2,45
-44,2,45
-45,2,45
-45,2,45
-44,2,45
-44,2,46
-44,2,45
-44,2,45
-44,2,45
-44,2,46
-44,2,45
-44,2,45
-44,2,45
-44,2,45
-44,2,45
-44,2,45
-44,2,45
-44,2,45
-44,2,46
-44,2,46
-45,2,45
-44,2,45
-45,2,45
-45,2,45
-44,2,46
-44,2,46
-44,2,45
-44,2,45
-45,2,45
-45,2,45
-44,2,45
-44,2,46
-44,2,45
-44,2,45
-45,2,45
-45,2,45
-45,2,45
-44,2,45
-45,2,45
-44,2,45
-44,2,46
-45,2,45
-44,2,45
-45,2,45
-45,2,45
-44,2,45
-44,2,45
-45,2,46
-45,2,45
-45,2,45
-45,2,45
-45,2,45
-44,2,45
-44,2,45
-45,2,45
-44,2,45
-44,2,45
-45,1,46
-44,2,45
-44,2,45
-45,2,45
-45,2,45
-45,2,45
-45,2,45
-44,2,45
-45,2,45
-45,2,45
-44,2,45
-45,2,45
-44,2,45
-45,2,45
-45,2,45
-44,1,45
-45,2,46
-44,2,45
-45,2,45
-44,2,46
-44,2,45
-45,2,45
-44,2,45
-45,1,45
-45,2,45
-44,2,46
-44,2,45
-44,2,45
-44,2,45
-45,2,46
-44,2,45
-44,2,46
-44,2,45
-44,2,45
-44,2,46
-44,2,45
-44,2,45
-44,2,45
-44,2,46
-44,2,46
-44,2,45
-44,2,45
-44,2,45
-44,2,45
-44,2,45
-44,2,45
-44,2,45
-45,2,45
-45,2,46
-44,2,45
-45,2,45
-45,2,45
-45,2,45
-45,2,45
-44,2,45
-45,2,45
-44,2,45
-45,2,45
-45,2,45
-45,2,45
-45,2,45
-44,2,45
-45,2,45
-45,2,45
-45,2,45
-44,2,45
-44,1,45
-45,2,45
-44,2,45
-45,2,45
-45,2,45
-45,2,45
-45,2,45
-45,2,45
-45,2,45
-45,2,45
-45,2,45
-44,2,45
-45,2,45
-45,2,45
-45,2,45
-45,2,45
-45,2,45
-44,2,45
-45,2,45
-44,2,45
-45,1,45
-45,2,45
-44,2,45
-45,2,45
-45,2,45
-45,2,45
-45,2,45
-45,2,45
-44,2,45
-45,2,45
-45,1,45
-45,1,45
-45,2,45
-44,2,45
-45,2,45
-45,2,45
-45,2,45
-45,2,45
-45,2,45
-45,2,45
-45,2,45
-45,2,45
-45,2,45
-45,2,45
-45,2,45
-45,2,45
-45,2,45
-44,2,46
-45,2,45
-45,2,45
-44,2,45
-45,2,45
-44,2,45
-45,2,45
-45,2,45
-45,2,45
-44,2,45
-44,2,45
-45,2,45
-45,2,45
-45,2,45
-45,2,45
-45,2,45
-45,2,45
-45,2,45
-44,2,45
-45,2,45
-45,2,45
-45,2,45
-45,2,45
-45,2,45
-45,2,45
-45,2,45
-45,2,45
-45,2,45
-44,2,45
-44,2,45
-45,2,45
-45,2,45
-45,2,45
-45,2,45
-44,2,45
-45,2,45
-45,2,45
-45,2,45
-45,2,45
-45,2,45
-45,2,45
-45,2,45
-45,2,45
-45,2,45
-45,2,45
-45,2,45
-45,2,45
-45,2,45
-45,2,45
-44,2,45
-45,2,45
-45,2,45
-45,2,45
-45,2,45
-45,2,45
-45,2,45
-45,1,45
-44,2,45
-45,2,45
-45,2,45
-45,1,45
-45,2,45
-45,2,45
-45,2,45
-45,2,45
-45,2,45
-45,2,45
-45,2,45
-45,2,45
-45,2,45
-45,2,45
-45,2,45
-45,2,45
-45,1,45
-45,2,45
-45,2,45
-45,1,45
-45,1,45
-45,1,45
-45,1,45
-45,2,45
-45,2,45
-45,1,45
-45,2,45
-45,2,45
-45,2,45
-45,2,45
-45,2,45
-44,2,45
-45,2,45
-45,1,45
-44,2,45
-45,2,45
-45,2,45
-45,1,45
-45,2,45
-45,2,45
-45,2,45
-45,2,45
-45,2,45
-45,2,45
-45,2,45
-45,2,45
-45,2,45
-45,2,45
-45,2,45
-45,2,45
-45,2,45
-45,2,45
-44,2,45
-45,2,45
-45,2,45
-45,2,45
-45,2,45
-45,2,45
-44,2,45
-45,2,45
-44,2,45
-45,2,45
-45,2,45
-44,2,45
-45,2,45
-44,2,45
-45,2,45
-45,2,45
-45,2,45
-45,2,45
-45,2,45
-44,2,45
-45,2,45
-45,2,45
-45,2,45
-45,2,45
-45,2,45
-45,2,45
-45,2,45
-45,2,45
-45,2,45
-45,2,45
-45,2,45
-45,2,45
-45,2,45
-45,2,45
-45,2,45
-44,2,45
-45,2,45
-45,2,45
-45,2,45
-45,2,45
-44,2,45
-44,2,45
-45,2,45
-45,2,45
-45,2,45
-45,2,45
-45,2,45
-45,2,45
-45,2,45
-45,2,45
-45,2,45
-45,2,45
-45,2,45
-45,2,45
-45,2,45
-45,2,45
-45,2,45
-45,2,45
-45,2,45
-45,2,45
-45,2,45
-45,2,45
-45,1,45
-45,1,45
-45,1,45
-45,2,45
-45,2,45
-45,2,45
-45,2,45
-45,2,45
-45,2,45
-45,2,45
-45,2,45
-45,2,45
-45,1,45
-45,2,45
-45,2,45
-45,2,45
-45,2,45
-45,2,45
-45,2,45
-45,2,45
-45,2,45
-45,2,45
-45,1,45
-45,2,45
-45,2,45
-45,2,45
-45,2,45
-45,2,45
-44,2,45
-44,2,45
-45,2,45
-45,2,45
-45,2,45
-45,2,45
-45,2,45
-45,2,45
-44,2,45
-44,2,45
-45,2,45
-44,2,45
-45,2,45
-44,2,45
-44,2,45
-45,2,45
-44,2,45
-45,2,45
-45,2,45
-45,2,45
-45,2,45
-44,2,45
-45,2,45
-45,2,45
-45,2,45
-45,2,45
-44,2,45
-45,2,45
-45,2,45
-45,2,45
-45,2,45
-45,2,45
-45,2,45
-44,2,45
-45,2,45
-45,2,45
-45,2,45
-45,2,45
-45,2,45
-45,2,45
-45,2,45
-45,2,45
-45,2,45
-45,1,45
-44,2,45
-45,2,45
-44,2,45
-44,2,45
-45,2,45
-45,2,45
-45,2,45
-45,2,45
-45,2,45
-45,2,45
-45,1,45
-45,2,45
-45,2,45
-45,2,45
-45,2,45
-45,2,45
-45,2,45
-45,1,45
-45,1,45
-45,2,45
-45,2,45
-45,1,45
-45,2,45
-45,2,45
-45,2,45
-45,2,45
-45,2,45
-45,2,45
-44,2,45
-45,1,45
-45,2,45
-45,2,45
-45,1,45
-45,2,45
-45,2,45
-45,2,45
-45,2,45
-45,2,45
-45,2,45
-45,2,45
-45,2,45
-45,2,45
-45,2,45
-45,2,45
-45,2,45
-45,1,45
-45,2,45
-45,2,45
-44,2,45
-45,2,45
-45,2,45
-45,2,45
-45,2,45
-45,2,45
-45,2,45
-45,2,45
-45,2,45
-45,2,45
-44,2,46
-45,2,45
-44,2,45
-44,2,45
-45,2,45
-45,2,45
-44,2,45
-45,2,45
-45,2,45
-44,2,45
-45,2,45
-45,2,45
-45,2,45
-45,2,45
-44,2,45
-45,2,45
-45,2,45
-45,2,45
-45,2,45
-45,2,45
-44,2,45
-45,2,45
-45,2,45
-45,2,45
-45,2,45
-45,2,45
-45,2,45
-45,2,45
-45,2,45
-45,2,45
-45,2,45
-44,2,45
-45,2,45
-45,2,45
-45,2,45
-45,2,45
-44,2,45
-45,2,45
-45,2,45
-44,2,45
-45,2,45
-45,2,45
-45,2,45
-45,2,45
-45,2,45
-45,2,45
-45,2,45
-45,2,45
-45,2,45
-44,2,45
-45,2,45
-45,2,45
-45,2,45
-45,2,45
-45,2,45
-45,2,45
-45,2,45
-45,2,45
-45,1,45
-45,2,45
-45,2,45
-44,2,45
-45,2,45
-45,2,45
-45,2,45
-45,2,45
-45,1,45
-45,2,45
-45,2,45
-45,2,45
-45,2,45
-45,2,45
-45,2,45
-45,2,45
-45,1,45
-45,2,45
-45,1,45
-45,2,45
-45,2,45
-45,2,45
-45,2,45
-45,1,45
-45,2,45
-45,2,45
-45,2,45
-45,2,45
-45,2,45
-45,1,45
-45,2,45
-45,2,45
-45,2,45
-45,2,45
-45,2,45
-45,2,45
-44,2,45
-45,2,45
-45,2,45
-44,2,45
-45,2,45
-45,2,45
-45,2,45
-45,2,45
-45,2,45
-45,2,45
-45,2,45
-45,2,45
-45,2,45
-44,2,45
-45,2,45
-45,2,45
-45,2,45
-45,2,45
-45,2,45
-45,2,45
-45,2,45
-45,2,45
-44,2,45
-45,2,45
-45,2,45
-45,2,45
-45,2,45
-45,2,45
-44,2,45
-45,2,45
-45,2,45
-45,2,45
-45,2,45
-45,2,45
-45,2,45
-45,2,45
-45,2,45
-45,2,45
-45,2,45
-45,2,45
-45,2,45
-45,2,45
-45,2,45
-45,2,45
-45,2,45
-45,2,45
-45,2,45
-45,2,45
-45,2,45
-45,2,45
-45,2,45
-45,2,45
-45,2,45
-45,2,45
-45,2,45
-45,2,45
-45,2,45
-44,2,45
-45,2,45
-45,2,45
-45,2,45
-45,2,45
-44,2,45
-45,2,45
-45,2,45
-45,2,45
-45,2,45
-45,2,45
-45,2,45
-45,2,45
-45,1,45
-45,2,45
-45,2,45
-45,1,45
-45,2,45
-45,2,45
-45,1,45
-45,2,45
-45,2,45
-45,2,45
-45,1,45
-45,2,45
-45,2,45
-45,2,45
-45,1,45
-45,1,45
-45,2,45
-45,2,45
-45,2,45
-45,1,45
-45,2,45
-45,1,45
-45,1,45
-45,2,45
-45,2,45
-45,2,45
-45,2,45
-45,2,45
-45,2,45
-45,2,45
-45,1,45
-45,2,45
-45,2,45
-45,2,45
-45,2,45
-45,2,45
-45,2,45
-45,2,45
-45,2,45
-45,2,45
-45,2,45
-45,2,45
-45,2,45
-45,2,45
-45,2,45
-45,2,45
-45,2,45
-45,2,45
-45,2,45
-45,2,45
-44,2,45
-45,2,45
-44,2,45
-45,2,45
-45,1,45
-45,2,45
-45,2,45
-45,2,45
-45,2,45
-45,2,45
-45,2,45
-45,2,45
-45,2,45
-45,1,45
-45,1,45
-45,2,45
-45,2,45
-45,2,45
-45,2,45
-45,2,45
-45,2,45
-45,2,45
-45,2,45
-45,2,45
-45,2,45
-45,2,45
-45,1,45
-45,1,45
-45,2,45
-45,2,45
-45,2,45
-44,2,45
-45,1,45
-45,2,45
-45,2,45
-45,1,45
-45,2,45
-45,2,45
-45,2,45
-45,2,45
-45,2,45
-45,1,45
-45,1,45
-45,1,45
-45,2,45
-45,2,45
-45,1,45
-45,2,45
-45,2,45
-45,2,45
-45,2,45
-45,2,45
-45,2,45
-45,2,45
-45,2,45
-45,2,45
-45,2,45
-45,1,45
-45,1,45
-45,2,45
-45,2,45
-45,1,45
-45,2,45
-45,1,45
-45,1,45
-45,2,45
-45,2,45
-44,2,45
-45,2,45
-45,2,45
-44,2,45
-45,2,45
-45,2,45
-45,2,45
-45,2,45
-45,2,45
-45,2,45
-45,2,45
-45,2,45
-45,2,45
-45,2,45
-45,2,45
-45,2,45
-45,2,45
-45,2,45
-45,2,45
-45,2,45
-45,2,45
-45,2,45
-45,2,45
-45,2,45
-45,2,45
-44,2,45
-45,2,45
-44,2,45
-45,2,45
-45,2,45
-44,2,45
-45,2,45
-45,2,45
-45,2,45
-45,2,45
-45,2,45
-45,2,45
-45,2,45
-45,2,45
-45,2,45
-45,2,45
-45,1,45
-45,2,45
-45,2,45
-45,2,45
-45,2,45
-45,1,45
-45,2,45
-45,2,45
-45,2,45
-45,1,45
-45,2,45
-45,2,45
-45,2,45
-44,2,45
-45,1,45
-45,2,45
-45,1,45
-45,1,45
-45,1,45
-45,2,45
-45,1,45
-45,2,45
-45,2,45
-45,1,45
-45,2,45
-45,1,45
-45,2,45
-45,1,45
-45,1,45
-45,2,45
-45,1,45
-45,1,45
-45,2,45
-45,2,45
-45,1,45
-45,1,45
-45,2,45
-45,1,45
-45,2,45
-45,2,45
-45,1,45
-45,1,45
-45,2,45
-45,2,45
-45,2,45
-45,1,45
-45,2,45
-45,1,45
-45,1,45
-45,1,45
-45,2,45
-45,2,45
-45,1,45
-45,1,45
-45,2,45
-45,2,45
-45,1,45
-45,2,45
-45,2,45
-45,2,45
-45,2,45
-45,1,45
-45,1,45
-45,1,45
-45,2,45
-45,2,45
-45,1,45
-45,1,45
-45,1,45
-45,1,45
-45,2,45
-45,1,45
-45,1,45
-45,2,45
-45,1,45
-45,1,45
-45,1,45
-45,2,45
-45,2,45
-45,1,45
-45,1,45
-45,1,45
-45,2,45
-45,1,45
-45,2,45
-45,1,45
-45,2,45
-45,1,45
-45,1,45
-45,2,45
-45,1,45
-45,1,45
-45,2,45
-45,2,45
-45,1,45
-45,2,45
-45,1,45
-45,2,45
-45,1,45
-45,2,45
-45,2,45
-45,1,45
-45,1,45
-45,1,45
-45,2,44
-45,1,45
-45,2,45
-45,2,45
-45,2,45
-45,2,45
-45,1,45
-45,2,45
-45,2,45
-45,1,45
-45,1,45
-45,2,45
-45,1,45
-45,2,45
-45,1,45
-45,1,45
-44,2,45
-45,2,45
-45,2,45
-45,1,44
-46,1,45
-46,2,46
-46,2,46
-44,2,47
-46,1,44
-47,0,42
-46,1,43
-45,1,44
-43,2,47
-41,3,50
-40,2,48
-41,1,48
-42,1,48
-42,-2,46
-41,-3,47
-41,-3,46
-43,-2,47
-44,-1,47
-44,0,47
-44,0,47
-45,-1,46
-44,-2,46
-43,-2,45
-43,-1,47
-39,0,48
-41,2,49
-40,3,49
-41,3,49
-41,4,48
-42,5,46
-45,4,45
-44,1,43
-43,-1,49
-42,0,52
-44,1,47
-51,2,42
-55,1,41
-48,0,43
-44,0,45
-40,1,49
-39,1,49
-41,1,47
-45,0,45
-50,2,45
-64,9,45
-61,8,46
-29,-4,45
-14,-11,43
-20,-13,42
-46,-13,44
-53,-10,47
-63,8,52
-60,12,46
-38,8,44
-36,-1,45
-38,-2,46
-43,-4,49
-40,-3,49
-41,-1,48
-49,2,46
-51,3,44
-50,5,41
-46,4,43
-42,1,48
-40,1,49
-43,1,47
-46,3,45
-46,2,44
-44,2,45
-44,1,46
-44,1,46
-44,1,46
-44,1,46
-44,1,45
-45,1,45
-44,1,45
-44,2,46
-44,1,45
-44,1,45
-45,1,45
-44,1,46
-44,1,46
-45,1,46
-44,1,46
-44,1,46
-44,2,46
-44,1,46
-44,1,46
-44,1,46
-44,1,46
-44,1,46
-45,1,46
-44,1,46
-44,2,46
-44,1,46
-44,1,46
-44,2,46
-44,2,46
-44,2,46
-44,2,46
-44,2,46
-44,2,46
-44,2,46
-44,2,46
-44,2,46
-44,2,46
-44,2,46
-44,3,46
-43,3,46
-43,3,47
-43,3,47
-44,3,46
-44,3,46
-44,3,46
-44,3,46
-43,3,46
-43,3,46
-44,3,46
-43,4,46
-43,3,46
-43,4,47
-43,4,47
-43,4,47
-43,5,47
-43,4,47
-43,4,47
-43,4,47
-43,4,47
-43,4,46
-43,4,46
-43,4,47
-43,4,47
-43,3,47
-43,4,47
-42,4,47
-44,4,47
-43,4,47
-42,4,47
-43,3,47
-43,3,47
-43,3,46
-43,3,46
-43,3,47
-43,3,47
-44,2,46
-44,2,46
-43,2,46
-44,3,46
-44,3,46
-44,2,47
-43,3,46
-44,2,46
-44,2,47
-44,2,46
-44,2,46
-44,2,46
-44,2,46
-44,2,46
-44,2,46
-44,2,46
-44,1,46
-44,2,46
-44,2,46
-44,1,46
-44,2,46
-44,2,46
-44,2,46
-44,1,46
-44,2,46
-44,1,46
-44,1,46
-44,1,46
-44,2,46
-44,2,46
-44,2,46
-44,1,45
-44,1,45
-44,2,46
-44,1,46
-44,2,46
-44,1,46
-44,1,46
-44,2,46
-44,2,46
-44,1,46
-44,1,46
-44,2,46
-44,1,46
-44,1,46
-44,2,46
-44,2,46
-44,1,46
-44,2,46
-44,1,46
-44,1,45
-44,1,46
-44,2,46
-44,1,46
-44,1,45
-45,1,46
-45,1,46
-44,1,45
-44,1,46
-44,1,45
-44,1,46
-44,1,46
-44,1,45
-44,1,46
-44,1,46
-44,1,46
-44,1,46
-44,1,45
-44,1,46
-44,1,45
-44,1,46
-45,1,46
-44,1,45
-44,1,46
-44,1,45
-44,1,45
-44,1,45
-44,1,46
-44,1,46
-44,1,45
-44,1,46
-44,1,46
-44,1,46
-44,1,46
-44,1,46
-44,1,46
-44,1,45
-44,1,46
-44,1,45
-44,1,46
-44,1,46
-44,1,45
-44,1,46
-44,1,45
-44,1,46
-44,1,46
-44,1,45
-44,1,45
-44,1,45
-44,1,46
-44,1,45
-44,1,46
-44,1,46
-44,1,46
-44,1,46
-44,1,46
-44,1,46
-44,1,46
-44,1,46
-44,1,46
-44,1,46
-44,1,46
-44,1,45
-44,1,45
-44,1,46
-44,1,45
-44,1,45
-44,1,46
-44,1,46
-44,1,46
-45,1,45
-44,1,45
-44,1,45
-44,1,45
-45,1,45
-44,1,45
-44,1,46
-44,1,45
-44,1,45
-44,1,46
-44,1,45
-44,1,45
-44,1,45
-44,1,46
-44,1,46
-44,1,46
-44,1,46
-44,1,46
-44,1,45
-44,1,46
-44,1,46
-44,1,46
-44,1,45
-44,1,45
-44,1,46
-44,1,46
-44,1,45
-44,1,45
-45,1,45
-44,1,45
-44,1,45
-44,1,45
-44,1,46
-44,1,46
-44,1,46
-44,1,45
-44,1,46
-44,1,45
-44,1,46
-44,1,45
-44,1,45
-44,1,45
-44,1,46
-44,1,45
-44,1,45
-44,1,46
-44,1,46
-44,1,45
-44,1,45
-44,1,45
-44,1,46
-44,1,45
-44,1,46
-44,1,45
-44,1,45
-44,1,46
-44,2,46
-45,1,45
-45,1,45
-44,1,46
-45,1,45
-44,1,45
-44,1,46
-44,1,46
-44,1,46
-44,1,46
-44,1,45
-44,1,45
-44,1,45
-44,1,45
-44,1,46
-44,1,45
-44,1,45
-44,1,45
-44,1,46
-44,1,46
-44,1,45
-44,1,46
-44,1,45
-44,1,46
-44,1,46
-44,1,45
-44,1,46
-45,1,45
-44,1,45
-44,1,45
-44,1,46
-44,1,45
-45,1,45
-44,1,46
-44,1,45
-44,1,45
-44,1,46
-44,1,45
-44,1,45
-44,1,45
-44,1,46
-44,1,45
-44,1,45
-44,1,45
-44,1,45
-44,1,45
-44,1,45
-44,1,45
-44,1,46
-44,1,45
-44,1,46
-44,1,45
-44,1,45
-44,1,46
-44,1,45
-44,1,45
-44,1,46
-44,1,46
-44,1,45
-44,1,46
-44,1,46
-45,1,45
-44,1,45
-44,1,45
-44,1,45
-44,1,45
-44,1,45
-44,1,45
-44,1,45
-45,1,45
-44,1,45
-44,1,46
-44,1,45
-44,1,46
-44,1,45
-44,1,45
-44,1,45
-44,1,46
-44,1,45
-44,1,45
-44,1,45
-44,1,46
-44,1,46
-44,1,45
-44,1,45
-44,1,45
-44,1,46
-44,1,46
-44,1,46
-45,1,46
-44,1,46
-44,1,45
-44,1,46
-44,1,46
-44,1,46
-44,1,46
-44,1,46
-44,1,46
-44,1,45
-44,1,46
-44,1,45
-44,1,46
-44,1,45
-44,1,46
-44,1,46
-44,1,46
-44,1,45
-44,1,46
-44,1,45
-44,1,45
-44,1,46
-45,1,45
-44,1,46
-44,1,45
-45,1,45
-44,1,46
-44,1,45
-45,1,45
-44,1,45
-44,1,46
-44,1,46
-44,1,46
-45,1,46
-44,1,45
-45,1,45
-45,1,45
-44,1,45
-44,1,46
-44,1,45
-44,1,45
-45,1,45
-44,1,45
-44,1,46
-44,1,45
-45,1,45
-44,1,46
-44,1,45
-44,1,46
-44,1,46
-45,1,45
-45,1,45
-44,1,45
-44,1,45
-45,1,45
-44,1,46
-44,1,46
-44,1,45
-45,1,46
-45,1,45
-44,1,45
-44,1,45
-44,1,45
-44,1,46
-45,1,46
-44,1,45
-44,1,45
-44,1,45
-44,1,46
-44,1,45
-44,1,46
-44,1,46
-45,1,45
-44,1,45
-45,1,46
-44,1,46
-44,1,45
-45,1,45
-45,1,45
-44,1,45
-45,1,45
-44,1,46
-44,1,46
-44,1,45
-44,1,46
-45,1,46
-44,1,45
-44,1,46
-44,1,45
-44,1,45
-44,1,45
-44,1,45
-44,1,45
-44,1,46
-44,1,46
-44,1,46
-44,1,46
-44,1,46
-44,1,45
-44,1,45
-44,1,45
-44,1,46
-44,1,46
-44,1,45
-45,1,45
-44,1,45
-44,1,45
-44,1,45
-44,1,46
-44,1,46
-44,1,45
-44,1,46
-45,1,46
-44,1,46
-44,1,45
-44,1,45
-44,1,46
-44,1,46
-45,1,46
-44,1,46
-44,1,45
-44,1,45
-45,1,45
-44,1,45
-44,1,46
-44,1,45
-44,1,45
-44,1,46
-44,1,46
-44,1,46
-44,1,46
-45,1,45
-45,1,45
-44,1,45
-44,1,45
-44,1,45
-44,1,46
-44,1,45
-44,1,45
-45,1,46
-45,1,46
-44,1,45
-44,1,45
-44,1,45
-45,1,45
-45,1,46
-44,1,46
-44,1,46
-44,1,46
-44,1,45
-45,1,45
-44,1,45
-44,1,46
-44,1,46
-44,1,46
-44,1,46
-45,1,45
-45,1,46
-44,1,45
-45,1,45
-45,1,45
-44,1,45
-45,1,45
-44,1,46
-44,1,45
-44,1,45
-44,1,45
-45,1,46
-44,1,45
-44,1,46
-44,1,46
-44,1,45
-44,1,45
-45,1,46
-44,1,46
-44,1,46
-44,1,45
-44,1,46
-44,1,46
-44,1,45
-44,1,46
-44,1,46
-44,1,46
-44,1,46
-44,1,46
-44,1,46
-44,1,46
-44,1,45
-44,1,46
-44,1,46
-45,1,45
-44,1,46
-44,2,46
-44,1,45
-44,1,46
-45,1,46
-44,1,46
-44,1,45
-44,1,46
-44,1,45
-44,1,45
-44,1,46
-44,1,46
-44,2,46
-44,1,46
-44,1,46
-44,1,46
-44,1,46
-44,1,45
-44,1,45
-44,1,46
-44,2,46
-44,1,46
-44,1,45
-44,1,45
-45,1,45
-45,1,45
-44,1,46
-44,1,46
-44,1,46
-45,1,46
-45,1,45
-44,1,45
-44,1,46
-44,1,45
-44,1,45
-44,1,45
-45,1,45
-45,1,45
-45,1,46
-44,1,45
-44,1,45
-44,1,46
-44,1,45
-44,1,45
-44,1,45
-44,1,45
-44,1,46
-44,1,46
-44,1,45
-45,1,45
-44,1,46
-44,1,45
-44,1,45
-44,1,46
-44,1,46
-45,1,45
-44,1,45
-45,1,45
-44,1,45
-44,1,45
-45,1,45
-44,1,45
-44,1,45
-44,1,45
-44,1,45
-45,1,45
-45,1,45
-44,1,45
-44,1,45
-44,1,46
-44,1,45
-44,1,45
-44,1,45
-44,1,45
-44,1,45
-44,1,46
-44,1,45
-44,1,45
-44,1,45
-44,1,46
-44,1,46
-45,1,45
-44,1,46
-44,1,46
-44,1,45
-44,1,46
-44,1,46
-45,1,46
-44,1,45
-44,1,46
-44,1,46
-44,1,46
-44,1,46
-44,1,46
-44,2,46
-44,2,46
-44,1,46
-44,1,46
-44,1,46
-44,1,46
-44,2,46
-44,1,46
-44,1,46
-44,1,46
-44,2,46
-45,1,46
-44,1,46
-44,1,45
-44,1,45
-44,1,45
-45,1,45
-44,1,46
-44,1,46
-44,1,46
-44,1,46
-45,1,46
-44,1,45
-44,1,45
-44,1,45
-44,1,46
-44,1,45
-45,1,45
-44,1,45
-44,1,46
-44,1,46
-44,1,45
-44,1,45
-44,1,45
-44,1,45
-44,1,45
-44,1,45
-44,1,45
-44,1,45
-44,1,45
-44,1,46
-44,1,46
-45,1,45
-44,1,45
-44,1,46
-44,1,45
-45,1,45
-44,1,46
-44,1,45
-44,1,45
-44,1,46
-45,1,45
-44,1,46
-44,1,46
-44,1,46
-44,1,45
-44,1,46
-44,1,46
-45,1,45
-44,1,45
-44,1,46
-44,1,45
-44,1,46
-44,1,45
-45,1,45
-45,1,45
-44,1,45
-44,1,45
-44,1,46
-45,1,45
-44,1,45
-44,1,45
-44,1,46
-44,1,45
-45,1,45
-44,1,45
-44,1,45
-45,1,45
-44,1,46
-44,1,45
-44,1,45
-44,1,46
-45,1,45
-44,1,45
-44,1,45
-44,1,46
-44,1,46
-44,1,45
-44,1,45
-44,1,45
-44,1,45
-44,1,45
-44,1,45
-44,1,45
-44,1,46
-45,1,45
-45,1,45
-45,1,45
-44,1,45
-44,1,45
-44,1,45
-44,1,45
-44,1,45
-44,1,46
-44,1,46
-45,1,45
-45,1,45
-44,1,45
-44,1,45
-44,1,46
-44,1,45
-44,1,46
-44,1,45
-44,1,46
-45,1,45
-44,1,45
-44,1,46
-44,1,45
-44,1,46
-45,1,46
-44,1,45
-44,1,46
-44,1,45
-44,1,45
-44,1,46
-44,1,45
-44,1,45
-44,1,45
-44,1,45
-44,1,45
-44,1,46
-44,1,45
-44,1,45
-44,1,46
-44,1,46
-44,1,45
-45,1,45
-45,1,46
-44,1,45
-44,1,45
-44,1,46
-44,1,46
-44,1,45
-44,1,45
-44,1,46
-45,1,45
-44,1,46
-44,1,45
-44,1,46
-44,1,46
-44,1,45
-44,1,45
-44,1,45
-44,1,46
-44,1,45
-44,1,45
-44,1,46
-44,1,45
-44,1,46
-44,1,46
-44,1,46
-44,1,46
-44,1,46
-44,1,45
-44,1,46
-44,2,46
-44,1,46
-44,1,45
-44,1,45
-44,1,45
-44,1,46
-44,1,46
-44,1,46
-44,1,46
-44,2,46
-44,1,46
-44,1,46
-44,1,46
-44,1,46
-44,1,46
-44,1,46
-44,2,45
-44,2,46
-44,2,46
-44,1,46
-44,2,46
-44,1,46
-44,1,46
-44,1,46
-44,2,46
-44,1,46
-44,1,46
-44,1,46
-44,1,46
-44,1,45
-44,2,46
-44,1,46
-44,1,46
-44,1,46
-44,2,46
-44,1,46
-45,1,46
-45,1,45
-44,1,46
-44,1,46
-44,1,46
-44,1,46
-44,1,46
-44,1,45
-44,1,46
-44,1,46
-44,1,46
-44,1,45
-45,1,45
-44,1,45
-44,1,45
-44,1,45
-44,1,46
-44,1,45
-44,1,45
-44,1,46
-44,1,45
-45,1,45
-44,1,46
-45,1,45
-45,1,45
-44,1,46
-44,1,45
-44,1,45
-45,1,45
-45,1,45
-45,1,45
-43,1,45
-45,1,45
-46,1,44
-45,1,45
-45,1,45
-44,1,46
-44,1,45
-44,1,45
-44,0,45
-45,0,45
-45,1,45
-45,1,45
-45,1,45
-44,1,46
-44,1,46
-45,1,45
-45,0,45
-45,1,45
-44,1,46
-44,1,45
-45,0,45
-45,1,45
-45,1,45
-45,1,45
-44,1,45
-44,1,46
-44,1,46
-43,1,46
-44,1,46
-44,1,46
-43,2,46
-44,2,46
-44,2,47
-43,2,47
-43,2,47
-43,2,47
-43,2,47
-42,3,47
-43,3,47
-43,3,47
-43,3,47
-42,3,47
-42,4,48
-42,3,47
-43,3,48
-42,2,48
-41,3,48
-42,3,48
-42,3,48
-43,3,47
-43,2,48
-42,3,48
-41,4,48
-40,5,48
-40,5,49
-41,5,49
-41,5,49
-40,5,50
-39,4,50
-39,4,50
-40,4,49
-41,5,49
-41,5,49
-39,6,49
-38,6,50
-39,5,50
-41,2,49
-42,0,47
-46,-2,45
-47,-1,44
-46,2,45
-43,4,47
-42,4,48
-42,2,48
-43,1,47
-44,1,46
-45,1,45
-44,2,46
-42,3,48
-42,3,48
-42,4,48
-41,4,48
-41,4,48
-42,2,47
-43,1,47
-44,1,47
-43,1,48
-42,4,49
-41,6,47
-45,7,45
-41,6,49
-40,6,49
-40,5,50
-41,5,50
-41,5,49
-39,6,50
-38,6,50
-37,8,51
-37,9,52
-36,10,52
-35,10,52
-37,11,51
-37,12,50
-35,12,50
-35,13,50
-36,13,50
-35,15,52
-34,15,52
-33,17,52
-31,17,51
-33,17,51
-38,19,51
-37,20,48
-36,21,46
-36,21,49
-35,19,51
-33,18,51
-35,18,51
-36,18,50
-34,19,51
-34,19,51
-35,18,51
-35,17,50
-35,16,50
-35,17,50
-35,17,51
-35,16,50
-35,17,51
-35,17,50
-35,17,51
-35,18,51
-35,17,51
-35,17,50
-35,17,51
-35,17,51
-35,17,51
-35,17,51
-35,17,50
-35,17,51
-35,17,51
-35,17,50
-35,17,50
-35,17,51
-35,17,51
-35,17,51
-35,17,50
-35,17,51
-35,17,51
-35,17,50
-35,17,51
-35,17,51
-35,17,50
-35,17,50
-35,17,50
-35,17,51
-35,18,51
-35,17,51
-35,17,50
-35,17,50
-35,17,50
-35,17,50
-35,17,50
-35,17,50
-35,17,51
-35,17,51
-35,17,50
-35,17,50
-35,17,50
-35,17,50
-35,17,51
-35,17,50
-35,17,50
-35,17,50
-35,17,51
-35,17,51
-35,17,50
-35,17,50
-35,17,50
-35,16,51
-35,17,50
