1520864786.000000, 1520864786.000000, 1520864786.000000
32.000000, 32.000000, 32.000000
22,46,-34
24,43,-42
26,42,-35
29,40,-36
38,36,-45
42,36,-37
51,34,-21
50,33,-21
56,25,-21
57,24,-10
41,23,-17
63,12,-1
68,16,11
59,14,16
60,14,16
59,8,15
61,11,24
62,9,25
66,9,36
61,8,36
53,3,36
58,7,41
47,6,40
45,3,44
51,4,46
51,2,50
46,5,50
37,6,45
41,5,50
39,6,53
35,2,52
31,1,50
33,1,53
38,4,54
42,7,51
36,1,52
35,2,52
37,5,52
36,3,52
34,2,53
34,2,53
36,3,52
41,4,50
38,4,51
35,2,52
36,3,52
39,3,51
42,4,49
39,3,48
37,3,52
39,3,50
40,4,51
39,3,50
38,4,49
40,3,50
40,4,49
40,3,50
39,3,49
40,4,49
40,3,49
40,3,49
40,4,49
40,4,49
40,4,49
40,4,49
40,4,49
40,4,49
40,4,49
40,4,49
40,4,49
40,4,49
40,4,49
40,4,49
40,4,49
40,4,49
40,4,49
40,4,49
40,4,49
40,4,49
40,4,49
40,4,49
40,4,49
40,4,49
40,4,49
40,4,49
40,4,49
40,4,49
40,4,49
40,4,49
40,4,49
40,4,49
40,4,49
40,4,49
40,4,49
40,4,49
40,4,49
40,4,49
40,4,49
40,4,49
40,4,49
40,4,49
40,4,49
40,4,49
40,4,49
40,4,49
40,4,49
40,4,49
40,4,49
40,4,49
40,4,49
40,4,49
40,4,49
40,4,49
40,4,49
40,4,49
40,4,49
40,4,49
40,4,49
40,4,49
40,4,49
40,4,49
40,4,49
40,4,49
40,4,49
40,4,49
40,4,49
40,4,49
40,4,49
40,4,50
40,4,49
40,4,49
40,4,49
40,4,49
40,4,49
40,4,49
39,4,49
40,4,49
40,4,49
40,4,49
40,4,49
40,4,49
40,4,49
40,4,49
40,4,49
40,4,49
40,4,49
39,4,49
40,4,49
40,4,49
39,4,49
39,4,49
40,4,49
40,4,49
40,4,49
40,4,49
40,4,49
40,4,49
40,4,49
40,4,49
40,4,49
41,4,48
40,4,49
39,4,49
40,4,49
40,4,49
40,4,49
40,4,49
40,4,49
40,4,49
40,4,49
40,4,49
40,4,49
40,4,49
40,4,49
40,4,49
40,4,49
40,4,48
39,4,49
40,4,49
40,4,49
40,4,49
40,4,49
40,4,49
40,4,49
40,4,49
40,4,49
40,4,49
40,4,49
40,4,49
40,4,49
40,4,49
40,4,49
40,4,49
40,4,49
40,4,49
40,4,49
40,4,49
40,4,49
40,4,49
40,4,49
40,4,49
40,4,49
40,4,49
40,4,49
40,4,49
40,4,49
40,4,49
40,4,49
40,4,49
40,4,49
40,4,49
40,4,49
40,4,49
40,4,49
40,4,49
40,4,49
40,4,49
40,4,49
40,4,49
40,4,49
40,4,49
40,4,49
40,4,49
40,4,49
40,4,49
40,4,49
40,4,49
40,4,49
40,4,49
40,4,49
40,4,49
40,4,49
40,4,49
40,4,49
40,4,49
40,4,49
40,4,49
40,4,49
40,4,49
40,4,49
40,4,49
40,4,49
40,4,49
40,4,49
40,4,49
40,4,49
40,4,49
40,4,49
40,4,49
40,4,49
40,4,49
40,4,49
40,4,49
40,4,49
40,4,49
40,4,49
40,4,49
40,4,49
40,4,49
40,4,49
40,4,49
40,4,49
40,4,49
40,4,49
40,4,49
40,4,49
40,4,49
40,4,49
40,4,49
40,4,49
40,4,49
40,4,49
40,4,49
40,4,49
40,4,49
40,4,49
40,4,49
40,4,49
40,4,49
40,4,49
40,4,49
40,4,49
40,4,49
40,4,49
40,4,49
40,4,49
40,4,49
40,4,49
40,4,49
40,4,49
40,4,49
40,4,49
40,4,49
40,4,49
40,4,49
40,4,49
40,4,49
40,4,49
40,4,49
40,4,49
40,4,49
40,4,49
40,4,49
40,4,49
40,4,49
40,4,49
40,4,49
40,4,49
40,4,49
40,4,49
40,4,49
40,4,49
40,4,49
40,4,49
40,4,49
40,4,49
40,4,49
40,4,49
40,4,49
40,4,49
40,4,49
40,4,49
40,4,49
40,4,49
40,4,49
40,4,49
40,4,49
40,4,49
40,4,49
40,4,49
40,4,49
40,4,49
40,4,49
40,4,49
40,4,49
40,4,49
40,4,49
40,4,49
40,4,49
40,4,49
40,4,49
40,4,49
40,4,49
40,4,49
40,4,49
40,4,49
40,4,49
40,4,49
40,4,49
40,4,49
40,4,49
40,4,49
40,4,49
40,4,49
40,4,49
40,4,49
40,4,49
40,4,49
40,4,49
40,4,49
40,4,49
40,4,49
40,4,49
40,4,49
40,4,49
40,4,49
40,4,49
40,4,49
40,4,49
40,4,49
40,4,49
40,4,49
40,4,49
40,4,49
40,4,49
40,4,49
40,4,49
41,4,49
40,4,49
40,4,49
40,4,49
39,4,49
39,4,50
39,4,50
39,4,50
39,4,50
39,4,49
39,4,50
39,4,50
39,4,50
39,4,50
39,4,50
40,4,49
40,4,50
39,4,49
40,4,50
39,4,50
39,4,50
40,4,49
40,4,49
40,4,49
40,4,49
39,4,49
40,4,49
40,4,49
40,4,50
40,4,49
40,4,49
40,4,49
39,4,49
39,4,49
39,4,50
40,4,49
40,4,49
39,4,49
39,4,50
40,4,49
40,4,50
40,4,49
39,4,50
39,4,50
39,4,50
40,4,50
40,4,49
40,4,49
40,4,49
40,4,50
40,4,50
39,4,50
39,4,50
38,4,50
38,4,51
38,4,51
38,4,51
37,4,51
37,4,51
37,4,51
34,4,50
39,5,51
40,5,50
36,3,52
38,3,51
40,4,50
38,4,51
38,4,49
41,4,49
39,4,49
40,4,50
40,4,49
41,4,49
40,4,49
40,4,48
41,4,49
40,4,49
40,4,49
40,5,48
40,4,49
40,4,49
40,4,49
40,4,49
40,5,49
40,5,49
40,4,49
40,4,49
40,4,49
40,4,49
40,4,49
41,5,49
40,5,49
40,4,49
40,4,49
40,4,48
40,4,49
40,4,49
40,5,48
40,5,49
40,4,49
40,5,49
40,5,49
40,5,49
40,5,49
40,5,49
40,5,49
40,5,49
40,5,49
40,4,49
40,5,49
40,4,49
40,4,49
40,5,49
40,5,49
40,5,49
40,5,49
40,5,49
40,5,49
40,5,49
40,4,49
40,5,49
40,5,49
40,5,49
40,5,49
40,4,49
40,5,49
40,5,49
40,5,49
40,5,49
40,5,49
40,5,49
40,5,49
40,5,49
40,5,49
40,4,49
40,5,49
40,5,49
40,5,49
40,5,49
40,5,49
40,5,49
40,5,49
41,5,48
40,5,49
40,4,49
41,4,49
40,5,48
41,5,48
41,5,48
41,5,49
41,5,48
41,5,48
41,5,48
41,5,48
41,5,48
41,4,48
41,5,48
41,5,48
41,4,48
41,5,48
41,4,49
41,4,48
41,5,48
41,4,48
41,5,48
41,5,48
41,5,48
41,4,48
41,5,48
41,5,48
41,5,48
41,4,48
41,5,48
41,5,49
41,5,48
41,5,48
41,5,48
41,5,48
41,5,48
40,4,49
41,5,48
41,5,48
41,4,48
41,5,49
41,5,49
40,5,48
41,5,48
40,5,48
41,5,49
41,5,48
41,5,48
41,5,49
41,5,49
40,5,48
40,5,49
40,5,48
40,5,48
40,5,49
41,5,48
40,5,49
41,5,48
40,5,48
40,5,48
40,5,49
41,5,48
40,5,49
41,5,49
41,5,49
41,5,49
40,5,49
40,5,48
41,5,49
41,5,48
41,4,48
41,4,49
40,5,48
40,5,49
40,5,49
40,5,48
41,5,48
40,5,49
40,5,49
41,5,49
40,5,48
41,5,48
40,5,49
41,5,48
41,5,48
40,5,49
41,5,48
40,5,49
41,5,49
40,5,49
40,5,48
40,5,49
40,5,48
41,5,49
41,5,49
40,5,48
41,5,49
40,5,48
40,5,49
40,5,48
40,5,48
40,5,49
40,5,49
40,5,48
40,5,49
40,5,48
41,5,49
40,5,49
40,5,49
40,5,48
40,5,49
40,4,48
40,5,49
40,4,49
41,5,49
40,5,49
40,5,48
41,5,49
40,5,49
41,5,48
40,5,49
41,5,49
41,5,49
40,5,49
41,5,48
40,5,49
40,5,49
40,5,49
40,5,48
40,5,49
40,5,49
40,5,49
40,5,49
40,5,49
41,5,49
40,5,49
40,5,49
40,5,49
40,5,49
40,5,49
40,5,49
40,5,48
40,5,48
40,5,49
40,5,49
40,5,49
40,5,49
40,5,49
40,5,48
40,5,49
40,5,49
40,5,49
40,5,49
40,5,49
40,5,49
40,5,49
40,5,49
40,5,49
40,5,49
40,5,48
40,5,48
40,5,48
40,5,48
40,5,48
40,5,49
39,3,49
40,4,48
40,5,48
42,5,49
41,5,49
38,4,49
39,4,50
39,4,50
40,4,49
39,4,50
38,4,50
38,4,50
39,4,50
39,4,50
39,4,50
39,4,50
39,4,49
39,4,49
39,4,49
40,3,49
40,4,49
40,4,49
40,4,49
41,4,49
41,4,48
41,4,49
40,4,49
40,3,48
41,4,48
40,4,48
42,4,48
41,3,48
41,4,48
41,4,48
42,4,48
41,4,48
41,4,48
42,4,48
41,4,48
42,4,48
41,4,48
42,4,48
42,4,48
41,4,48
41,4,47
42,4,48
42,4,48
42,4,48
42,4,47
42,4,48
42,4,48
42,4,47
42,4,47
42,4,48
41,4,48
42,4,47
42,4,48
42,4,47
42,4,48
42,4,48
42,4,48
42,4,48
42,4,48
42,4,47
42,4,48
42,4,47
42,4,47
42,4,47
42,4,48
42,4,47
42,4,47
42,4,47
42,4,47
42,4,47
42,4,47
42,4,48
42,4,47
42,4,47
42,4,47
42,4,47
42,4,47
42,4,47
42,4,47
42,4,47
42,4,47
42,4,47
42,4,47
42,4,47
42,4,47
42,4,48
42,4,47
42,4,48
42,4,47
42,4,47
42,4,47
42,4,47
42,4,47
42,4,47
42,4,47
42,4,47
42,4,47
42,4,47
42,4,47
42,4,47
42,4,47
42,4,47
42,4,48
42,4,47
42,4,48
42,4,47
42,4,47
42,4,47
42,4,47
42,4,47
42,4,47
42,4,47
42,4,47
42,4,48
42,4,47
42,4,47
42,4,47
42,4,47
42,4,47
42,4,47
42,4,47
42,4,47
42,4,47
42,4,48
42,4,47
42,4,47
42,4,48
42,4,48
42,4,47
42,4,47
42,4,47
42,4,48
42,4,47
42,4,47
42,4,47
42,4,47
42,4,47
42,4,47
42,4,47
42,4,47
42,4,48
42,4,47
42,4,48
42,4,47
42,4,47
42,4,47
42,4,47
42,4,47
42,4,47
42,4,47
42,4,48
42,4,48
42,4,47
42,4,47
42,4,47
42,4,47
42,4,47
42,4,47
42,4,48
42,4,48
42,4,47
42,4,47
42,4,48
42,4,47
42,4,47
42,4,47
42,4,48
42,4,47
42,4,47
42,4,48
42,4,47
42,4,47
42,4,47
42,4,47
42,4,47
42,4,47
42,4,47
42,4,47
42,4,47
42,4,47
42,4,48
42,4,47
42,4,47
42,4,47
42,4,47
42,4,47
42,4,47
42,4,47
42,4,47
42,4,47
42,4,47
42,4,48
42,4,47
42,4,48
42,4,47
42,4,47
42,4,48
42,4,47
42,4,47
42,4,48
42,4,47
42,4,47
42,4,47
42,4,47
42,4,47
42,4,48
42,4,47
42,4,48
42,4,47
42,4,47
42,4,47
42,4,47
42,4,47
42,4,47
42,4,48
42,4,47
42,4,47
42,4,47
42,4,47
42,4,47
42,4,47
42,4,47
42,4,47
42,4,47
42,4,47
42,4,47
42,4,47
42,4,47
42,4,47
42,4,47
42,4,47
42,4,47
42,4,47
42,4,48
42,4,47
42,4,48
42,4,47
42,4,47
42,4,47
42,4,47
42,4,47
42,4,47
42,4,47
42,4,47
42,4,47
42,4,47
42,4,48
42,4,47
42,4,47
42,4,47
42,4,47
42,4,47
42,4,47
42,4,47
42,4,47
42,4,47
42,4,47
42,4,47
42,4,47
42,4,47
42,4,47
42,4,47
42,4,47
42,4,47
42,4,47
42,4,47
42,4,47
42,4,47
42,4,47
42,4,48
42,4,48
42,4,47
42,4,47
42,4,48
42,4,48
41,4,47
42,4,47
42,4,48
41,4,48
41,4,48
41,4,48
41,4,48
41,4,48
41,4,48
41,4,48
41,4,48
41,4,49
40,4,48
40,4,49
40,4,49
39,4,48
40,4,49
40,4,49
40,4,49
40,4,49
40,3,49
40,3,49
40,4,49
40,4,49
40,4,49
40,4,49
40,3,49
40,4,49
40,4,49
40,4,49
40,3,49
41,3,49
42,4,49
40,3,49
41,5,48
43,5,48
41,3,48
41,4,48
41,4,48
40,3,49
40,3,49
40,4,49
41,3,49
41,4,48
41,4,48
41,4,48
41,3,48
41,4,48
41,4,48
41,3,48
41,3,48
41,3,48
41,4,48
41,4,49
41,3,49
41,4,49
41,4,48
41,4,48
40,3,49
40,4,48
41,4,48
41,3,49
40,4,49
40,3,49
40,3,49
40,4,49
40,3,49
40,3,49
40,3,49
40,4,49
40,4,49
41,4,48
41,3,49
40,3,49
41,4,48
41,3,48
41,4,48
41,4,48
41,4,48
41,4,48
41,4,48
41,4,48
41,4,48
42,4,48
42,4,47
42,4,48
42,4,48
42,4,47
42,4,47
42,4,47
42,4,47
43,4,47
42,4,47
42,4,47
42,4,47
42,4,47
42,4,47
42,4,47
42,4,47
42,4,47
42,4,47
42,4,47
42,4,47
42,4,47
42,4,47
42,4,47
42,4,48
42,4,47
42,4,48
42,4,47
42,4,47
42,4,47
42,4,47
42,4,47
42,4,47
42,4,47
42,4,47
42,4,47
42,4,47
42,4,48
42,4,48
42,4,47
42,4,47
42,4,47
42,4,47
42,4,47
42,4,47
42,4,47
42,4,48
42,4,48
42,4,47
42,4,47
42,4,48
42,4,48
42,4,48
42,4,48
42,4,47
42,4,47
42,4,47
42,4,47
42,4,47
42,4,47
42,4,47
42,4,47
42,4,47
42,4,47
42,4,47
42,4,47
42,4,47
42,4,47
42,4,47
42,4,47
42,4,47
42,4,47
43,4,47
42,4,47
42,4,47
42,4,47
42,4,47
42,4,47
42,4,47
42,4,47
42,4,47
42,4,47
42,4,47
42,4,48
42,4,47
42,4,47
42,4,47
42,4,47
42,4,47
42,4,47
42,4,47
43,5,47
43,4,47
42,4,47
43,4,47
43,4,47
43,4,47
42,4,47
43,4,46
43,4,47
42,4,47
43,4,47
43,4,47
42,4,47
43,4,47
43,4,47
42,4,47
42,4,47
43,4,47
42,4,47
42,4,47
42,4,47
42,4,47
42,4,46
43,4,47
42,4,47
43,4,46
42,4,47
43,4,47
42,4,47
42,4,46
43,4,47
43,4,47
43,4,47
43,4,47
43,4,47
43,4,47
43,4,47
43,4,46
43,4,46
42,4,46
42,4,47
43,4,47
42,4,46
42,4,47
42,4,47
43,4,47
43,4,47
43,4,46
43,4,47
42,4,47
42,4,47
43,4,47
42,4,47
42,4,47
43,4,47
43,4,47
42,4,47
42,4,47
43,4,47
43,4,46
43,4,46
43,4,46
42,4,47
43,4,46
43,4,47
43,4,46
42,4,47
43,4,47
43,4,47
42,4,47
43,4,47
43,4,46
43,4,47
42,4,47
43,4,46
43,4,47
43,4,47
43,4,46
43,4,47
43,4,47
42,4,47
42,4,46
43,4,46
43,4,47
42,4,47
43,4,47
43,4,47
43,4,47
43,4,46
42,4,47
42,4,47
43,4,47
43,4,47
42,4,47
43,4,47
43,4,46
43,4,46
43,4,47
43,4,46
43,4,47
43,4,47
43,4,47
43,4,46
42,4,46
43,4,46
43,4,46
43,4,46
43,4,47
43,4,47
43,4,47
43,4,47
43,4,47
43,4,47
43,4,47
43,4,47
43,4,46
43,4,47
43,4,47
43,4,46
43,4,46
43,4,46
43,4,47
43,4,47
43,4,47
42,4,47
43,4,46
43,4,47
43,4,47
43,4,47
43,4,47
43,4,46
42,4,46
43,4,47
43,4,47
43,4,47
43,4,47
43,4,47
43,4,47
43,4,47
43,4,47
43,4,46
43,4,47
43,4,47
42,4,47
43,4,47
43,4,47
43,4,46
43,4,46
43,4,46
43,4,47
43,4,47
43,4,46
42,4,47
43,4,46
43,4,46
42,4,47
42,4,47
43,4,47
43,4,47
43,4,47
43,4,47
42,4,47
43,4,47
43,4,47
43,4,47
42,4,47
43,4,46
43,4,46
42,4,47
43,4,46
43,4,47
43,4,47
43,4,47
43,4,46
42,4,47
42,4,47
43,4,47
43,4,47
43,4,47
43,4,46
42,4,46
43,4,47
42,4,47
42,4,47
42,4,47
43,4,47
43,4,47
43,4,47
43,4,47
43,4,47
43,4,47
43,4,47
43,4,47
43,4,47
43,4,47
43,4,47
43,4,47
43,4,47
43,4,46
43,4,46
43,4,47
43,4,47
43,4,46
43,4,46
43,4,46
43,4,47
43,4,47
43,4,47
43,4,47
43,4,47
43,4,47
43,4,47
43,4,46
43,4,47
43,4,47
43,4,47
43,4,47
43,4,47
43,4,47
43,4,47
43,4,47
43,4,47
43,4,46
43,4,47
42,4,46
43,4,46
43,4,47
43,4,47
43,4,46
43,4,47
43,4,47
42,4,47
43,4,47
43,4,47
43,4,47
43,4,47
43,4,47
42,4,46
43,4,47
43,4,47
43,4,46
43,4,47
43,4,47
43,4,46
43,4,47
43,4,46
43,4,46
43,4,47
43,4,47
43,4,47
43,4,47
43,4,47
43,4,47
43,4,46
43,4,47
43,4,46
43,4,47
43,4,47
43,4,47
43,4,47
43,4,46
43,4,47
42,4,47
43,4,47
43,4,46
43,4,47
43,4,47
43,4,47
43,4,47
42,4,47
43,4,47
42,4,47
42,4,47
43,4,46
43,4,47
43,4,47
43,4,46
43,4,47
43,4,47
43,4,47
43,4,46
43,4,47
43,4,47
43,4,47
43,4,46
43,4,47
43,4,47
43,4,47
43,4,47
43,4,47
43,4,47
43,4,46
43,4,47
43,4,47
43,4,47
43,4,46
43,4,46
42,4,47
43,4,47
43,4,47
43,4,46
43,4,47
43,4,46
43,4,46
43,4,46
43,4,47
43,4,47
43,4,47
43,4,47
43,4,47
43,4,47
43,4,46
43,4,46
43,4,47
42,4,47
43,4,47
43,4,47
43,4,47
43,4,47
43,4,46
43,4,47
43,4,47
43,4,46
43,4,47
43,4,47
43,4,47
42,4,47
42,4,46
43,4,46
43,4,46
43,4,47
43,4,47
43,4,47
43,4,47
43,4,46
43,4,47
43,4,46
43,4,47
43,4,46
42,4,47
42,4,46
43,4,47
43,4,47
43,4,47
43,4,47
43,4,46
43,4,47
43,4,47
42,4,47
42,4,47
43,4,46
42,4,46
43,4,47
43,4,47
43,4,47
43,4,47
43,4,47
43,4,47
43,4,47
43,4,46
42,4,46
43,4,47
43,4,47
43,4,47
43,4,47
43,4,47
43,4,47
43,4,46
43,4,47
43,4,47
43,4,47
43,4,47
43,4,47
43,4,47
43,4,47
43,4,47
43,4,47
43,4,46
43,4,47
42,4,46
43,4,47
43,4,46
43,4,46
43,4,47
43,4,47
43,4,47
42,4,46
43,4,47
42,4,47
43,4,47
43,4,47
43,4,46
42,4,47
43,4,47
43,4,46
43,4,47
43,4,47
43,4,47
43,4,47
43,4,47
43,4,47
43,4,46
43,4,46
43,4,46
42,4,46
43,4,47
43,4,47
42,4,47
43,4,47
42,4,47
43,4,47
43,4,47
42,4,46
43,4,47
43,4,47
43,4,47
43,4,46
43,4,47
42,4,47
43,4,46
43,4,46
43,4,47
42,4,47
43,4,46
43,4,47
43,4,47
43,4,46
43,4,47
43,4,47
42,4,47
43,4,47
43,4,46
42,4,47
43,4,47
43,4,47
42,4,47
43,4,46
43,4,47
43,4,47
43,4,46
43,4,47
43,4,47
42,4,47
42,4,47
43,4,47
43,4,46
43,4,47
43,4,47
43,4,47
43,4,47
42,4,47
42,4,47
43,4,47
42,4,46
43,4,47
43,4,46
42,4,47
43,4,47
42,4,47
43,4,47
42,4,47
43,4,46
43,5,47
41,4,47
43,4,46
44,5,47
41,4,48
42,4,48
41,4,48
41,4,47
41,4,48
40,4,49
42,4,48
42,4,48
41,4,48
41,3,48
41,4,49
40,3,49
40,4,49
40,4,49
40,4,49
40,3,49
40,4,49
40,4,49
40,4,49
40,4,49
39,4,49
39,3,49
40,4,49
40,4,49
40,4,49
40,3,49
40,4,49
40,3,49
40,3,49
40,4,49
38,5,50
38,5,50
41,4,49
41,4,49
40,4,49
40,4,49
40,4,49
40,4,49
40,4,49
40,4,49
40,4,49
40,4,49
40,4,49
40,4,49
39,4,49
40,4,49
40,4,49
40,4,49
40,4,49
40,4,49
40,4,49
40,4,49
40,4,49
40,4,49
40,4,49
39,4,49
40,4,49
40,4,49
40,4,49
40,4,49
40,4,49
40,4,50
40,4,49
40,4,49
40,4,49
40,4,49
40,4,49
40,4,49
40,4,49
40,4,49
40,4,49
40,4,49
40,4,49
40,4,49
40,4,49
40,4,49
39,4,49
40,4,50
40,4,49
40,4,49
40,4,49
40,4,49
40,4,49
39,4,49
40,4,49
40,4,49
40,4,49
40,4,49
40,4,49
40,4,49
39,4,49
39,4,49
39,4,49
40,4,49
39,4,49
39,4,50
40,4,49
40,4,50
40,4,49
39,4,49
40,4,49
40,4,49
40,4,50
40,4,49
39,4,49
39,4,49
40,4,49
40,4,49
39,4,49
39,4,49
40,4,50
40,4,49
40,4,49
39,4,50
40,4,49
40,4,50
40,4,49
40,4,49
40,4,50
40,4,49
40,4,50
40,4,49
40,4,49
39,4,49
40,4,49
39,4,49
40,4,49
39,4,49
40,4,49
40,4,49
39,4,49
40,4,49
38,4,50
42,4,49
41,3,50
39,3,48
38,5,50
39,4,50
40,3,50
40,3,50
40,4,49
40,4,49
40,4,50
38,5,49
38,4,50
39,4,50
39,4,49
39,4,49
40,4,49
40,4,49
40,4,49
41,4,49
40,4,49
39,4,49
40,4,49
40,4,49
40,4,49
39,4,49
39,4,49
40,4,49
40,4,49
40,4,49
39,4,49
39,4,49
40,4,50
40,4,49
39,4,49
39,4,50
40,4,50
41,4,49
39,4,50
37,4,50
40,4,49
40,4,49
40,4,49
39,4,49
40,4,49
41,4,49
40,4,49
40,4,49
40,4,49
40,4,49
39,4,49
38,4,50
39,4,50
43,3,49
41,4,49
39,5,49
39,4,49
39,4,49
40,4,49
40,4,49
41,4,49
40,4,49
40,4,49
40,4,49
39,4,49
40,4,49
40,4,49
39,4,50
40,4,50
39,4,49
39,4,50
40,4,49
39,4,49
39,4,50
39,4,50
41,4,49
40,4,49
39,4,50
38,4,50
40,4,49
41,4,49
39,4,49
38,4,50
39,4,49
41,4,50
40,4,49
39,5,49
39,4,50
39,4,49
40,4,49
39,4,49
40,4,49
40,4,49
40,4,50
39,4,50
37,3,50
39,4,50
40,5,50
41,4,49
40,4,49
40,4,49
39,4,50
39,4,50
39,4,50
39,4,49
39,4,50
40,4,49
39,4,50
40,4,50
40,4,50
39,4,50
40,4,49
40,4,49
39,4,50
39,4,49
40,4,49
40,4,49
40,4,49
39,4,49
39,4,50
40,4,50
41,5,49
39,4,50
37,4,50
39,4,50
40,4,49
40,5,49
39,4,50
39,4,50
39,4,49
39,4,50
39,4,49
40,4,50
40,4,50
40,4,49
39,4,50
39,4,49
40,4,49
40,4,49
40,4,49
39,4,50
39,4,49
40,4,48
41,3,48
41,3,48
41,3,49
42,3,49
42,3,49
40,3,49
40,4,49
41,3,49
40,3,49
40,3,49
41,3,49
40,3,49
40,3,49
41,3,49
41,3,49
41,3,49
41,3,48
41,4,49
41,3,49
40,3,48
41,3,48
41,4,49
40,4,49
40,4,49
41,3,49
41,3,49
42,3,49
42,4,48
41,4,48
39,4,47
40,3,49
42,4,48
42,3,48
41,4,48
42,4,48
41,4,48
41,4,48
41,4,47
42,4,48
42,4,48
42,4,48
43,4,47
42,4,48
42,4,47
42,4,47
42,4,47
42,4,47
42,4,47
42,4,47
42,4,47
42,4,47
42,4,47
41,4,47
42,3,48
40,3,47
42,4,48
42,4,48
41,3,48
41,4,48
42,4,48
41,3,48
41,3,48
42,3,48
41,3,48
41,4,48
41,3,48
41,3,48
41,3,48
41,3,48
41,3,48
41,3,48
42,4,48
42,4,48
42,3,47
42,3,47
42,4,47
42,3,47
43,3,47
43,4,46
43,4,46
44,4,46
44,4,46
43,3,46
43,4,46
44,4,46
43,4,46
44,4,46
43,4,46
43,4,46
43,4,46
43,4,46
43,4,46
43,4,46
43,4,46
43,4,46
43,4,46
43,4,46
43,4,46
43,4,46
43,4,46
43,4,46
43,4,46
43,4,46
43,4,46
43,4,46
43,4,46
43,4,46
43,4,46
43,4,46
43,4,46
43,4,46
43,4,46
43,4,46
43,4,46
43,4,46
43,4,46
43,4,46
43,4,46
43,4,46
43,4,46
43,4,46
43,4,46
43,4,46
43,4,46
43,4,46
43,4,46
43,4,46
43,4,46
43,4,46
43,4,46
43,4,46
43,4,46
43,4,46
43,4,46
43,4,46
43,4,46
43,4,46
43,4,46
43,4,46
43,4,46
43,4,46
43,4,46
43,4,46
43,4,46
43,4,46
43,4,46
43,4,46
43,4,46
43,4,46
43,4,46
43,4,46
43,4,46
43,4,46
43,4,46
43,4,46
43,4,46
43,4,46
43,4,46
43,4,46
43,4,46
43,4,46
43,4,46
43,4,46
43,4,46
43,4,46
43,4,46
43,4,46
43,4,46
43,4,46
43,4,46
43,4,46
43,4,46
43,4,47
43,4,46
43,4,46
43,4,46
43,4,46
43,4,46
43,4,46
43,4,46
43,4,46
43,4,46
43,4,46
43,4,46
43,4,46
43,4,46
43,4,46
43,4,46
43,4,46
43,4,46
43,4,46
43,4,46
43,4,46
43,4,46
43,4,46
43,4,46
43,4,46
43,4,46
43,4,46
43,4,46
43,4,46
43,4,46
43,4,46
43,4,46
43,4,46
43,4,46
43,4,46
43,4,46
43,4,46
43,4,46
43,4,46
43,4,46
43,4,46
43,4,46
43,4,46
43,4,46
43,4,46
43,4,46
43,4,46
43,4,46
43,4,46
43,4,46
43,4,46
43,4,46
43,4,46
43,4,46
43,4,46
43,4,47
43,4,46
43,4,47
43,4,46
43,4,46
43,4,46
43,4,46
43,4,46
43,4,46
43,4,46
43,4,46
43,4,46
43,4,46
43,4,46
43,4,47
43,4,46
43,4,46
43,4,46
43,4,46
43,4,47
43,4,47
43,4,46
43,4,46
43,4,46
43,4,46
43,4,46
43,4,46
43,4,46
43,4,46
43,4,46
43,4,46
43,4,46
43,4,46
43,4,46
43,4,47
43,4,46
43,4,46
43,4,46
43,4,46
43,4,46
43,4,46
43,4,46
43,4,46
43,4,46
43,4,46
43,4,47
43,4,46
43,4,47
43,4,47
43,4,46
43,4,46
43,4,46
43,4,46
43,4,46
42,4,47
43,4,46
43,4,46
43,4,46
43,4,46
43,4,46
43,4,46
43,4,47
43,4,46
43,4,46
43,4,46
43,4,46
43,4,46
43,4,47
43,4,46
43,4,46
43,4,46
43,4,47
43,4,46
43,4,46
43,4,46
43,4,46
43,4,47
43,4,46
43,4,46
43,4,46
43,4,46
43,4,46
43,4,46
43,4,47
43,3,46
43,4,46
41,3,47
42,4,47
43,4,46
42,4,47
42,3,47
42,4,47
42,4,47
41,3,48
41,3,47
42,3,47
42,3,48
41,3,48
42,3,48
42,3,48
41,3,48
41,3,48
41,4,48
41,3,49
40,3,49
41,4,48
41,3,48
40,3,49
40,3,49
41,3,49
40,3,48
40,3,48
41,4,48
41,3,48
41,4,48
41,3,49
41,4,48
41,3,48
41,3,48
41,3,48
41,4,48
41,3,48
41,3,48
41,4,48
41,3,48
41,4,48
41,4,48
41,3,48
41,3,48
41,4,48
41,3,48
43,3,48
46,2,48
43,2,54
37,2,50
50,5,56
36,3,52
84,-21,89
10,-16,56
19,-16,60
28,-11,63
25,-9,60
27,-2,58
22,4,49
31,16,51
34,18,51
32,20,49
23,21,42
38,21,58
34,19,58
26,17,54
34,16,62
17,11,57
15,9,57
16,6,64
14,5,61
13,5,60
20,5,65
18,5,63
18,6,59
16,7,59
16,7,60
18,9,61
16,8,59
18,8,60
18,8,62
16,8,61
18,6,62
17,5,64
15,5,64
15,4,62
15,4,62
15,3,63
14,4,61
16,4,62
15,4,63
15,5,61
15,5,61
15,5,62
15,4,62
14,4,61
15,4,63
14,4,62
15,4,61
14,4,62
14,4,62
15,5,62
15,4,62
14,4,62
14,3,62
15,4,62
14,4,62
15,4,63
15,4,62
15,4,62
15,4,62
15,4,62
15,4,62
14,3,61
14,4,62
14,3,63
13,4,62
14,4,62
14,4,63
15,4,62
14,3,62
15,4,62
14,4,62
14,4,62
15,4,64
14,3,63
15,3,63
15,4,63
14,4,62
14,3,64
15,4,66
13,4,62
13,5,64
12,5,62
13,6,60
15,5,59
15,8,63
16,9,62
16,9,60
21,12,59
21,14,59
16,14,58
17,14,59
22,15,56
20,13,55
22,12,59
22,10,62
16,7,58
13,5,59
9,2,59
6,-2,62
6,-4,63
8,-5,67
8,-4,67
8,-3,66
6,0,66
9,0,63
9,1,62
11,2,63
14,3,64
15,4,59
15,4,59
15,2,63
14,2,58
16,3,58
17,4,59
15,5,63
14,7,72
15,6,62
15,4,58
19,2,59
21,3,60
24,4,67
21,5,64
24,3,58
26,3,60
24,3,59
25,4,57
25,4,56
29,3,58
31,3,56
31,3,55
34,4,55
35,4,55
34,4,54
34,4,54
33,4,54
34,4,54
34,4,53
34,4,53
35,4,53
35,4,53
35,4,53
35,4,53
35,4,53
35,4,52
35,4,53
35,4,53
35,4,53
34,4,53
35,4,53
34,4,53
35,4,53
34,4,53
35,4,53
34,4,53
35,4,53
35,4,53
35,4,53
35,4,53
35,4,53
35,4,53
35,4,53
35,4,53
34,4,53
35,4,53
35,4,53
35,4,53
35,4,53
35,4,53
35,4,53
35,4,53
35,4,53
35,4,53
35,4,53
35,4,53
35,4,53
35,4,53
35,4,53
35,4,53
35,4,53
35,4,53
35,4,53
35,4,53
35,4,53
35,4,53
35,4,53
35,4,53
35,4,53
35,4,53
35,4,53
35,4,53
35,4,53
35,4,53
35,4,53
35,4,53
35,4,53
35,4,53
35,4,53
35,4,53
35,4,52
35,4,53
35,4,52
35,4,53
35,4,53
35,4,53
35,4,53
35,4,53
35,4,53
35,4,53
35,4,53
35,4,53
35,4,53
35,4,53
35,4,53
35,4,53
35,4,53
35,4,53
35,4,53
35,4,53
35,4,53
35,4,53
35,4,53
35,4,53
35,4,53
35,4,53
35,4,53
35,4,53
35,4,53
35,4,53
35,4,53
35,4,53
35,4,53
35,4,53
35,4,53
35,4,53
35,4,53
35,4,53
35,4,53
35,4,53
35,4,53
35,4,53
35,4,53
35,4,53
35,4,53
35,4,53
35,4,53
35,4,53
35,4,53
35,4,53
35,4,53
35,4,53
35,4,53
35,4,53
35,4,53
35,4,53
35,4,53
35,4,53
35,4,53
35,4,53
35,4,53
35,4,53
35,4,53
35,4,53
35,4,53
35,4,53
35,4,53
34,4,53
35,4,53
35,4,53
35,4,53
35,4,53
35,4,53
35,4,53
35,4,53
35,4,53
35,4,53
35,4,53
35,4,53
35,4,53
35,4,53
35,4,53
35,4,53
34,4,53
35,4,53
35,4,53
35,4,53
35,4,53
35,4,53
35,4,53
35,4,53
34,4,53
35,4,53
35,4,53
35,4,53
35,4,53
35,4,53
35,4,53
34,4,53
35,4,53
34,4,53
35,4,53
35,4,53
35,4,53
35,4,53
35,4,53
35,4,53
35,4,53
34,4,53
35,4,53
35,4,53
35,4,53
34,4,53
35,4,53
35,4,53
34,4,53
35,4,53
35,4,53
35,4,53
35,4,53
35,4,53
35,4,53
35,4,53
35,4,53
35,4,53
35,4,53
35,4,53
35,4,53
35,4,53
35,4,53
35,4,53
35,4,53
34,4,53
35,4,53
35,4,53
35,4,53
35,4,53
35,4,53
35,4,53
35,4,53
35,4,53
35,4,53
35,4,53
35,4,53
35,4,53
35,4,53
35,4,53
35,4,53
35,4,53
34,4,53
34,4,53
35,4,53
35,4,53
35,4,53
35,4,53
35,4,53
35,4,53
35,4,53
35,4,53
35,4,53
35,4,53
35,4,53
35,4,53
35,4,53
35,4,53
35,4,53
35,4,53
34,4,53
34,4,53
35,4,53
35,4,53
35,4,53
35,4,53
34,4,53
35,4,53
34,4,53
34,4,53
35,4,53
35,4,53
35,4,53
35,4,53
34,4,53
34,4,53
34,4,53
35,4,53
35,4,53
35,4,53
34,4,53
34,4,53
34,4,53
34,4,53
34,4,53
34,4,53
34,4,53
35,4,53
35,4,53
35,4,53
34,4,53
34,4,53
34,4,53
34,4,53
35,4,53
35,4,53
34,4,53
35,4,53
34,4,53
34,4,53
35,4,53
35,4,53
35,4,53
35,4,53
35,4,53
34,4,53
34,4,53
35,4,53
34,4,53
34,4,53
34,4,53
34,4,53
34,4,53
34,4,53
34,4,53
35,4,53
34,4,53
34,4,53
34,4,53
34,4,53
35,4,53
34,4,53
34,4,53
35,4,53
34,4,53
34,4,53
34,4,53
34,4,53
34,4,53
34,4,53
34,4,53
34,4,53
34,4,53
34,4,53
35,4,53
34,4,53
34,4,53
35,4,53
35,4,53
34,4,53
34,4,53
34,4,53
34,4,53
34,4,53
34,4,53
34,4,53
34,4,53
34,4,53
34,4,53
34,4,53
34,4,53
35,4,53
34,4,53
34,4,53
35,4,53
34,4,53
34,4,53
34,4,53
35,4,53
34,4,53
34,4,53
34,4,53
34,4,53
34,4,53
34,4,53
34,4,53
34,4,53
34,4,53
34,4,53
34,4,53
34,4,53
34,4,53
34,4,53
34,4,53
34,4,53
34,4,53
34,4,53
34,4,53
34,4,53
35,4,53
34,4,53
34,4,53
34,4,53
34,4,53
34,4,53
34,4,53
34,4,53
34,4,53
34,4,53
34,4,53
34,4,53
34,4,53
34,4,53
34,4,53
34,4,53
34,4,53
34,4,53
34,4,53
34,4,53
34,4,53
34,4,53
34,4,53
34,4,53
34,4,53
34,4,53
34,4,53
34,4,53
34,4,53
34,4,53
34,4,53
34,4,53
34,4,53
34,4,53
34,4,53
34,4,53
34,4,53
34,4,53
34,4,53
34,4,53
34,4,53
34,4,53
34,4,53
34,4,53
34,4,53
34,4,53
34,4,53
34,4,53
34,4,53
34,4,53
35,4,53
34,4,53
34,4,53
34,4,53
34,4,53
34,4,53
34,4,53
34,4,53
34,4,53
34,4,53
34,4,53
34,4,53
34,4,53
34,4,53
34,4,53
34,4,53
34,4,53
34,4,53
35,4,53
34,4,53
34,4,53
34,4,53
34,4,53
34,4,53
34,4,53
34,4,53
34,4,53
34,4,53
34,4,53
34,4,53
34,4,53
34,4,53
34,4,53
34,4,53
34,4,53
34,4,53
34,4,53
34,4,53
34,4,53
34,4,53
34,4,53
34,4,53
34,4,53
34,4,53
34,4,53
34,4,53
34,4,53
34,4,53
34,4,53
34,4,53
34,4,53
34,4,53
34,4,53
34,4,53
34,4,53
34,4,53
34,4,53
34,4,53
34,4,53
34,4,53
35,4,53
34,4,53
34,4,53
34,4,53
34,4,53
34,4,53
34,4,53
34,4,53
34,4,53
34,4,53
34,4,53
34,4,53
34,4,53
34,4,53
34,4,53
34,4,53
34,4,53
34,4,53
34,4,53
34,4,53
34,4,53
34,4,53
34,4,53
34,4,53
34,4,53
34,4,53
34,4,53
34,4,53
34,4,53
34,4,53
34,4,53
34,4,53
34,4,53
34,4,53
34,4,53
35,4,53
34,4,53
34,4,53
34,4,53
34,4,53
34,4,53
34,4,53
34,4,53
34,4,53
34,4,53
34,4,53
34,4,53
34,4,53
34,4,53
34,4,53
34,4,53
34,4,53
34,4,53
34,4,53
34,4,53
34,4,53
34,4,53
34,4,53
34,4,53
34,4,53
34,4,53
34,4,53
34,4,53
34,4,53
34,4,53
34,4,53
34,4,53
34,4,53
34,4,53
34,4,53
34,4,53
34,4,53
34,4,53
34,4,53
34,4,53
34,4,53
34,4,53
34,4,53
34,4,53
34,4,53
34,4,53
34,4,53
34,4,53
34,4,53
34,4,53
34,4,53
34,4,53
34,4,53
34,4,53
34,4,53
34,4,53
34,4,53
34,4,53
34,4,53
34,4,53
34,4,53
34,4,53
34,4,53
34,4,53
34,4,53
34,4,53
34,4,53
34,4,53
34,4,53
34,4,53
34,4,53
34,4,53
34,4,53
34,4,53
34,4,53
34,4,53
34,4,53
34,4,53
34,4,53
34,4,53
34,4,53
34,4,53
34,4,53
34,4,53
35,4,53
34,4,53
34,4,53
34,4,53
34,4,53
34,4,53
34,4,53
34,4,53
34,4,53
34,4,53
35,4,53
34,4,53
34,4,53
35,4,53
34,4,53
34,4,53
35,4,53
34,4,53
35,4,53
34,4,53
34,4,53
35,4,53
35,4,53
34,4,53
34,4,53
34,4,53
34,4,53
34,4,53
34,4,53
34,4,53
34,4,53
35,4,53
35,4,53
34,4,53
34,4,53
34,4,53
34,4,53
35,4,53
34,4,53
35,4,53
34,4,53
34,4,53
34,4,53
34,4,53
34,4,53
34,4,53
34,4,53
34,4,53
34,4,53
35,4,53
34,4,53
34,4,53
34,4,53
34,4,53
34,4,53
35,4,53
34,4,53
34,4,53
34,4,53
34,4,53
35,4,53
34,4,53
34,4,53
34,4,53
34,4,53
34,4,53
34,4,53
34,4,53
34,4,53
34,4,53
35,4,53
34,4,53
34,4,53
34,4,53
34,4,53
34,4,53
34,4,53
34,4,53
34,4,53
35,4,53
34,4,53
34,4,53
34,4,53
34,4,53
34,4,53
34,4,53
34,4,53
34,4,53
34,4,53
34,4,53
34,4,53
34,4,53
34,4,53
34,4,53
34,4,53
34,4,53
34,4,53
34,4,53
34,4,53
34,4,53
34,4,53
34,4,53
34,4,53
34,4,53
34,4,53
34,4,53
34,4,53
34,4,53
34,4,53
35,4,53
34,4,53
34,4,53
34,4,53
34,4,53
34,4,53
34,4,53
35,4,53
34,4,53
34,4,53
34,4,53
35,4,53
34,4,53
34,4,53
34,4,53
34,4,53
34,4,53
34,4,53
34,4,53
34,4,53
34,4,53
34,4,53
34,4,53
34,4,53
34,4,53
34,4,53
34,4,53
34,4,53
34,4,53
34,4,53
34,4,53
34,4,53
34,4,53
34,4,53
34,4,53
34,4,53
34,4,53
34,4,53
34,4,53
34,4,53
34,4,53
34,4,53
34,4,53
34,4,53
35,4,53
34,4,53
35,4,53
34,4,53
34,4,53
34,4,53
34,4,53
34,4,53
34,4,53
34,4,53
34,4,53
34,4,53
34,4,53
35,4,53
34,4,53
34,4,53
34,4,53
34,4,53
34,4,53
34,4,53
34,4,53
34,4,53
34,4,53
34,4,53
35,4,53
34,4,53
34,4,53
34,4,53
35,4,53
34,4,53
34,4,53
35,4,53
34,4,53
34,4,53
34,4,53
34,4,53
34,4,53
34,4,53
34,4,53
35,4,53
34,4,53
35,4,53
34,4,53
34,4,53
35,4,53
34,4,53
34,4,53
34,4,53
34,4,53
34,4,53
34,4,53
35,4,53
34,4,53
34,4,53
34,4,53
34,4,53
35,4,53
34,4,53
34,4,53
34,4,53
34,4,53
34,4,53
34,4,53
34,4,53
34,4,53
34,4,53
34,4,53
34,4,53
34,4,53
34,4,53
34,4,53
34,4,53
34,4,53
34,4,53
34,4,53
34,4,53
34,4,53
34,4,53
34,4,53
34,4,53
34,4,53
34,4,53
34,4,53
34,4,53
34,4,53
34,4,53
34,4,53
34,4,53
34,4,53
34,4,53
34,4,53
34,4,53
34,4,53
34,4,53
34,4,53
35,4,53
34,4,53
34,4,53
35,4,53
34,4,53
34,4,53
34,4,53
34,4,53
34,4,53
34,4,53
34,4,53
34,4,53
34,4,53
34,4,53
34,4,53
34,4,53
35,4,53
35,4,53
34,4,53
34,4,53
34,4,53
34,4,53
34,4,53
35,4,53
34,4,53
34,4,53
35,4,53
35,4,53
34,4,53
34,4,53
35,4,53
35,4,53
34,4,53
34,4,53
35,4,53
34,4,53
34,4,53
34,4,53
34,4,53
35,4,53
34,4,53
35,4,53
34,4,53
34,4,53
34,4,53
34,4,53
34,4,53
34,4,53
34,4,53
34,4,53
35,4,53
34,4,53
34,4,53
34,4,53
35,4,53
34,4,53
34,4,53
34,4,53
34,4,53
34,4,53
34,4,53
34,4,53
34,4,53
34,4,53
34,4,53
34,4,53
34,4,53
34,4,53
34,4,53
34,4,53
34,4,53
35,4,53
34,4,53
34,4,53
34,4,53
35,4,53
34,4,53
34,4,53
34,4,53
34,4,53
34,4,53
34,4,53
34,4,53
34,4,53
34,4,53
34,4,53
34,4,53
34,4,53
34,4,53
34,4,53
34,4,53
34,4,53
34,4,53
34,4,53
34,4,53
34,4,53
34,4,53
34,4,53
34,4,53
34,4,53
34,4,53
34,4,53
34,4,53
34,4,53
34,4,53
34,4,53
34,4,53
34,4,53
34,4,53
34,4,53
34,4,53
34,4,53
34,4,53
34,4,53
34,4,53
34,4,53
34,4,53
34,4,53
34,4,53
34,4,53
35,4,53
34,4,53
34,4,53
34,4,53
34,4,53
34,4,53
34,4,53
34,4,53
34,4,53
35,4,53
34,4,53
34,4,53
34,4,53
34,4,53
34,4,53
34,4,53
35,4,53
34,4,53
34,4,53
35,4,53
34,4,53
34,4,53
34,4,53
34,4,53
34,4,53
35,4,53
34,4,53
34,4,53
35,4,53
34,4,53
34,4,53
34,4,53
35,4,53
35,4,53
34,4,53
34,4,53
34,4,53
34,4,53
35,4,53
34,4,53
34,4,53
34,4,53
34,4,53
34,4,53
34,4,53
35,4,53
34,4,53
34,4,53
34,4,53
34,4,53
34,4,53
34,4,53
34,4,53
34,4,54
34,4,53
35,4,53
34,4,53
34,4,53
34,4,53
34,4,53
34,4,53
34,4,53
34,4,53
34,4,53
34,4,53
34,4,53
34,4,53
34,4,53
34,4,53
34,4,53
34,4,53
34,4,53
34,4,53
34,4,53
34,4,53
34,4,53
34,4,53
34,4,53
34,4,53
34,4,53
34,4,53
34,4,53
34,4,53
34,4,53
34,4,53
34,4,53
34,4,53
34,4,53
34,4,53
34,4,53
34,4,53
34,4,53
34,4,53
34,4,53
34,4,53
34,4,53
34,4,53
34,4,53
34,4,53
34,4,53
34,4,53
34,4,53
34,4,53
34,4,53
34,4,53
34,4,53
34,4,53
34,4,53
34,4,53
34,4,53
34,4,53
34,4,53
34,4,53
34,4,53
34,4,53
34,4,53
34,4,53
34,4,53
34,4,54
34,4,53
34,4,53
34,4,53
34,4,53
34,4,53
34,4,53
34,4,53
34,4,53
34,4,53
34,4,53
34,4,53
34,4,54
34,4,53
34,4,53
34,4,53
34,4,53
34,4,53
34,4,53
34,4,53
34,4,53
34,4,53
34,4,53
34,4,53
34,4,53
34,4,53
34,4,53
34,4,53
34,4,53
34,4,53
34,4,53
34,4,53
34,4,53
34,4,53
34,4,53
34,4,53
34,4,53
34,4,53
34,4,53
34,4,53
34,4,53
34,4,53
34,4,53
34,4,53
34,4,53
34,4,53
34,4,53
34,4,54
34,4,53
34,4,53
34,4,53
34,4,53
34,4,53
34,4,53
34,4,53
34,4,54
34,4,53
34,4,53
34,4,53
34,4,53
34,4,54
34,4,53
34,4,53
34,4,53
34,4,53
34,4,53
34,4,53
34,4,54
34,4,53
34,4,53
34,4,53
34,4,53
34,4,53
34,4,53
34,4,53
34,4,53
34,4,53
34,4,53
34,4,53
34,4,53
34,4,53
34,4,53
34,4,53
34,4,53
34,4,53
34,4,53
34,4,53
34,4,53
34,4,53
34,4,53
34,4,53
34,4,53
34,4,53
34,4,53
34,4,53
34,4,53
34,4,53
34,4,53
34,4,53
34,4,53
34,4,53
34,4,53
34,4,53
34,4,53
34,4,54
34,4,53
34,4,53
34,4,53
34,4,53
34,4,53
34,4,53
34,4,53
34,4,53
34,4,53
34,4,53
34,4,53
34,4,53
34,4,53
34,4,54
34,4,53
34,4,53
34,4,54
34,4,53
34,4,53
34,4,53
34,4,53
34,4,53
34,4,53
34,4,53
34,4,53
34,4,53
34,4,53
34,4,53
34,4,53
34,4,53
34,4,53
34,4,53
34,4,53
34,4,53
34,4,53
34,4,53
34,4,53
34,4,53
34,4,53
34,4,53
34,4,53
34,4,53
34,4,53
34,4,53
34,4,53
34,4,53
34,4,53
34,4,53
34,4,53
34,4,53
34,4,53
34,4,53
34,4,53
34,4,53
34,4,53
34,4,53
34,4,53
34,4,53
34,4,53
34,4,54
34,4,53
34,4,54
34,4,53
34,4,53
34,4,53
34,4,53
34,4,53
34,4,53
34,4,53
34,4,54
34,4,53
34,4,53
34,4,53
34,4,53
34,4,53
34,4,53
34,4,53
34,4,53
34,4,53
34,4,53
34,4,53
34,4,53
34,4,53
34,4,53
34,4,53
34,4,53
34,4,53
34,4,53
34,4,53
34,4,53
34,4,53
34,4,53
34,4,53
34,4,53
34,4,53
34,4,53
34,4,53
34,4,53
34,4,53
34,4,53
34,4,53
34,4,53
34,4,53
34,4,53
34,4,53
34,4,53
34,4,53
34,4,53
34,4,53
34,4,53
34,4,53
34,4,53
34,4,53
34,4,53
34,4,53
34,4,53
34,4,53
34,4,53
34,4,53
34,4,53
34,4,53
34,4,53
34,4,53
34,4,53
34,4,53
34,4,53
34,4,53
34,4,53
34,4,53
34,4,53
34,4,53
34,4,53
34,4,53
34,4,53
34,4,53
34,4,53
34,4,53
34,4,53
34,4,53
34,4,53
34,4,53
34,4,53
34,4,53
34,4,53
34,4,53
34,4,53
34,4,53
34,4,53
34,4,53
34,4,53
34,4,53
34,4,53
34,4,53
34,4,53
34,4,53
34,4,53
34,4,53
34,4,53
34,4,53
34,4,53
34,4,53
34,4,53
34,4,53
34,4,53
34,4,53
34,4,53
34,4,53
34,4,53
34,4,53
34,4,53
34,4,53
34,4,53
34,4,53
34,4,53
34,4,53
34,4,53
34,4,53
34,4,53
34,4,53
34,4,53
34,4,53
34,4,53
34,4,53
34,4,53
34,4,53
34,4,53
34,4,53
34,4,53
34,4,53
34,4,53
34,4,53
34,4,53
34,4,53
34,4,53
34,4,53
34,4,53
34,4,53
34,4,53
34,4,53
34,4,53
34,4,53
34,4,53
34,4,53
34,4,53
34,4,53
34,4,53
34,4,53
34,4,53
34,4,53
34,4,53
34,4,53
34,4,53
34,4,53
35,4,53
34,4,53
34,4,53
34,4,53
34,4,53
34,4,53
35,4,53
34,4,53
34,4,53
34,4,53
35,4,53
35,4,53
34,4,53
35,4,53
35,4,53
34,4,53
35,4,53
35,4,53
34,4,53
35,4,53
34,4,53
35,4,53
34,4,53
35,4,53
35,4,53
34,4,53
34,4,53
35,4,53
34,4,53
34,4,53
35,4,53
34,4,53
35,4,53
35,4,53
35,4,53
35,4,53
35,4,53
34,4,53
34,4,53
34,4,53
35,4,53
35,4,53
35,4,53
34,4,53
35,4,53
35,4,53
34,4,53
34,4,53
34,4,53
34,4,53
34,4,53
34,4,53
34,4,53
34,4,53
35,4,53
34,4,53
34,4,53
35,4,53
34,4,53
35,4,53
34,4,53
35,4,53
35,4,53
34,4,53
34,4,53
35,4,53
34,4,53
35,4,53
34,4,53
35,4,53
34,4,53
35,4,53
34,4,53
34,4,53
34,4,53
34,4,53
34,4,53
35,4,53
34,4,53
34,4,53
35,4,53
34,4,53
35,4,53
34,4,53
34,4,53
35,4,53
35,4,53
34,4,53
35,4,53
35,4,53
34,4,53
35,4,53
35,4,53
35,4,53
34,4,53
34,4,53
35,4,53
34,4,53
34,4,53
35,4,53
35,4,53
35,4,53
35,4,53
35,4,53
35,4,53
35,4,53
34,4,53
35,4,53
35,4,53
34,4,53
35,4,53
35,4,53
35,4,53
35,4,53
35,4,53
34,4,53
35,4,53
35,4,53
35,4,53
35,4,53
35,4,53
35,4,53
35,4,53
34,4,53
35,4,53
35,4,53
35,4,53
35,4,53
34,4,53
35,4,53
34,4,53
35,4,53
35,4,53
35,4,53
35,4,53
35,4,53
35,4,53
35,4,53
35,4,53
35,4,53
35,4,53
35,4,53
35,4,53
35,4,53
35,4,53
35,4,53
35,4,53
35,4,53
35,4,53
34,4,53
35,4,53
35,4,53
35,4,53
35,4,53
34,4,53
35,4,53
35,4,53
35,4,53
35,4,53
35,4,53
35,4,53
35,4,53
35,4,53
35,4,53
35,4,53
35,4,53
35,4,53
35,4,53
34,4,53
35,4,53
35,4,53
35,4,53
35,4,53
35,4,53
34,4,53
35,4,53
35,4,53
35,4,53
35,4,53
35,4,53
35,4,53
35,4,53
35,4,53
35,4,53
34,4,53
35,4,53
35,4,53
34,4,53
35,4,53
35,4,53
35,4,53
35,4,53
35,4,53
35,4,53
35,4,53
35,4,53
35,4,53
34,4,53
35,4,53
35,4,53
35,4,53
35,4,53
35,4,53
35,4,53
35,4,53
35,4,53
34,4,53
35,4,53
35,4,53
34,4,53
35,4,53
34,4,53
34,4,53
35,4,53
34,4,53
35,4,53
35,4,53
35,4,53
35,4,53
35,4,53
34,4,53
35,4,53
35,4,53
35,4,53
35,4,53
35,4,53
34,4,53
35,4,53
34,4,53
34,4,53
35,4,53
35,4,53
35,4,52
33,4,54
34,4,52
37,4,51
35,4,53
34,4,54
34,4,53
35,4,53
33,4,53
35,5,53
33,3,53
36,4,52
36,4,53
33,3,54
34,4,53
35,5,52
35,4,53
35,4,52
38,4,51
36,3,52
34,4,53
35,4,52
36,4,52
36,4,52
35,4,52
38,4,51
38,4,52
36,3,52
36,4,52
37,4,51
36,4,52
38,4,51
37,3,52
37,3,52
37,4,51
37,4,52
36,4,52
37,4,52
36,4,52
37,5,52
37,4,52
36,4,52
35,3,52
36,4,52
36,4,52
36,4,52
36,4,52
36,4,52
36,4,52
36,4,52
36,4,52
37,4,52
37,4,52
36,4,52
36,4,52
36,4,52
36,4,52
36,4,52
36,4,52
36,4,52
36,4,52
36,4,52
36,4,52
36,4,52
36,4,52
36,4,52
36,4,52
36,4,52
36,4,52
36,4,52
36,4,52
36,4,52
36,4,52
36,4,52
35,4,52
35,4,52
35,4,53
35,4,53
35,4,53
35,4,53
34,4,53
35,4,53
34,4,53
34,4,53
34,4,53
34,4,54
34,4,54
34,4,54
34,4,53
34,4,54
34,4,54
33,4,54
34,4,53
34,4,54
33,4,54
33,4,54
33,4,54
33,4,54
33,4,54
33,4,54
33,4,54
33,4,54
33,4,54
33,4,54
33,4,54
33,4,54
33,4,54
33,4,54
32,4,54
32,4,54
33,4,54
33,4,54
32,4,54
34,4,54
34,4,54
33,4,54
33,4,54
33,4,54
32,4,54
33,4,54
33,4,54
33,4,54
33,4,55
34,4,54
33,4,54
32,4,54
33,4,53
32,4,54
34,4,55
35,3,53
37,4,53
34,2,55
32,4,54
32,4,53
32,4,55
33,3,53
36,2,52
36,5,53
35,4,53
31,4,53
32,4,53
35,3,53
36,4,52
39,4,52
36,3,53
35,3,53
34,3,52
35,4,52
37,5,51
40,4,51
39,3,51
37,2,51
39,2,51
39,4,51
37,3,50
39,6,49
42,5,49
39,3,50
39,2,50
39,4,50
38,5,51
40,5,49
40,4,49
38,2,51
38,2,51
38,4,51
36,4,52
39,5,50
39,3,51
37,2,52
35,3,51
36,4,51
37,4,52
37,4,52
37,4,52
36,3,51
36,3,52
36,4,52
36,4,52
36,3,53
36,3,52
35,4,52
33,4,53
35,4,53
36,4,53
35,3,52
35,3,53
33,3,54
33,3,54
34,4,53
33,2,54
34,3,54
36,4,52
33,3,54
39,5,52
35,4,53
35,3,53
35,4,53
35,4,52
36,4,52
36,4,52
36,4,52
37,4,52
36,4,52
37,4,52
37,4,52
36,3,52
36,4,52
37,4,52
37,4,52
36,4,52
37,4,52
37,4,52
36,4,52
37,4,52
37,4,52
36,4,52
37,4,51
37,4,52
37,4,52
37,4,52
37,4,51
38,4,52
37,4,52
37,4,51
36,4,52
37,4,52
37,4,52
37,4,52
37,3,52
36,4,52
37,4,51
36,4,52
36,4,52
36,4,52
37,4,52
37,4,51
36,4,51
36,4,52
36,3,52
37,4,52
37,4,52
37,4,52
36,4,52
37,4,52
36,4,52
37,4,52
38,4,51
36,4,52
37,4,51
37,4,52
36,4,52
37,4,52
37,4,52
36,4,51
37,4,52
37,4,52
36,3,52
37,4,52
37,4,52
37,4,51
37,4,52
37,4,52
35,3,52
37,4,52
36,4,52
36,4,52
36,4,52
37,4,52
37,4,52
36,4,52
37,4,52
36,4,52
36,3,52
36,4,52
37,4,52
36,4,52
37,4,52
37,4,52
37,4,52
37,4,52
37,4,52
36,4,52
36,4,52
36,4,52
36,4,52
36,4,52
36,4,52
36,4,52
36,4,52
36,4,52
37,4,52
36,4,52
36,4,52
36,4,52
36,4,52
37,4,52
36,4,52
36,4,52
37,4,52
36,4,52
36,4,52
37,4,52
36,4,52
36,4,52
36,4,52
36,4,52
36,4,52
37,4,52
36,4,52
36,4,52
36,4,52
36,4,52
37,4,52
37,4,52
36,4,52
36,4,52
36,4,52
36,4,52
36,4,52
36,4,52
36,4,52
36,4,52
37,4,52
37,4,52
36,4,52
36,4,52
36,4,52
36,4,52
37,4,51
36,4,52
36,4,52
36,4,52
36,4,52
36,4,52
36,4,52
36,4,52
36,4,52
36,4,52
36,4,52
36,4,52
37,4,52
36,4,52
36,4,52
36,4,52
38,4,52
36,4,52
37,4,52
37,4,52
36,4,52
37,4,52
37,4,52
37,4,52
37,4,51
36,4,52
37,4,52
37,4,52
37,4,52
36,4,52
37,4,51
37,4,52
37,4,52
37,4,52
37,4,51
37,4,52
36,4,52
37,4,52
37,4,52
36,4,52
37,4,52
37,4,52
37,4,52
37,4,52
37,4,52
37,4,52
37,4,52
37,4,51
36,4,51
37,4,51
37,4,51
37,4,52
37,4,51
37,4,52
37,4,52
37,4,51
37,4,52
37,4,51
37,4,52
37,4,52
37,4,52
37,4,52
37,4,52
37,4,52
37,4,52
36,4,52
37,4,51
37,4,52
37,4,52
37,4,52
37,4,51
37,4,52
37,4,52
37,4,52
37,4,52
37,4,52
37,4,52
37,4,52
37,4,52
37,4,52
36,4,52
37,4,52
36,4,52
37,4,52
37,4,52
37,4,52
37,4,52
37,4,52
36,4,52
37,4,52
37,4,52
36,4,52
37,4,52
37,4,52
36,4,52
37,4,52
37,4,52
37,4,52
36,4,52
36,4,52
37,4,52
37,4,52
37,4,52
36,4,52
37,4,52
36,4,52
37,4,52
36,4,52
36,4,52
37,4,52
36,4,52
37,4,52
37,4,51
37,4,52
37,4,52
37,4,52
37,4,52
37,4,52
37,4,52
37,4,52
37,4,52
37,4,52
37,4,52
37,4,51
37,4,52
36,4,52
37,4,52
36,4,52
37,4,51
37,4,52
36,4,52
37,4,52
36,4,52
36,4,51
37,4,52
36,4,52
37,4,52
36,4,52
36,4,52
37,4,51
36,4,52
37,4,52
37,4,52
36,4,52
37,4,52
36,4,52
36,4,52
37,4,52
37,4,52
36,4,52
37,4,51
37,4,52
37,4,52
37,4,52
37,4,52
37,4,52
37,4,52
37,4,52
37,4,51
36,4,52
37,4,52
37,4,52
36,4,52
37,4,52
37,4,52
36,4,52
37,4,52
37,4,52
37,4,52
37,4,52
37,4,52
37,4,52
37,4,52
37,4,52
36,4,52
37,4,52
36,4,52
36,4,52
37,4,52
37,4,52
37,4,52
36,4,52
36,4,52
37,4,52
36,4,52
37,4,52
37,4,52
37,4,52
37,4,52
36,4,52
37,4,52
36,4,52
37,4,52
36,4,52
37,4,51
36,4,52
36,4,52
37,4,52
36,4,52
36,4,52
37,4,52
36,4,52
37,4,52
37,4,52
36,4,52
37,4,52
36,4,52
37,4,52
36,4,52
36,4,52
37,4,52
36,4,52
37,4,52
37,4,52
37,4,52
37,4,51
37,4,52
37,4,52
37,4,52
36,4,52
36,4,52
37,4,52
37,4,52
36,4,52
37,4,52
36,4,52
37,4,52
37,4,52
36,4,52
37,4,52
37,4,52
37,4,52
36,4,52
36,4,52
37,4,52
37,4,52
36,4,52
37,4,52
37,4,52
36,4,52
37,4,52
37,4,52
36,4,52
37,4,52
37,4,52
36,4,52
37,4,51
37,4,52
37,4,51
37,4,52
37,4,52
37,4,52
37,4,52
37,4,52
37,4,51
37,4,51
36,4,52
36,4,52
37,4,52
37,4,52
36,4,52
37,4,52
36,4,52
37,4,52
36,4,51
37,4,52
37,4,52
37,4,52
37,4,52
37,4,52
37,4,52
37,4,51
37,4,52
37,4,52
37,4,52
36,4,52
37,4,52
37,4,52
37,4,52
37,4,52
36,4,52
36,4,52
37,4,52
37,4,52
37,4,52
36,4,52
36,4,52
37,4,52
36,4,52
36,4,52
37,4,52
36,4,51
37,4,52
37,4,52
36,4,52
37,4,52
36,4,52
36,4,52
37,4,52
37,4,52
37,4,52
36,4,52
37,4,52
36,4,52
36,4,52
36,4,52
36,4,52
37,4,52
36,4,52
37,4,52
37,4,52
37,4,52
36,4,52
37,4,52
37,4,52
37,4,52
36,4,52
36,4,52
36,4,51
36,4,52
37,4,52
37,4,52
36,4,52
37,4,52
37,4,52
36,4,52
37,4,52
36,4,52
36,4,52
36,4,52
35,3,53
34,3,53
34,4,53
34,3,53
34,4,53
34,3,53
34,3,53
35,3,53
34,2,54
32,1,55
41,12,42
45,5,54
35,3,52
37,5,53
38,4,51
38,4,51
36,4,52
37,4,52
37,4,52
37,4,52
37,4,51
37,5,51
35,2,52
35,2,54
36,4,53
36,4,53
36,3,53
34,3,53
36,2,49
44,4,49
40,3,50
33,3,54
33,6,55
32,4,54
29,3,56
30,6,57
24,18,68
45,1,52
30,7,56
29,5,53
33,7,58
29,5,56
29,5,55
32,4,55
32,4,55
29,3,55
30,3,56
29,3,54
29,3,58
28,3,56
29,3,56
29,3,57
28,3,57
29,1,56
29,1,56
30,2,57
29,2,57
29,1,56
30,1,57
29,1,56
29,1,58
28,1,57
26,1,56
28,1,57
27,1,57
29,1,58
31,2,59
26,3,59
24,3,59
28,2,60
31,2,60
29,1,60
22,3,59
24,3,61
35,6,66
33,8,65
24,10,61
27,12,60
31,18,55
18,23,48
17,25,42
32,27,44
33,25,51
28,17,52
17,12,51
27,8,60
33,2,73
16,4,62
13,10,57
22,11,58
27,10,59
21,9,55
26,8,57
28,8,59
24,7,57
22,8,54
12,7,52
13,7,52
25,8,58
22,6,59
19,4,56
23,6,55
25,5,62
28,12,62
23,12,59
32,15,65
32,12,67
27,11,59
27,10,57
24,7,53
30,7,55
30,6,54
29,6,53
33,5,53
36,5,56
34,6,56
35,7,55
33,7,55
33,8,54
32,8,52
33,8,53
36,9,52
38,9,51
39,8,51
36,7,51
37,8,51
40,8,50
40,8,49
41,8,49
38,8,49
39,9,49
39,9,49
40,8,49
41,9,47
42,9,47
41,8,48
41,7,47
43,8,45
46,12,42
45,12,44
43,8,45
44,9,45
44,9,44
46,10,43
46,11,42
47,10,41
46,10,43
45,9,44
46,11,42
47,11,41
46,10,42
45,10,43
45,10,43
46,10,42
46,10,41
47,10,42
46,10,42
45,10,43
46,10,43
46,10,42
45,10,43
45,10,43
46,10,42
46,10,42
46,10,43
46,10,42
46,10,42
46,10,42
46,10,42
46,10,43
46,10,43
46,10,42
47,10,41
46,10,42
45,10,43
46,10,42
46,10,42
46,10,42
46,10,42
46,10,42
46,10,42
46,10,43
46,10,42
46,10,43
46,10,43
46,10,43
46,10,43
46,10,42
46,10,42
45,10,42
48,10,42
45,9,43
46,9,42
47,10,41
46,11,43
46,10,42
48,10,39
49,11,39
51,11,38
50,10,38
47,10,40
47,10,41
47,10,41
49,11,39
49,11,39
48,10,40
48,10,40
48,10,40
47,10,41
47,10,41
47,10,41
47,10,40
49,11,39
49,10,39
47,10,40
47,10,41
47,10,41
47,10,41
48,10,40
47,10,41
48,10,40
48,10,39
48,10,40
48,10,40
47,10,40
47,10,40
48,10,40
48,10,40
47,10,40
47,10,40
48,10,40
48,10,40
48,10,40
48,10,40
47,10,40
47,10,40
47,10,40
48,11,40
48,10,40
47,10,40
47,10,41
48,10,40
48,10,40
47,10,41
47,10,40
48,11,40
47,10,41
48,10,40
48,10,40
47,10,41
48,10,40
47,10,40
