1520863953.000000, 1520863953.000000, 1520863953.000000
32.000000, 32.000000, 32.000000
12,-2,62
12,-2,63
12,-2,63
13,-3,63
11,-3,61
12,-2,62
13,-2,63
13,-3,63
14,-2,63
12,-3,62
12,-3,62
13,-2,63
12,-2,63
14,-2,64
14,-2,64
13,-2,64
11,-3,62
12,-5,61
11,-5,58
11,-4,58
12,-4,60
14,-2,64
15,-2,64
16,-2,65
15,-1,65
15,-2,63
14,-2,62
13,-4,61
12,-3,60
11,-3,60
12,-3,61
13,-3,62
15,-3,62
15,-2,63
15,-2,64
14,-2,63
14,-3,62
13,-3,62
12,-4,60
12,-3,60
12,-2,61
13,-2,62
14,-2,64
14,-2,63
13,-2,62
12,-2,62
13,-3,62
13,-3,62
14,-2,63
15,1,66
16,0,65
16,-6,60
10,-5,56
8,-6,58
9,-1,61
11,-1,64
12,0,68
12,0,68
11,-2,64
8,-5,60
7,-4,60
6,-2,60
7,-1,62
8,0,65
9,-3,65
8,-3,64
9,-1,64
8,-2,64
7,-3,62
8,-3,62
8,-2,62
9,-2,62
9,-2,62
9,-2,63
9,-2,63
9,-1,64
9,-1,63
8,-3,62
9,-2,63
8,-1,64
9,-1,64
10,-2,64
9,-2,63
8,-3,62
9,-3,62
8,-2,63
8,-2,63
9,-2,64
9,-1,64
10,-2,64
8,-3,63
8,-4,62
9,-3,61
10,-3,62
10,-3,63
10,-3,64
10,-2,64
10,-2,63
10,-3,64
10,-4,63
11,-4,63
11,-4,61
10,-4,62
9,-5,62
8,-5,62
8,-4,62
9,-3,62
10,-3,63
10,-3,64
11,-3,64
11,-4,63
10,-3,63
10,-3,63
10,-4,63
10,-4,62
10,-4,61
10,-4,61
11,-4,61
12,-4,61
11,-3,63
11,-2,64
10,-1,65
11,-2,65
11,-3,63
11,-3,63
12,-3,62
11,-4,61
11,-3,62
11,-3,63
11,-3,63
11,-3,63
11,-3,63
11,-3,62
11,-3,63
11,-3,63
12,-3,63
11,-3,63
11,-4,62
10,-4,62
9,-3,62
10,-2,63
11,-2,63
12,-3,66
12,-3,64
12,-4,62
11,-4,61
10,-5,61
10,-4,63
10,-3,63
10,-3,63
10,-3,63
11,-4,63
11,-4,62
10,-4,62
10,-4,62
10,-4,62
10,-4,63
10,-4,63
10,-4,62
11,-4,63
10,-4,63
11,-4,63
10,-4,63
10,-2,64
12,-2,62
10,-2,61
12,-3,64
11,-3,63
10,-3,63
10,-3,62
10,-4,62
11,-4,63
10,-4,62
10,-3,62
10,-4,62
9,-5,61
9,-4,62
9,-3,62
10,-3,63
10,-3,63
10,-2,64
12,-3,64
12,-3,63
11,-3,62
10,-3,62
10,-3,62
10,-3,63
10,-3,63
10,-3,63
10,-3,63
10,-4,62
10,-4,62
10,-4,62
10,-4,63
10,-4,63
10,-4,62
10,-4,62
9,-4,62
8,-3,63
10,-3,64
10,-4,64
11,-3,64
11,-3,63
11,-4,63
11,-4,63
10,-4,63
9,-4,62
9,-4,62
9,-4,63
10,-4,63
10,-4,63
10,-4,63
10,-4,62
10,-4,62
10,-4,63
10,-4,63
11,-4,63
10,-4,62
10,-4,63
10,-4,63
10,-4,63
10,-3,63
10,-3,63
10,-3,63
10,-3,63
10,-3,63
10,-3,63
10,-3,63
10,-3,63
10,-3,63
10,-3,63
10,-4,62
11,-4,63
11,-4,63
10,-4,63
10,-4,62
10,-4,63
10,-3,63
11,-3,63
10,-3,63
11,-4,63
11,-3,63
10,-3,63
10,-3,62
11,-3,63
11,-3,63
11,-3,63
11,-3,63
11,-4,63
10,-3,62
11,-4,63
11,-4,63
11,-4,63
10,-3,63
10,-3,63
11,-4,63
11,-4,63
11,-4,62
10,-4,62
9,-4,62
9,-3,63
10,-3,64
11,-4,64
11,-4,62
10,-4,62
10,-4,62
11,-4,63
11,-4,63
10,-4,63
10,-4,62
10,-4,62
10,-4,63
10,-4,63
10,-4,63
10,-4,63
10,-4,63
10,-4,63
10,-4,63
10,-4,63
10,-4,63
10,-4,63
10,-4,63
10,-4,63
10,-4,63
10,-4,63
10,-4,63
10,-4,63
9,-3,63
10,-3,63
10,-4,64
10,-4,63
10,-4,63
10,-4,63
10,-5,63
10,-5,61
9,-5,63
9,-5,63
9,-5,62
8,-5,63
9,-4,63
9,-4,62
8,-5,61
10,-4,64
10,-4,64
9,-4,63
9,-4,63
8,-4,63
9,-4,62
9,-4,63
9,-4,63
9,-4,63
9,-4,62
9,-4,63
9,-4,63
9,-4,63
9,-4,64
9,-4,63
5,-3,57
9,-3,66
12,-3,67
10,-3,66
8,-4,62
8,-5,60
7,-6,60
9,-4,62
9,-4,63
10,-3,64
9,-3,64
9,-3,63
8,-4,63
8,-3,63
9,-3,64
10,-3,64
11,-3,64
11,-4,63
10,-5,62
10,-5,61
10,-5,61
11,-5,62
12,-5,62
12,-5,63
12,-5,62
13,-6,62
13,-6,61
13,-6,60
15,-6,61
15,-6,61
15,-5,61
16,-5,61
15,-4,62
15,-4,62
15,-4,62
15,-3,62
15,-4,62
16,-3,62
16,-3,61
16,-3,62
16,-3,62
16,-3,62
16,-3,62
16,-3,62
16,-3,62
16,-3,62
16,-3,61
16,-3,61
16,-4,61
16,-4,61
16,-4,61
16,-4,61
16,-4,61
16,-4,61
16,-4,61
16,-4,62
16,-3,61
16,-4,62
16,-4,61
16,-4,61
16,-4,61
16,-3,62
16,-4,61
16,-4,62
16,-3,61
15,-4,61
16,-4,61
16,-3,61
16,-4,62
16,-4,61
16,-3,62
16,-4,62
16,-3,61
16,-4,62
16,-3,62
16,-4,62
15,-4,62
15,-4,61
16,-4,61
16,-4,61
16,-4,61
16,-4,61
16,-4,61
16,-4,61
16,-4,61
15,-4,62
16,-4,62
16,-4,61
15,-4,62
16,-4,61
15,-4,62
15,-4,61
16,-4,61
16,-4,61
16,-4,62
16,-4,62
15,-4,62
15,-4,62
16,-4,61
15,-4,62
16,-4,62
16,-4,61
16,-4,62
16,-4,61
15,-4,61
15,-4,62
15,-4,61
16,-4,62
16,-4,62
16,-4,62
16,-4,62
15,-4,61
15,-4,62
15,-4,62
16,-4,61
16,-4,61
16,-4,61
15,-4,61
15,-4,61
15,-4,62
15,-4,62
16,-4,62
15,-4,61
15,-4,61
15,-4,61
16,-4,62
15,-4,62
16,-4,62
16,-4,62
15,-4,61
16,-4,62
16,-4,61
16,-4,62
15,-4,62
15,-4,61
16,-4,62
16,-4,62
16,-4,61
15,-4,62
15,-4,62
15,-4,62
16,-4,62
15,-4,62
15,-4,62
15,-4,61
15,-4,61
15,-4,61
16,-4,62
16,-4,62
15,-4,62
15,-4,62
15,-4,61
16,-4,61
16,-4,61
16,-4,61
16,-4,61
16,-4,61
15,-4,62
16,-4,62
16,-4,61
16,-4,61
16,-4,61
16,-4,61
16,-4,62
16,-4,61
15,-4,61
15,-3,61
16,-4,62
16,-4,61
16,-4,61
16,-4,61
16,-3,62
16,-3,62
16,-3,61
16,-3,61
16,-3,61
16,-3,62
16,-3,61
17,-3,62
17,-3,62
16,-3,62
17,-4,61
16,-3,61
16,-3,61
16,-3,61
16,-4,61
16,-4,61
16,-3,61
16,-3,61
16,-3,61
16,-4,61
16,-3,61
16,-3,61
16,-3,61
16,-3,62
16,-3,61
16,-3,62
16,-4,61
16,-4,61
16,-3,61
16,-3,61
16,-3,62
16,-3,62
16,-3,61
16,-4,61
16,-3,61
16,-3,61
17,-4,61
17,-4,60
16,-3,61
15,-3,62
15,-3,63
16,-3,62
16,-3,61
17,-3,61
17,-4,61
16,-4,61
16,-3,61
16,-3,62
16,-3,61
16,-3,62
16,-4,61
17,-4,61
16,-3,61
15,-3,62
16,-3,62
16,-3,62
17,-3,62
16,-3,61
16,-3,61
16,-4,61
15,-3,61
15,-3,61
16,-3,62
16,-3,62
16,-3,61
16,-4,61
16,-4,61
16,-3,62
16,-3,61
16,-3,61
16,-3,61
16,-3,61
16,-3,62
16,-3,62
16,-3,61
16,-3,61
16,-3,61
16,-3,61
16,-3,61
16,-3,61
16,-3,62
16,-4,62
16,-3,61
16,-4,62
16,-3,61
16,-3,61
16,-4,61
16,-4,61
16,-3,61
16,-3,62
16,-3,62
16,-3,62
16,-3,62
16,-3,61
16,-4,61
16,-4,61
16,-3,61
16,-3,62
16,-3,62
15,-3,62
16,-3,61
16,-3,61
16,-3,62
16,-3,61
16,-4,61
16,-3,61
16,-3,62
16,-4,62
16,-3,61
16,-4,61
16,-4,61
16,-3,61
16,-3,61
16,-3,61
16,-3,61
16,-4,61
16,-3,61
16,-3,61
16,-3,62
16,-3,62
16,-3,62
16,-3,61
16,-3,61
16,-3,62
16,-3,61
16,-3,61
17,-3,61
17,-3,61
17,-4,61
16,-3,61
16,-3,62
16,-3,62
16,-3,61
16,-3,61
17,-4,61
17,-3,61
17,-3,61
17,-3,61
17,-4,61
17,-3,61
16,-3,61
17,-4,61
17,-3,61
17,-3,61
17,-3,61
17,-3,61
16,-3,61
17,-3,61
17,-3,61
17,-3,61
17,-3,61
17,-3,61
16,-3,61
16,-3,61
16,-3,61
17,-3,61
17,-3,61
17,-3,61
17,-4,61
17,-4,61
16,-3,61
17,-3,62
17,-3,61
16,-3,61
16,-3,61
17,-3,61
17,-4,61
17,-3,61
16,-3,61
16,-3,61
16,-3,61
16,-3,61
16,-3,61
17,-3,61
16,-3,61
16,-3,61
16,-3,61
16,-3,61
16,-3,62
16,-3,61
16,-4,61
16,-4,61
16,-3,61
17,-3,61
16,-4,61
16,-3,61
16,-4,61
16,-3,61
16,-3,61
16,-3,61
16,-3,61
16,-3,61
16,-3,61
16,-3,61
16,-3,62
16,-3,61
16,-4,61
16,-4,61
16,-4,62
16,-3,62
16,-4,61
16,-4,61
16,-4,61
16,-4,61
16,-4,61
16,-4,61
16,-3,61
16,-3,62
16,-3,61
16,-4,61
16,-3,61
16,-4,61
16,-3,62
16,-4,61
16,-4,61
16,-4,61
16,-4,61
17,-4,62
17,-4,62
16,-3,61
16,-4,61
16,-4,61
16,-3,61
16,-3,61
16,-4,61
16,-4,61
16,-4,61
16,-3,61
16,-3,61
17,-3,61
16,-3,62
16,-4,61
16,-3,61
16,-4,62
17,-4,61
16,-3,61
16,-4,61
16,-3,61
16,-4,62
16,-3,61
16,-3,61
17,-3,61
17,-3,61
17,-3,61
16,-4,61
16,-3,61
16,-3,61
17,-3,61
17,-3,61
17,-3,61
17,-3,61
17,-3,61
17,-3,61
17,-3,61
17,-3,61
17,-3,61
17,-3,61
17,-3,61
17,-3,61
17,-3,61
17,-3,61
17,-3,61
17,-3,61
17,-3,61
17,-3,61
17,-3,61
17,-3,61
17,-3,61
17,-3,61
16,-3,61
17,-3,61
17,-3,61
17,-3,61
17,-3,61
17,-3,61
17,-3,61
17,-3,61
17,-3,61
17,-3,61
17,-3,62
17,-3,61
17,-3,61
16,-3,61
17,-3,61
17,-3,61
17,-3,61
17,-3,61
16,-3,61
17,-3,62
16,-3,61
17,-3,62
16,-3,61
16,-3,61
16,-3,61
16,-4,61
17,-3,61
16,-3,61
16,-3,61
16,-3,61
16,-3,61
16,-3,61
16,-3,61
16,-3,61
16,-3,61
16,-3,61
16,-3,61
16,-3,61
16,-3,61
17,-3,62
16,-4,61
16,-3,61
16,-3,61
16,-3,61
16,-3,62
17,-3,61
16,-3,61
16,-4,61
16,-3,61
17,-3,61
16,-3,62
16,-3,61
16,-3,61
16,-3,61
17,-3,62
16,-3,61
16,-3,61
17,-3,61
16,-3,61
16,-4,61
17,-3,61
16,-4,61
16,-3,61
16,-3,62
16,-3,62
16,-3,61
16,-3,61
16,-3,61
17,-3,62
17,-4,61
17,-4,61
17,-4,61
16,-3,61
16,-3,62
16,-3,62
16,-3,61
16,-3,61
17,-3,61
17,-4,61
16,-3,61
16,-3,61
16,-3,62
16,-3,62
16,-3,61
17,-4,61
17,-4,62
16,-3,61
16,-3,61
16,-4,61
16,-3,61
16,-3,61
17,-3,61
17,-3,61
17,-4,62
16,-3,61
16,-3,61
16,-3,61
16,-3,61
16,-4,61
16,-3,61
16,-4,61
16,-4,61
16,-4,61
16,-4,61
16,-3,61
16,-3,61
16,-3,62
16,-3,61
16,-3,61
17,-3,61
17,-3,61
17,-3,61
17,-3,61
16,-3,61
16,-3,61
17,-3,61
17,-3,61
17,-3,61
17,-3,61
16,-3,61
17,-3,61
16,-3,61
17,-3,61
17,-3,61
17,-3,61
17,-3,61
16,-3,61
16,-3,61
17,-3,61
16,-3,61
17,-4,61
17,-3,61
16,-3,61
16,-3,61
16,-3,62
16,-3,61
16,-3,61
17,-3,61
17,-3,61
17,-3,61
16,-4,61
17,-3,61
16,-4,61
16,-3,61
17,-3,61
17,-4,61
17,-4,61
16,-3,61
16,-4,61
16,-3,61
16,-3,61
16,-3,61
17,-3,61
17,-3,61
17,-3,61
16,-3,61
16,-3,61
16,-4,61
16,-3,62
16,-3,61
17,-4,61
16,-4,61
16,-3,61
16,-3,62
17,-3,62
16,-4,62
16,-3,61
16,-4,61
17,-3,62
16,-3,62
16,-3,61
16,-3,61
16,-3,61
16,-3,61
16,-3,61
16,-3,62
16,-4,61
16,-3,61
16,-3,61
16,-3,61
16,-3,62
16,-3,61
17,-4,61
16,-4,61
16,-3,61
16,-3,61
16,-3,62
16,-3,61
16,-3,61
16,-3,61
16,-3,62
17,-4,61
16,-3,61
16,-3,61
16,-4,62
16,-3,61
16,-3,61
16,-3,62
17,-4,61
17,-4,61
16,-3,61
16,-3,61
16,-3,61
16,-3,62
16,-3,62
16,-3,61
16,-3,61
16,-3,61
16,-4,61
16,-3,61
16,-3,61
16,-3,61
16,-3,61
16,-4,61
16,-3,61
16,-3,61
16,-4,61
16,-4,61
16,-3,61
16,-3,61
16,-4,61
17,-3,61
16,-3,61
16,-3,61
16,-3,61
16,-3,61
16,-3,61
16,-3,61
16,-3,61
16,-3,62
17,-3,61
16,-4,61
16,-3,61
16,-3,61
16,-3,61
16,-4,61
17,-3,61
17,-3,61
17,-3,62
17,-3,61
17,-3,61
17,-3,61
17,-3,61
17,-3,61
17,-3,61
17,-3,62
17,-3,61
17,-3,61
16,-4,61
17,-3,61
17,-3,61
16,-3,61
16,-3,61
16,-4,61
16,-4,61
16,-3,61
17,-4,61
17,-4,61
17,-3,61
17,-4,61
16,-3,61
17,-4,61
17,-4,62
17,-3,61
16,-3,62
17,-4,61
17,-4,61
17,-4,61
17,-3,61
16,-3,62
16,-3,62
16,-3,61
16,-3,61
16,-3,61
17,-3,61
17,-3,61
16,-3,62
16,-3,61
16,-3,61
16,-3,61
16,-3,61
16,-3,62
16,-3,61
16,-3,62
16,-4,61
17,-4,61
16,-4,61
16,-4,61
16,-4,61
16,-4,61
16,-4,61
16,-4,61
16,-3,61
16,-3,62
16,-3,62
16,-3,62
16,-3,62
17,-3,61
16,-3,61
16,-3,61
16,-3,62
16,-3,62
16,-3,62
16,-3,61
16,-4,61
16,-3,61
16,-4,61
16,-4,61
16,-3,61
16,-3,62
16,-3,61
16,-4,61
16,-3,61
16,-3,61
16,-3,62
16,-3,62
16,-3,62
16,-3,61
16,-3,62
16,-3,61
16,-3,61
16,-3,61
16,-3,62
16,-3,61
16,-3,61
16,-3,61
16,-3,61
16,-3,61
16,-3,61
16,-3,61
16,-3,62
16,-3,62
16,-3,61
16,-3,61
15,-3,61
16,-3,62
16,-3,61
16,-3,61
16,-3,61
15,-3,61
15,-3,61
16,-3,61
16,-3,61
16,-3,62
16,-3,61
16,-3,61
16,-3,61
17,-3,61
16,-3,61
16,-3,61
16,-3,62
16,-3,61
16,-3,61
16,-3,62
16,-3,61
16,-3,61
16,-3,61
16,-3,61
16,-3,61
16,-3,62
16,-3,62
16,-3,62
16,-3,61
17,-3,61
16,-3,61
16,-3,61
16,-3,61
16,-3,61
16,-3,61
16,-3,61
16,-3,61
17,-3,61
16,-3,61
16,-3,62
16,-3,61
16,-3,61
16,-3,61
16,-3,61
17,-3,61
17,-3,61
17,-3,62
17,-3,61
16,-3,61
16,-3,61
17,-3,61
17,-3,61
17,-3,61
16,-3,61
16,-3,61
17,-3,61
17,-3,61
17,-3,61
17,-3,61
17,-3,61
17,-3,61
17,-3,61
17,-3,61
17,-3,61
16,-3,61
16,-3,61
17,-3,61
17,-3,62
17,-3,61
17,-3,61
17,-3,61
17,-3,61
17,-3,61
17,-3,61
17,-3,61
17,-3,61
17,-3,61
17,-3,62
16,-3,61
17,-3,61
17,-3,61
17,-3,61
17,-3,62
17,-3,62
17,-3,62
17,-3,61
16,-3,61
16,-3,61
16,-3,61
17,-4,61
17,-3,61
16,-4,61
16,-3,61
16,-3,62
16,-3,62
16,-3,62
17,-3,61
17,-3,61
16,-3,61
16,-3,61
16,-3,61
17,-3,61
16,-3,61
15,-3,61
15,-3,62
15,-3,62
17,-3,61
18,-3,61
17,-3,62
16,-2,62
15,-3,62
15,-3,62
16,-3,61
17,-3,60
17,-3,61
17,-3,62
16,-3,62
16,-3,61
16,-3,61
16,-3,61
17,-3,61
17,-3,61
16,-2,62
16,-3,62
17,-3,61
17,-3,61
17,-3,61
16,-3,61
16,-3,62
16,-3,61
16,-3,61
17,-3,61
17,-3,61
17,-3,62
16,-3,61
16,-3,61
16,-3,61
17,-3,62
17,-3,61
17,-3,62
17,-3,61
17,-3,61
17,-3,61
16,-3,61
17,-3,61
17,-3,61
17,-3,62
17,-3,62
17,-3,61
16,-3,61
16,-3,61
17,-3,62
16,-3,62
16,-3,61
16,-3,61
17,-3,61
17,-3,61
17,-3,61
16,-3,61
16,-3,61
17,-3,61
17,-3,61
17,-3,61
17,-3,61
17,-3,61
17,-3,61
17,-3,61
17,-3,61
17,-3,61
17,-3,61
17,-3,61
17,-3,61
17,-3,61
17,-3,61
17,-3,61
17,-3,61
17,-3,61
17,-3,61
17,-3,61
16,-3,61
17,-3,62
17,-3,61
17,-3,61
17,-3,61
17,-3,61
17,-3,61
17,-3,61
16,-3,61
17,-3,61
17,-3,61
17,-3,61
17,-3,61
17,-3,61
17,-3,61
17,-3,61
17,-3,61
17,-3,61
17,-3,61
17,-3,61
17,-3,61
17,-3,61
17,-3,62
17,-3,61
17,-3,61
17,-3,61
17,-3,61
17,-3,61
17,-3,61
16,-3,61
17,-3,61
17,-3,61
17,-3,61
17,-3,61
16,-3,61
16,-3,61
17,-3,61
17,-3,62
16,-3,61
16,-3,61
16,-3,62
16,-3,61
16,-3,61
16,-3,61
16,-3,61
16,-3,61
17,-3,61
16,-3,61
16,-3,61
16,-3,61
16,-3,61
16,-3,61
16,-2,61
16,-3,61
16,-3,61
16,-3,61
16,-3,61
16,-3,61
16,-3,62
16,-3,62
16,-3,61
16,-3,61
17,-3,62
16,-3,61
16,-3,61
16,-3,62
16,-3,62
17,-3,62
17,-3,61
16,-3,61
16,-3,61
16,-3,61
16,-3,61
16,-3,61
16,-3,61
16,-3,61
16,-3,61
16,-3,61
16,-3,62
16,-3,62
16,-3,61
16,-3,61
16,-3,61
16,-3,62
17,-3,62
16,-3,61
16,-3,61
16,-3,61
16,-3,61
16,-3,61
16,-3,61
17,-3,61
17,-3,61
16,-3,61
16,-3,62
16,-3,62
16,-2,62
16,-3,62
16,-3,61
16,-3,61
16,-3,61
16,-3,61
17,-3,62
16,-3,62
16,-3,61
16,-3,61
17,-3,62
17,-3,62
17,-3,62
17,-3,62
17,-3,61
16,-3,61
16,-3,61
17,-3,61
17,-3,61
17,-3,61
16,-3,61
17,-3,61
17,-3,61
16,-2,62
17,-2,62
17,-3,62
17,-3,61
17,-3,61
16,-3,61
17,-3,61
17,-3,62
16,-3,61
16,-3,61
16,-3,61
16,-3,61
17,-3,61
17,-3,61
17,-3,61
16,-3,61
17,-3,61
17,-3,61
17,-3,61
17,-3,61
17,-3,61
16,-3,62
16,-2,62
16,-3,61
16,-3,61
16,-3,61
16,-3,61
17,-3,61
16,-3,61
16,-3,61
16,-3,61
16,-3,61
17,-3,61
16,-3,61
16,-3,61
17,-3,61
17,-3,62
16,-3,61
16,-3,61
16,-3,62
16,-3,62
17,-3,62
17,-3,62
17,-3,61
16,-3,61
16,-3,61
16,-3,61
16,-3,61
16,-3,62
16,-3,61
16,-3,61
16,-3,61
16,-3,61
17,-3,62
17,-3,62
16,-3,62
16,-3,61
16,-3,61
17,-3,62
17,-3,61
17,-3,61
16,-3,62
16,-3,61
17,-3,61
17,-3,61
16,-3,61
16,-3,61
16,-3,61
16,-3,62
16,-3,61
16,-3,61
16,-3,61
16,-3,61
17,-3,61
17,-3,61
16,-3,61
16,-3,61
17,-3,61
17,-3,61
17,-3,61
17,-3,62
16,-3,62
17,-3,62
17,-3,61
17,-3,61
17,-3,61
16,-3,61
16,-3,61
17,-3,61
17,-3,61
17,-3,61
16,-3,61
16,-3,61
16,-3,61
17,-3,62
17,-3,61
17,-3,61
17,-3,61
17,-3,61
17,-3,61
17,-3,61
17,-3,61
17,-3,61
17,-3,61
17,-3,61
17,-3,61
17,-3,61
16,-3,61
17,-3,62
17,-3,61
17,-3,61
17,-3,61
17,-3,61
17,-3,61
17,-3,61
17,-3,61
17,-3,61
17,-3,61
17,-3,61
17,-3,61
17,-3,61
17,-3,61
17,-3,61
17,-3,61
17,-3,61
17,-3,61
17,-3,61
17,-3,61
17,-3,61
17,-3,62
17,-3,61
17,-3,61
17,-3,61
17,-3,61
17,-3,61
17,-3,61
17,-3,61
17,-3,61
17,-3,61
17,-3,61
17,-3,61
17,-3,61
17,-3,61
17,-3,61
17,-3,61
17,-3,61
17,-3,61
17,-3,62
17,-3,61
17,-3,61
16,-3,61
16,-3,61
17,-3,61
17,-3,61
17,-3,61
17,-3,61
17,-3,61
17,-3,61
16,-3,61
16,-3,61
17,-3,61
17,-3,61
17,-3,61
17,-3,61
17,-3,61
17,-3,62
17,-3,61
17,-3,61
16,-3,61
17,-3,61
17,-3,61
17,-3,61
16,-3,61
17,-3,61
17,-3,61
17,-3,62
17,-3,61
17,-3,61
16,-3,61
17,-3,61
17,-3,61
17,-3,61
17,-3,61
17,-3,61
16,-3,61
17,-3,61
17,-3,61
16,-3,61
16,-3,61
16,-3,61
17,-3,61
17,-3,62
17,-3,61
16,-3,61
16,-3,61
17,-3,61
17,-3,61
17,-3,61
16,-3,61
16,-3,61
17,-3,61
17,-3,61
17,-3,61
17,-3,61
17,-3,61
17,-3,61
17,-3,61
17,-3,61
17,-3,61
17,-3,61
17,-3,62
17,-3,61
17,-3,61
17,-3,61
17,-3,61
16,-3,61
16,-3,61
17,-3,61
17,-3,61
17,-3,61
17,-3,61
17,-3,61
17,-3,61
17,-3,61
17,-3,61
17,-3,61
17,-3,61
17,-3,61
17,-3,61
17,-3,61
16,-3,61
17,-3,61
18,-3,61
18,-3,62
17,-2,62
17,-3,61
17,-3,61
17,-3,62
17,-2,62
17,-3,61
17,-3,61
17,-3,61
17,-3,61
17,-3,61
17,-3,61
17,-3,61
17,-3,61
17,-3,61
17,-3,61
17,-3,61
17,-3,61
17,-3,61
17,-3,61
17,-3,61
17,-3,61
17,-3,61
17,-3,61
17,-3,61
17,-3,61
17,-3,61
17,-3,61
17,-3,61
17,-3,61
17,-3,61
17,-3,61
17,-3,61
17,-3,61
17,-3,61
17,-3,61
17,-3,61
17,-3,61
17,-3,61
17,-3,61
17,-3,61
17,-3,61
17,-3,61
17,-3,61
17,-3,61
17,-3,61
17,-3,61
17,-3,61
17,-3,61
17,-3,61
17,-3,61
17,-3,61
17,-3,61
17,-3,61
17,-3,61
17,-3,61
17,-3,61
17,-3,62
17,-3,61
17,-3,61
17,-3,61
17,-3,61
17,-3,61
17,-3,61
17,-3,61
17,-3,61
17,-3,61
17,-3,62
17,-3,62
17,-3,61
17,-3,61
17,-3,61
17,-3,61
17,-3,61
17,-3,61
17,-3,61
17,-3,61
17,-3,61
17,-3,61
17,-3,61
17,-3,61
17,-3,61
17,-3,61
17,-3,61
17,-3,61
17,-3,61
17,-3,61
17,-3,61
17,-3,61
17,-3,61
17,-3,61
17,-3,61
17,-3,61
17,-3,61
17,-3,61
17,-3,61
17,-3,61
17,-3,61
17,-3,61
17,-3,61
17,-3,61
17,-3,61
17,-3,61
17,-3,61
17,-3,61
17,-3,61
17,-3,61
17,-3,61
17,-3,61
17,-3,61
17,-3,61
17,-2,61
17,-3,61
17,-3,61
17,-3,61
17,-3,61
17,-3,62
17,-3,61
17,-3,61
17,-3,61
17,-3,61
17,-3,61
17,-3,61
17,-3,61
17,-3,61
17,-3,61
17,-3,61
17,-3,61
17,-3,61
17,-3,61
17,-3,61
17,-3,62
17,-3,61
17,-3,61
17,-3,61
17,-3,61
17,-3,61
17,-3,61
17,-3,61
17,-3,61
17,-3,61
17,-3,61
17,-3,61
17,-3,61
17,-3,61
17,-3,61
17,-3,61
17,-3,61
17,-3,62
17,-3,61
17,-3,61
17,-3,61
17,-3,61
17,-3,61
17,-3,61
17,-3,61
17,-3,61
17,-3,61
17,-3,62
17,-3,61
17,-3,61
17,-3,61
16,-3,61
17,-3,61
17,-3,61
17,-3,61
17,-3,61
17,-3,61
17,-3,61
17,-3,61
17,-3,61
17,-3,61
17,-3,61
17,-3,61
17,-3,61
17,-3,61
17,-3,61
17,-3,62
17,-3,61
16,-3,61
17,-3,61
17,-3,61
17,-3,61
17,-3,61
17,-3,61
17,-3,61
17,-3,61
17,-3,62
17,-3,61
17,-3,61
17,-3,61
17,-3,61
17,-3,61
17,-3,61
17,-3,61
17,-2,61
17,-3,61
17,-3,61
16,-2,61
16,-3,61
17,-3,61
17,-3,61
17,-3,61
17,-3,61
17,-3,61
17,-3,61
17,-3,61
16,-3,61
16,-3,61
16,-3,62
17,-3,62
17,-3,61
17,-3,61
17,-3,61
17,-3,61
16,-3,61
16,-2,62
17,-3,62
17,-3,61
17,-3,61
17,-3,61
17,-3,61
17,-3,61
17,-3,62
17,-3,61
17,-3,61
17,-3,61
17,-3,61
17,-3,61
17,-3,61
17,-3,61
17,-3,61
17,-3,61
17,-3,61
17,-3,61
17,-3,61
17,-3,61
17,-3,61
16,-3,61
17,-3,61
17,-3,61
17,-3,61
17,-3,61
17,-3,61
17,-3,61
17,-3,61
17,-3,61
17,-3,61
17,-3,61
17,-3,61
17,-3,61
17,-3,61
17,-3,61
17,-3,61
17,-3,61
17,-3,61
17,-3,61
17,-3,61
17,-3,61
17,-3,62
17,-3,61
17,-3,61
17,-3,61
17,-3,61
17,-3,61
17,-3,61
17,-3,61
17,-3,61
17,-3,61
17,-3,61
17,-2,61
17,-3,62
17,-3,61
17,-3,61
17,-3,61
17,-3,61
17,-3,61
17,-3,61
17,-3,61
17,-3,61
17,-3,61
17,-3,61
17,-3,61
17,-3,61
17,-3,61
17,-3,61
17,-3,61
17,-3,61
17,-3,61
17,-3,61
17,-3,61
17,-3,61
17,-3,61
17,-3,61
17,-3,61
17,-3,61
17,-3,61
17,-3,61
17,-3,61
17,-3,61
17,-3,61
17,-3,61
17,-3,61
17,-3,61
17,-3,61
17,-3,61
17,-3,61
17,-3,61
17,-3,61
17,-3,61
17,-3,61
17,-2,61
17,-3,61
17,-3,61
17,-3,61
17,-3,61
17,-3,61
17,-3,61
17,-3,61
17,-3,61
17,-3,61
17,-3,61
17,-3,61
17,-3,61
17,-3,61
17,-3,61
17,-3,61
17,-3,61
17,-3,61
17,-3,61
17,-3,61
17,-3,61
17,-3,61
17,-3,61
17,-3,62
17,-3,62
17,-3,61
17,-3,61
17,-3,61
17,-3,61
17,-3,62
17,-3,61
17,-3,61
17,-3,61
17,-3,61
17,-3,61
17,-3,62
17,-3,62
17,-3,61
17,-3,61
17,-3,61
17,-3,61
17,-3,62
17,-3,62
17,-3,61
17,-3,61
17,-3,61
17,-3,62
17,-3,62
17,-3,61
16,-3,61
17,-3,61
17,-3,61
17,-3,61
17,-3,61
17,-3,61
17,-3,61
17,-3,61
17,-3,61
17,-3,61
17,-3,61
17,-3,61
17,-3,61
17,-3,61
17,-3,61
17,-3,61
17,-3,61
17,-3,61
17,-3,61
17,-3,61
17,-3,61
17,-3,61
17,-3,61
17,-3,61
16,-3,61
17,-3,61
17,-3,61
17,-3,61
17,-3,61
17,-3,61
17,-3,61
17,-3,61
17,-3,61
17,-3,61
17,-3,61
17,-3,61
17,-3,61
17,-3,61
17,-3,61
17,-3,61
17,-3,61
17,-3,61
17,-3,61
17,-3,61
17,-3,61
17,-3,61
18,-3,61
17,-3,61
17,-2,61
17,-3,61
17,-3,61
18,-3,61
17,-3,61
17,-3,61
17,-3,61
17,-3,61
17,-3,61
17,-3,61
17,-3,61
17,-3,61
17,-3,61
17,-3,61
17,-3,61
17,-3,61
17,-3,61
17,-3,61
17,-3,61
17,-3,61
17,-3,61
17,-3,61
17,-3,61
17,-3,61
17,-3,61
17,-3,61
17,-3,61
17,-3,61
17,-3,61
17,-3,61
17,-3,61
17,-3,61
17,-3,61
17,-3,61
17,-3,61
17,-3,61
17,-3,61
17,-3,61
17,-3,61
17,-3,61
17,-3,61
17,-3,61
17,-3,61
17,-3,61
17,-3,61
17,-3,61
17,-3,61
17,-3,61
17,-3,61
17,-3,61
17,-3,61
17,-3,61
17,-3,61
17,-3,61
17,-3,61
17,-3,61
17,-3,61
17,-3,61
17,-3,61
17,-3,61
17,-3,61
17,-3,61
17,-3,61
17,-3,61
17,-3,61
17,-3,61
17,-3,61
17,-3,61
17,-3,61
17,-3,61
17,-3,61
17,-3,61
17,-3,61
17,-3,61
17,-3,61
17,-3,61
17,-3,61
17,-3,61
17,-3,61
17,-3,61
17,-3,61
17,-3,61
17,-3,61
17,-3,61
17,-3,61
17,-3,61
17,-3,61
17,-3,61
17,-3,61
17,-3,61
17,-3,61
17,-3,61
17,-3,61
17,-3,61
17,-3,61
17,-3,61
17,-3,61
17,-3,61
17,-3,61
17,-3,61
17,-3,61
17,-3,61
17,-3,61
17,-3,61
17,-3,61
17,-3,61
17,-3,61
17,-3,61
17,-3,61
17,-3,61
17,-3,61
17,-3,61
17,-3,62
17,-3,61
17,-3,61
17,-3,61
17,-3,61
17,-3,61
17,-3,61
17,-3,61
17,-3,61
17,-3,61
17,-3,61
17,-3,61
17,-3,61
17,-3,61
17,-3,61
17,-3,61
17,-3,61
17,-3,61
17,-3,61
17,-3,61
17,-3,61
17,-3,61
17,-3,61
17,-3,61
17,-3,61
17,-3,61
17,-3,61
17,-3,61
17,-3,61
17,-3,61
17,-3,61
17,-3,61
18,-3,61
17,-3,61
17,-3,61
17,-3,61
17,-3,61
17,-3,61
18,-3,61
18,-3,61
17,-3,61
17,-3,61
17,-3,61
17,-3,61
17,-3,61
17,-3,61
17,-3,61
17,-3,61
17,-3,61
17,-3,61
17,-3,61
17,-3,61
17,-3,61
17,-3,61
17,-3,61
17,-3,61
17,-3,61
17,-3,61
17,-3,62
17,-3,61
17,-3,61
17,-3,61
17,-3,61
17,-3,61
17,-3,61
17,-3,61
17,-3,61
17,-3,61
17,-3,61
17,-3,61
17,-3,61
17,-3,61
17,-3,61
17,-3,61
17,-3,61
17,-3,61
17,-3,61
17,-3,61
17,-3,61
17,-3,61
17,-3,61
17,-3,62
17,-3,62
17,-3,61
17,-3,61
17,-3,61
17,-3,61
17,-3,61
17,-3,61
17,-3,61
17,-3,61
17,-3,61
17,-3,61
17,-3,61
17,-3,61
17,-3,62
17,-3,61
17,-3,61
17,-3,61
17,-3,61
17,-3,61
17,-3,61
17,-3,61
17,-3,61
17,-3,61
17,-3,61
17,-3,61
17,-3,61
17,-3,61
17,-3,61
17,-3,61
17,-3,61
17,-3,61
17,-3,61
17,-3,61
17,-3,61
17,-3,61
17,-3,61
17,-3,61
17,-3,61
17,-3,61
17,-3,61
17,-3,61
17,-3,61
17,-3,61
17,-3,61
17,-3,61
17,-3,61
17,-3,61
17,-3,61
17,-3,61
17,-3,61
17,-3,61
17,-3,61
17,-3,61
18,-3,61
17,-3,61
17,-3,61
17,-3,61
17,-3,61
17,-3,61
17,-2,61
18,-3,61
17,-3,62
17,-3,61
17,-3,61
18,-3,61
18,-3,61
18,-3,61
18,-2,61
17,-2,61
17,-3,61
18,-3,61
18,-3,61
18,-3,61
17,-3,61
17,-3,61
17,-3,61
17,-3,61
17,-3,61
18,-3,61
17,-3,61
17,-3,61
17,-3,61
17,-3,61
18,-3,61
17,-2,61
17,-3,61
17,-3,61
17,-2,61
17,-3,61
18,-3,61
17,-3,61
17,-3,61
17,-3,61
18,-3,61
18,-3,61
17,-3,61
17,-2,62
17,-2,62
17,-3,61
17,-3,61
17,-3,61
18,-3,61
18,-3,61
18,-3,61
18,-2,61
18,-3,61
17,-3,61
17,-2,61
18,-2,61
18,-3,61
18,-3,61
18,-3,61
17,-3,61
18,-3,61
18,-3,61
17,-3,61
17,-3,61
17,-2,61
18,-3,61
18,-3,61
17,-3,61
17,-3,61
17,-3,61
17,-3,61
18,-3,61
18,-3,61
17,-3,61
18,-3,61
18,-2,61
17,-2,61
17,-2,61
17,-2,61
18,-3,61
18,-3,61
17,-3,61
17,-2,61
17,-2,61
17,-3,61
18,-3,61
18,-3,61
18,-3,61
17,-2,61
17,-3,61
18,-3,61
17,-3,61
17,-3,61
17,-3,61
17,-3,61
18,-3,61
18,-2,61
18,-3,61
17,-3,61
17,-3,61
17,-3,61
17,-3,61
18,-3,61
18,-3,61
17,-3,61
17,-3,61
17,-3,61
17,-2,61
18,-3,61
18,-3,61
18,-3,61
17,-3,61
17,-3,61
17,-2,61
18,-2,62
17,-2,61
17,-3,61
18,-3,61
18,-3,61
17,-3,61
17,-2,61
17,-3,61
18,-3,61
17,-3,61
17,-3,61
17,-3,61
17,-3,61
17,-3,61
17,-3,61
17,-3,61
18,-2,61
18,-2,61
18,-3,61
17,-2,61
17,-2,61
17,-2,61
17,-3,61
17,-3,61
17,-3,61
18,-3,61
17,-3,61
17,-3,61
17,-3,61
17,-2,61
17,-3,61
17,-3,61
17,-3,61
17,-3,61
17,-3,61
18,-3,61
17,-3,61
17,-3,61
17,-3,61
17,-3,61
17,-2,61
17,-3,61
17,-2,61
17,-3,61
17,-3,61
17,-3,61
17,-3,61
17,-3,61
17,-3,61
17,-3,61
17,-3,61
17,-3,61
17,-3,61
17,-2,61
17,-2,61
17,-3,61
17,-3,61
17,-3,61
17,-3,61
17,-3,61
17,-3,61
18,-3,61
17,-3,61
17,-2,61
17,-3,61
17,-3,61
17,-2,61
17,-3,61
17,-3,61
17,-3,61
17,-2,61
17,-2,61
17,-3,61
17,-3,61
17,-3,61
17,-3,61
17,-2,61
17,-2,61
17,-3,61
17,-3,61
17,-3,61
17,-3,61
17,-3,61
17,-2,62
18,-3,61
17,-3,61
17,-3,61
17,-2,61
17,-3,61
17,-2,61
17,-2,61
17,-3,61
17,-3,61
18,-2,61
17,-2,61
17,-2,61
17,-2,61
17,-2,61
18,-3,61
17,-2,61
17,-2,61
18,-3,61
17,-2,61
17,-2,61
18,-2,61
18,-3,61
17,-2,61
17,-2,61
18,-2,61
18,-2,61
17,-2,62
18,-2,61
18,-3,61
18,-3,60
18,-3,60
18,-2,62
18,-2,62
17,-2,61
18,-3,60
18,-3,60
18,-3,60
18,-2,61
18,-2,61
18,-2,61
18,-2,61
18,-3,61
18,-3,61
17,-3,61
17,-3,61
18,-2,61
18,-2,62
18,-2,61
18,-2,61
17,-3,61
17,-3,61
17,-3,61
17,-2,61
18,-3,61
18,-3,61
18,-3,61
18,-3,61
17,-3,61
17,-2,61
17,-2,62
17,-2,62
17,-2,61
17,-3,61
17,-3,61
17,-3,61
17,-2,61
17,-2,62
16,-3,61
16,-3,61
17,-3,61
17,-3,61
17,-3,61
17,-2,62
17,-3,62
17,-3,61
17,-3,61
17,-3,61
18,-3,61
18,-3,61
17,-2,62
17,-2,62
17,-2,61
18,-3,61
18,-3,61
18,-3,61
17,-3,61
16,-2,61
16,-2,61
17,-3,61
17,-3,61
17,-3,61
17,-3,61
17,-3,61
17,-2,61
17,-2,62
18,-2,62
18,-3,61
17,-3,61
17,-3,61
17,-3,61
17,-2,62
17,-2,61
17,-3,61
17,-3,61
17,-2,61
17,-3,61
17,-3,61
17,-3,61
17,-3,61
17,-3,62
17,-3,61
16,-2,62
17,-3,61
17,-3,61
17,-3,61
17,-3,61
17,-3,61
17,-3,61
17,-3,61
17,-3,61
17,-3,61
17,-3,61
17,-3,61
17,-3,61
17,-2,61
17,-3,61
17,-3,61
17,-2,61
17,-2,61
17,-2,61
17,-3,61
17,-3,61
17,-3,61
17,-3,61
17,-3,61
17,-3,61
17,-3,61
17,-3,61
17,-3,61
17,-3,61
17,-3,61
17,-3,61
17,-3,61
17,-2,62
17,-3,61
17,-3,61
17,-3,61
17,-3,61
18,-3,61
17,-2,61
17,-3,61
17,-3,61
17,-3,61
17,-3,61
17,-3,61
17,-3,61
17,-3,61
17,-3,61
17,-3,61
17,-3,61
17,-3,61
17,-3,61
17,-3,61
17,-3,61
17,-3,61
17,-3,61
17,-3,61
17,-3,61
17,-3,61
17,-3,61
17,-3,61
17,-3,61
17,-2,61
17,-3,61
18,-3,61
17,-3,61
17,-3,61
17,-3,61
18,-3,61
17,-3,61
17,-3,61
17,-3,61
17,-3,61
17,-3,61
17,-3,61
17,-3,61
17,-3,61
17,-3,61
17,-3,61
17,-3,61
17,-3,61
17,-3,61
17,-3,61
17,-3,61
17,-3,61
18,-3,61
17,-2,61
17,-3,61
17,-3,61
17,-3,61
17,-3,61
17,-3,61
17,-3,61
17,-3,61
17,-3,61
18,-3,61
17,-3,61
17,-3,61
17,-3,61
17,-2,61
17,-3,61
17,-3,61
17,-3,61
17,-3,61
17,-3,61
17,-3,61
17,-3,61
17,-3,61
17,-3,61
17,-3,61
17,-3,61
17,-3,61
17,-3,61
17,-3,61
17,-3,61
18,-3,61
17,-3,61
17,-3,61
17,-3,61
17,-3,61
17,-3,61
17,-3,61
17,-3,61
17,-3,61
17,-3,61
17,-3,61
17,-3,61
17,-3,61
17,-3,61
17,-3,61
17,-3,61
17,-3,61
17,-3,61
17,-3,61
17,-3,61
17,-3,61
17,-3,61
17,-3,61
17,-3,61
17,-2,61
17,-3,61
18,-3,61
18,-3,61
17,-3,61
17,-3,61
17,-3,61
18,-3,61
17,-3,61
17,-3,61
17,-3,61
17,-2,61
17,-3,61
17,-2,61
18,-3,61
17,-3,61
17,-2,61
17,-3,61
17,-3,61
18,-2,61
17,-2,61
17,-2,61
17,-2,61
18,-3,61
18,-2,61
17,-3,61
17,-3,61
18,-3,61
18,-2,61
18,-2,61
17,-2,61
18,-3,61
18,-3,61
18,-2,61
18,-3,61
18,-2,61
18,-2,61
17,-2,61
17,-2,61
18,-2,61
18,-3,61
18,-3,61
17,-2,61
17,-2,61
18,-2,61
18,-2,61
17,-3,61
18,-2,61
18,-2,61
18,-3,61
17,-3,61
18,-3,61
18,-3,61
17,-3,61
17,-2,61
17,-2,61
17,-3,61
17,-2,61
17,-3,61
17,-3,61
17,-3,61
17,-3,61
17,-2,61
17,-3,61
18,-3,61
18,-3,61
17,-3,61
17,-3,61
17,-3,61
17,-3,61
17,-3,61
17,-3,61
16,-3,60
17,-4,60
17,-4,59
18,-3,61
19,-1,63
19,-1,63
19,-2,62
18,-2,61
18,-2,61
19,-2,61
19,-2,61
19,-2,61
19,-2,61
18,-2,61
17,-3,61
17,-3,61
17,-3,61
17,-3,61
18,-3,61
18,-3,61
18,-3,61
18,-3,61
18,-3,61
18,-3,61
18,-3,61
18,-3,61
18,-3,61
18,-3,61
18,-3,61
18,-3,61
17,-3,61
18,-3,61
18,-3,61
18,-3,61
18,-3,61
18,-3,61
18,-3,61
18,-2,61
18,-2,61
18,-2,61
18,-3,61
18,-3,61
18,-3,61
18,-3,61
18,-3,61
18,-3,61
18,-3,61
18,-2,61
18,-2,61
18,-2,61
18,-2,61
18,-3,61
18,-3,60
18,-3,61
18,-2,61
18,-2,61
18,-3,61
18,-2,61
18,-2,61
18,-2,61
18,-2,61
18,-2,61
18,-2,61
18,-3,61
18,-3,61
18,-3,61
18,-3,61
18,-3,61
17,-3,60
18,-3,59
19,-2,60
20,-1,63
20,-2,64
19,-2,62
18,-2,61
18,-3,60
17,-3,60
17,-4,59
17,-3,61
17,-3,61
18,-3,61
19,-3,61
18,-3,61
18,-3,61
18,-3,61
18,-2,61
17,-2,62
18,-2,61
18,-3,60
18,-2,61
19,-2,63
18,-2,63
18,-3,61
18,-3,59
18,-3,59
17,-3,60
18,-3,61
19,-2,61
19,-2,61
19,-2,62
19,-2,62
19,-3,61
19,-3,60
19,-3,60
20,-3,60
20,-4,60
20,-3,60
20,-3,60
18,-3,61
19,-3,61
19,-3,60
19,-3,60
19,-4,60
19,-4,60
19,-3,60
19,-3,61
19,-3,61
19,-3,61
19,-3,60
19,-3,61
19,-3,60
19,-3,60
19,-3,61
19,-3,61
19,-3,61
19,-3,61
19,-3,60
19,-3,60
19,-3,61
19,-3,61
19,-3,61
19,-3,61
19,-3,60
19,-3,60
19,-3,61
19,-3,61
19,-3,61
19,-3,61
19,-3,60
19,-3,61
19,-3,61
19,-3,60
19,-3,61
19,-3,61
19,-3,61
19,-3,61
19,-3,60
18,-3,60
18,-3,61
19,-3,61
19,-3,61
19,-3,61
19,-3,60
19,-3,60
19,-3,61
19,-3,61
19,-3,61
19,-3,61
19,-3,61
19,-3,61
19,-3,61
19,-3,61
19,-3,61
19,-3,61
19,-3,60
19,-3,61
19,-3,61
19,-3,61
19,-3,61
19,-3,61
19,-3,60
19,-3,60
19,-3,61
19,-3,61
19,-3,61
19,-3,61
19,-3,60
19,-3,60
19,-3,60
19,-3,61
19,-3,61
19,-3,61
19,-3,61
19,-3,60
19,-3,61
19,-3,61
19,-3,61
19,-3,61
19,-3,61
19,-3,61
19,-3,61
19,-3,60
19,-3,61
19,-3,61
19,-3,61
19,-3,61
19,-3,61
19,-3,61
19,-3,61
19,-3,61
19,-3,61
19,-3,61
19,-3,61
19,-3,61
18,-3,61
19,-3,60
19,-3,61
19,-3,61
19,-3,61
19,-3,61
19,-3,60
19,-3,61
19,-3,61
19,-3,61
19,-3,61
19,-3,60
19,-3,61
19,-3,61
19,-3,61
19,-3,61
19,-3,61
19,-3,60
19,-3,60
19,-3,60
19,-3,61
19,-3,61
19,-3,61
19,-3,61
19,-3,61
19,-3,60
19,-3,61
19,-3,60
19,-3,61
19,-3,61
19,-3,61
19,-3,61
19,-3,61
19,-3,61
19,-3,60
19,-3,61
19,-3,60
19,-3,61
19,-3,61
19,-3,61
19,-3,60
19,-3,61
19,-3,61
19,-3,61
19,-3,61
19,-3,60
19,-3,61
19,-3,61
19,-3,61
19,-3,61
19,-3,60
19,-3,61
19,-3,61
19,-3,61
19,-3,61
19,-3,61
19,-3,60
19,-3,61
19,-3,61
19,-3,61
19,-3,61
19,-3,61
19,-3,61
19,-3,61
19,-3,61
19,-3,60
19,-3,61
19,-3,61
19,-3,61
19,-3,61
19,-3,61
19,-3,61
19,-3,61
19,-3,61
19,-3,61
19,-3,60
19,-3,61
19,-3,61
19,-3,61
19,-3,61
19,-3,61
19,-3,61
19,-3,61
19,-3,61
19,-3,61
19,-3,61
19,-3,61
19,-3,61
19,-3,61
19,-3,61
19,-3,61
18,-3,60
19,-3,61
19,-3,61
19,-3,61
19,-3,61
19,-3,61
18,-3,61
19,-3,61
19,-3,61
19,-3,61
19,-3,60
19,-3,60
19,-3,60
19,-3,61
19,-3,61
19,-3,61
18,-3,60
19,-3,60
19,-3,60
19,-3,61
19,-3,61
19,-3,61
19,-3,61
19,-3,61
19,-3,61
19,-3,61
19,-3,61
19,-3,61
19,-3,61
19,-3,61
19,-3,61
19,-3,61
19,-3,60
19,-3,60
19,-3,61
19,-3,61
19,-3,61
19,-3,61
19,-3,61
19,-3,61
19,-3,61
19,-3,61
19,-3,61
19,-3,61
19,-3,61
19,-3,61
18,-3,61
19,-3,61
19,-3,61
19,-3,61
19,-3,60
19,-3,60
19,-3,61
19,-3,61
19,-3,61
19,-3,61
19,-3,61
19,-3,60
19,-3,60
19,-3,61
19,-3,61
19,-3,61
19,-3,61
19,-3,60
19,-3,61
19,-3,61
19,-3,61
19,-3,60
19,-3,60
19,-3,61
19,-3,61
19,-3,61
19,-3,61
19,-3,61
19,-3,61
19,-3,61
19,-3,61
19,-3,61
19,-3,61
19,-3,61
19,-3,61
19,-3,61
19,-3,60
19,-3,60
19,-3,60
19,-3,60
19,-3,61
19,-3,61
19,-3,61
19,-3,61
19,-3,61
19,-3,61
19,-3,61
19,-3,61
18,-3,61
18,-3,61
19,-3,60
19,-3,61
19,-3,61
18,-3,61
19,-3,60
19,-3,60
19,-3,61
19,-3,61
19,-3,61
19,-3,61
19,-3,61
19,-3,61
19,-3,61
19,-3,60
19,-3,61
19,-3,61
19,-3,61
19,-3,61
19,-3,61
19,-3,61
19,-3,61
19,-3,61
19,-3,61
19,-3,61
19,-3,61
19,-3,61
19,-3,61
19,-3,61
19,-3,61
19,-3,61
19,-3,61
19,-3,61
19,-3,61
19,-3,61
19,-3,61
19,-3,61
19,-3,61
19,-3,60
19,-3,61
19,-3,61
19,-3,61
19,-3,61
19,-3,61
19,-3,61
19,-3,61
19,-3,61
19,-3,61
19,-3,61
19,-3,61
19,-3,60
19,-3,60
19,-3,60
19,-3,61
19,-3,61
19,-3,61
18,-3,60
19,-3,61
19,-3,61
19,-3,61
19,-3,60
19,-3,61
19,-3,61
19,-3,60
19,-3,61
19,-3,61
19,-3,61
19,-3,60
19,-3,60
19,-3,61
19,-3,60
19,-3,61
19,-3,61
19,-3,61
19,-3,61
19,-3,61
19,-3,61
19,-3,61
19,-3,61
19,-3,61
19,-3,61
19,-3,60
19,-3,61
19,-3,61
19,-3,61
19,-3,61
19,-3,60
19,-3,60
19,-3,60
19,-3,60
19,-3,60
19,-3,61
19,-3,61
19,-3,61
19,-3,61
19,-3,60
19,-3,61
19,-3,61
19,-3,61
19,-3,61
18,-3,60
19,-3,60
19,-3,61
19,-3,61
19,-3,61
19,-3,61
19,-3,61
19,-3,61
19,-3,61
19,-3,61
19,-3,61
19,-3,61
19,-3,61
19,-3,61
19,-3,61
19,-3,61
19,-3,61
19,-3,60
19,-3,60
19,-3,61
19,-3,61
19,-3,60
19,-3,60
19,-3,61
19,-3,61
19,-3,61
19,-3,60
19,-3,61
19,-3,61
19,-3,61
19,-3,61
19,-3,61
19,-3,61
19,-3,61
19,-3,61
19,-3,61
19,-3,61
19,-3,61
19,-3,61
19,-3,60
19,-3,60
20,-3,61
19,-3,61
19,-3,60
19,-3,60
19,-3,60
18,-3,61
18,-3,61
19,-3,61
19,-3,61
18,-3,61
19,-3,61
19,-3,60
19,-3,61
18,-2,61
19,-3,61
19,-3,61
19,-3,61
19,-3,60
19,-3,60
19,-3,61
19,-2,61
19,-3,61
19,-3,60
19,-3,61
19,-3,60
18,-3,60
19,-3,61
19,-2,61
19,-2,61
19,-3,61
19,-3,60
19,-3,60
19,-3,61
19,-2,61
19,-2,61
19,-3,61
19,-2,61
19,-3,60
19,-3,60
19,-3,60
19,-2,60
19,-2,61
19,-2,61
19,-2,61
19,-2,60
19,-2,60
19,-2,61
19,-2,61
19,-2,61
19,-2,61
19,-2,61
19,-2,60
19,-2,61
19,-2,61
19,-2,61
19,-2,60
19,-2,60
19,-2,61
19,-2,61
19,-2,61
19,-2,61
19,-3,61
19,-3,60
19,-3,60
19,-3,61
19,-2,61
19,-2,61
19,-2,61
19,-2,61
19,-2,61
19,-2,61
19,-2,61
19,-2,61
19,-2,61
19,-2,61
19,-3,60
19,-2,60
19,-2,61
19,-2,61
19,-3,61
19,-3,61
19,-2,60
19,-2,61
19,-2,61
19,-2,61
19,-2,61
19,-2,61
19,-2,61
19,-2,61
19,-2,60
19,-2,61
19,-2,61
19,-3,61
19,-2,61
19,-2,61
19,-3,61
19,-3,61
19,-2,60
19,-2,61
19,-2,61
19,-2,61
19,-3,61
19,-2,60
19,-2,61
19,-2,61
19,-2,61
19,-2,61
19,-2,61
19,-2,60
19,-2,61
19,-2,61
19,-2,61
19,-2,61
19,-2,61
19,-2,61
19,-2,61
19,-2,61
19,-2,60
19,-3,61
19,-2,61
19,-2,61
19,-2,61
19,-2,61
19,-2,60
19,-2,61
19,-2,61
19,-2,61
19,-2,61
19,-2,61
19,-2,60
19,-2,61
19,-2,61
19,-2,61
19,-2,61
19,-2,61
19,-2,61
19,-2,60
19,-2,61
19,-2,61
19,-3,61
19,-2,61
19,-2,61
19,-2,61
19,-2,61
19,-2,61
19,-2,61
19,-2,61
19,-2,61
19,-2,61
19,-2,61
19,-2,61
19,-2,61
19,-3,61
19,-2,61
19,-2,61
19,-2,61
19,-3,61
19,-2,60
19,-2,61
19,-2,61
19,-2,61
19,-2,61
19,-2,60
19,-2,60
19,-2,61
19,-2,60
19,-2,61
19,-2,61
19,-2,61
19,-2,60
19,-2,60
19,-2,61
19,-2,61
19,-2,61
19,-2,60
19,-2,60
19,-2,61
19,-2,61
19,-2,61
19,-2,61
19,-2,61
19,-3,61
19,-3,61
19,-2,60
19,-2,61
19,-2,61
19,-2,61
19,-2,61
19,-2,61
19,-2,61
19,-2,61
19,-2,61
19,-2,61
19,-2,61
19,-3,60
19,-3,60
19,-3,60
19,-2,61
19,-2,61
19,-3,61
18,-3,61
18,-3,61
19,-3,60
19,-3,61
19,-3,61
19,-2,61
19,-2,61
19,-2,61
19,-2,61
19,-2,61
19,-2,61
19,-2,61
19,-2,61
19,-2,61
19,-2,60
19,-2,61
19,-2,61
19,-2,61
19,-2,60
19,-2,61
19,-2,61
19,-2,61
19,-2,60
19,-2,61
19,-2,61
19,-2,61
19,-2,61
19,-2,61
19,-2,61
19,-2,60
19,-2,61
19,-2,61
19,-2,60
19,-2,61
19,-2,61
19,-2,61
19,-2,61
19,-2,61
20,-2,60
19,-2,61
19,-2,61
19,-2,61
19,-2,61
19,-2,61
19,-2,61
19,-2,61
19,-2,60
19,-2,61
19,-2,61
19,-2,61
19,-2,61
19,-2,61
19,-2,61
19,-2,61
19,-2,61
19,-2,61
19,-2,61
19,-2,60
19,-2,61
19,-2,60
19,-2,61
19,-2,61
19,-3,61
19,-2,61
19,-2,61
19,-2,61
19,-2,61
19,-2,61
19,-2,61
19,-2,61
19,-2,61
19,-2,61
19,-2,60
19,-2,61
19,-2,61
19,-2,60
19,-2,61
19,-2,61
19,-2,61
19,-2,60
19,-2,61
19,-2,61
19,-2,61
19,-2,61
19,-2,61
19,-2,61
19,-2,61
19,-2,60
19,-2,61
19,-2,61
19,-2,61
19,-2,61
19,-2,61
19,-2,61
19,-2,61
19,-2,61
19,-2,60
19,-2,60
19,-2,61
19,-2,61
19,-2,61
19,-2,61
19,-2,61
19,-2,61
19,-2,61
19,-2,61
19,-2,61
19,-2,61
19,-2,61
19,-2,60
19,-2,61
19,-2,60
19,-2,61
19,-2,61
19,-2,61
19,-2,61
19,-2,61
19,-2,60
19,-2,60
19,-2,61
19,-2,61
19,-2,61
19,-2,61
19,-2,61
19,-2,61
19,-2,61
19,-2,61
19,-2,61
19,-2,61
19,-2,61
19,-2,61
19,-2,60
19,-2,61
19,-2,61
19,-2,60
19,-2,61
19,-2,61
19,-2,61
19,-2,60
19,-2,61
19,-2,61
19,-2,61
19,-2,61
19,-2,61
19,-2,61
19,-2,61
19,-2,61
19,-2,60
19,-2,61
19,-2,61
19,-2,61
19,-2,60
19,-2,60
19,-2,60
19,-2,61
19,-2,60
19,-2,60
19,-2,60
19,-2,61
19,-2,61
19,-2,61
19,-2,60
19,-2,61
19,-2,61
19,-2,61
19,-2,61
19,-2,61
19,-2,61
19,-2,61
19,-2,61
19,-2,61
19,-2,61
19,-2,60
19,-2,61
19,-2,61
19,-2,61
19,-2,61
19,-2,61
19,-2,60
19,-2,61
19,-2,61
19,-2,61
19,-2,61
19,-2,61
19,-2,61
19,-2,61
19,-2,61
19,-2,61
19,-2,60
19,-2,61
19,-2,61
19,-3,61
19,-2,61
19,-2,61
19,-2,61
19,-2,61
19,-2,61
19,-2,61
19,-2,60
19,-2,61
19,-2,61
19,-2,61
19,-2,60
19,-2,61
19,-2,61
19,-2,61
19,-2,60
19,-2,61
19,-2,61
19,-2,60
19,-2,60
19,-2,60
19,-2,61
19,-2,61
19,-2,61
19,-2,60
19,-2,60
19,-2,61
19,-2,61
19,-2,61
19,-2,61
19,-2,61
19,-2,61
19,-2,60
19,-2,60
19,-2,61
19,-2,61
19,-2,60
19,-2,61
19,-2,61
19,-2,60
19,-2,61
19,-2,61
19,-2,61
19,-2,61
20,-2,60
19,-2,61
19,-2,60
19,-2,61
20,-2,60
19,-2,60
19,-2,60
19,-2,60
19,-2,61
19,-2,61
19,-2,60
19,-2,60
19,-2,61
19,-2,61
19,-2,61
19,-2,60
19,-2,61
19,-2,61
19,-2,60
19,-2,61
19,-2,61
19,-2,61
19,-2,61
19,-2,61
19,-2,61
19,-2,61
19,-2,61
19,-2,61
19,-2,61
19,-2,61
19,-2,61
19,-2,61
19,-2,61
19,-3,60
18,-3,60
16,-2,60
18,-3,60
20,-2,61
21,-2,63
18,-1,64
14,2,69
15,1,69
18,-2,64
17,-4,59
14,-7,57
11,-8,60
10,-8,61
11,-7,63
9,-7,64
5,-7,62
6,-8,62
7,-12,58
7,-13,55
8,-11,56
11,-8,62
10,-8,64
11,-7,66
17,-7,69
14,-7,66
7,-9,63
8,-13,57
8,-12,58
7,-9,58
8,-6,60
12,-9,61
12,-10,60
11,-9,59
13,-7,59
15,-6,63
15,-7,65
14,-7,66
13,-5,66
13,-5,66
10,-4,63
11,-4,62
12,-5,63
11,-6,62
11,-7,61
12,-7,61
12,-6,60
13,-6,60
13,-6,61
15,-6,61
13,-4,63
12,-3,64
11,-3,64
12,-3,64
14,-4,63
14,-3,63
13,-3,63
11,-4,63
10,-4,63
11,-4,63
11,-4,62
12,-4,63
9,-6,60
10,-6,60
12,-6,61
13,-6,62
13,-5,63
13,-4,63
12,-2,63
11,-3,63
11,-4,62
12,-3,62
13,-4,62
13,-5,61
13,-5,61
15,-3,62
12,0,63
14,-5,65
14,-6,63
14,-5,60
15,-3,60
19,0,62
19,-2,63
14,-5,63
16,-4,63
19,-3,62
21,-3,65
18,-3,64
20,-5,61
22,-6,59
23,-8,56
21,-9,55
18,-11,56
17,-10,57
16,-8,57
17,-8,58
20,-8,57
24,-7,58
24,-7,58
27,-7,57
26,-6,57
24,-4,59
24,-1,63
24,-2,62
29,-3,61
27,-4,59
25,-4,59
22,-3,59
22,-3,60
23,-4,59
24,-4,58
26,-4,57
25,-4,58
24,-4,58
23,-4,59
23,-4,58
24,-3,59
25,-4,59
25,-4,59
25,-3,59
25,-3,59
24,-4,59
24,-4,59
24,-5,58
24,-4,58
24,-4,58
24,-4,59
24,-4,58
24,-4,59
24,-4,58
24,-4,59
23,-3,59
24,-3,59
26,-4,59
27,-4,59
25,-5,59
23,-5,58
22,-4,58
21,-5,60
22,-5,60
23,-5,59
24,-6,58
23,-5,58
23,-5,59
23,-5,59
23,-5,59
24,-5,59
23,-5,59
23,-5,58
23,-5,58
23,-5,59
23,-5,59
23,-5,59
23,-5,59
23,-5,59
23,-5,59
23,-5,59
24,-5,59
24,-5,59
23,-5,59
23,-5,59
23,-5,59
23,-5,59
23,-5,59
23,-5,59
23,-6,58
23,-6,58
23,-5,59
23,-5,60
23,-5,60
23,-5,59
24,-4,59
24,-5,59
24,-5,58
24,-5,59
24,-5,59
23,-5,59
23,-5,59
24,-5,59
24,-5,59
24,-5,59
23,-5,59
23,-5,59
23,-5,59
23,-5,59
23,-5,59
23,-5,59
23,-5,59
23,-5,59
23,-5,59
24,-5,59
23,-5,59
23,-5,59
23,-5,59
23,-5,59
23,-5,59
23,-5,59
23,-5,59
23,-5,59
23,-5,59
23,-5,59
23,-5,59
23,-5,59
23,-5,59
23,-5,59
23,-5,59
23,-6,59
23,-6,59
23,-6,58
23,-5,58
23,-5,59
23,-5,60
23,-5,59
23,-5,59
23,-5,59
23,-5,59
23,-5,59
23,-5,59
23,-5,59
23,-5,59
23,-4,60
23,-5,59
23,-5,59
23,-5,59
23,-5,59
23,-5,59
23,-5,59
23,-5,59
23,-5,59
23,-5,59
24,-5,59
23,-5,59
23,-5,59
23,-5,59
23,-4,59
23,-5,59
23,-5,59
23,-5,59
23,-5,59
23,-5,59
23,-5,59
23,-5,59
23,-5,59
23,-5,59
23,-6,59
22,-5,59
22,-5,59
23,-5,59
24,-5,59
24,-5,59
23,-5,59
23,-4,59
23,-4,59
23,-4,59
23,-4,59
24,-4,59
25,-4,59
25,-4,59
23,-4,59
22,-4,59
23,-4,59
24,-4,59
24,-4,59
24,-4,60
23,-4,59
23,-4,59
23,-4,59
24,-4,60
24,-4,60
23,-4,59
23,-4,59
23,-4,59
23,-5,59
23,-4,59
23,-4,59
23,-5,59
22,-5,58
23,-5,59
16,-7,58
24,-6,57
24,-5,59
22,-4,59
23,-4,59
23,-5,59
23,-4,59
23,-4,59
23,-5,59
23,-5,59
23,-4,59
23,-5,59
23,-4,59
23,-5,59
23,-4,59
23,-4,59
23,-4,59
23,-5,59
23,-4,59
23,-5,59
23,-4,59
23,-4,59
23,-4,59
23,-4,59
23,-4,59
23,-4,59
23,-4,59
23,-4,59
23,-4,59
23,-4,59
23,-4,59
23,-4,59
23,-4,59
23,-4,59
24,-4,59
24,-4,59
23,-4,59
24,-4,59
23,-4,59
23,-4,59
24,-4,59
23,-4,59
23,-4,59
23,-4,59
23,-4,59
23,-4,59
23,-4,59
23,-4,59
23,-4,59
23,-4,59
23,-4,59
23,-4,59
23,-4,59
23,-4,59
23,-4,59
23,-4,59
23,-4,59
23,-4,59
23,-4,59
24,-4,59
23,-4,59
23,-4,59
23,-4,59
23,-4,59
23,-4,59
23,-4,59
23,-4,59
23,-4,59
23,-4,59
23,-4,59
24,-4,59
23,-4,59
23,-4,59
23,-4,59
23,-4,59
23,-4,59
23,-4,59
23,-4,59
23,-4,59
23,-4,59
23,-4,59
23,-4,59
23,-4,59
23,-4,59
23,-4,59
23,-4,59
23,-4,59
23,-4,59
23,-4,59
23,-4,59
23,-4,59
23,-4,59
23,-4,60
23,-4,59
24,-4,59
23,-4,59
23,-4,59
23,-4,59
23,-4,59
23,-4,59
23,-4,59
23,-4,59
23,-4,59
23,-4,59
23,-4,59
23,-4,59
23,-4,59
23,-4,59
23,-4,59
23,-4,59
23,-4,59
23,-4,59
23,-4,59
23,-4,59
23,-4,59
23,-4,59
23,-4,59
23,-4,59
23,-4,59
23,-4,59
23,-4,59
23,-4,59
23,-4,59
23,-4,59
23,-4,59
23,-4,59
23,-4,59
23,-4,59
24,-4,59
23,-4,59
23,-4,58
23,-4,58
24,-4,58
24,-4,59
22,-2,61
23,-2,62
23,-3,61
23,-4,59
23,-4,59
21,-5,59
21,-5,58
21,-5,58
20,-4,59
21,-4,60
22,-3,60
23,-3,60
22,-3,60
22,-3,60
22,-3,60
21,-3,59
21,-3,60
23,-3,60
24,-3,60
23,-3,60
23,-3,60
23,-3,59
22,-3,59
21,-4,59
21,-3,60
22,-4,59
22,-4,59
22,-4,59
22,-4,59
21,-3,59
22,-3,59
23,-3,59
23,-4,59
24,-4,59
23,-3,59
23,-3,60
23,-3,59
23,-3,59
23,-3,59
23,-4,59
24,-4,59
23,-3,59
23,-4,60
23,-4,59
23,-4,59
23,-4,59
23,-4,59
22,-4,59
22,-4,59
22,-4,59
23,-4,59
23,-4,59
23,-4,59
23,-3,60
23,-3,60
23,-3,60
23,-3,59
23,-3,59
23,-3,59
23,-3,60
22,-3,59
23,-4,59
22,-3,59
22,-4,59
22,-3,60
22,-3,59
22,-4,59
22,-4,59
23,-4,59
23,-4,59
23,-3,60
23,-3,60
22,-3,60
23,-3,59
22,-3,59
23,-3,60
23,-3,59
23,-4,59
23,-3,59
23,-3,59
23,-3,60
23,-3,60
23,-4,59
22,-4,59
21,-4,59
22,-4,59
23,-4,59
23,-4,59
23,-3,60
23,-3,59
22,-4,59
22,-3,59
23,-4,59
23,-4,59
23,-3,60
23,-4,59
23,-4,59
22,-4,59
23,-4,59
23,-4,60
23,-4,59
22,-4,59
22,-4,59
23,-4,60
23,-4,60
23,-4,59
22,-3,59
22,-4,59
23,-4,59
23,-3,59
23,-3,60
23,-3,59
23,-4,59
23,-4,59
23,-4,59
23,-4,59
23,-4,60
23,-4,59
23,-4,59
23,-4,59
23,-4,60
23,-4,59
22,-4,59
22,-3,59
23,-3,60
23,-4,59
23,-4,59
23,-4,59
23,-3,59
23,-3,60
23,-3,60
22,-3,60
22,-4,59
22,-4,59
23,-4,59
22,-4,59
22,-4,60
22,-3,60
23,-4,60
24,-4,59
24,-4,59
23,-4,59
22,-4,59
21,-3,60
20,-4,59
20,-5,58
22,-4,58
24,-3,59
27,-2,60
30,-2,63
28,-1,62
26,-3,61
24,-3,61
23,-3,60
16,-6,58
13,-6,57
11,-5,57
12,-5,58
17,-4,61
19,-3,62
21,-2,63
21,-3,63
21,-3,62
21,-3,61
20,-3,61
19,-3,60
17,-4,59
16,-5,60
16,-5,59
19,-4,60
21,-3,60
22,-3,60
24,-3,60
24,-3,61
23,-2,61
21,-2,60
22,-2,60
23,-3,60
23,-2,60
25,-3,59
25,-3,59
23,-3,59
23,-2,60
22,-2,61
20,-2,61
20,-2,61
20,-3,60
21,-4,59
21,-4,58
21,-4,58
20,-4,59
20,-4,60
20,-4,60
20,-4,59
21,-4,59
21,-4,59
21,-4,59
20,-4,59
21,-2,61
22,-3,61
23,-3,60
23,-3,60
23,-3,60
21,-3,61
21,-3,61
18,-3,60
18,-3,59
20,-4,59
22,-3,60
22,-3,60
23,-3,60
23,-3,60
22,-2,61
20,-2,61
20,-2,61
19,-3,59
20,-3,59
22,-3,60
23,-3,60
22,-3,60
20,-3,61
20,-3,61
21,-3,60
21,-4,60
21,-4,59
20,-4,59
21,-3,60
21,-3,61
21,-3,61
20,-3,61
20,-3,60
20,-4,59
21,-4,60
20,-3,60
21,-4,60
21,-4,60
21,-4,59
21,-4,60
21,-4,60
21,-4,60
21,-4,60
20,-3,60
21,-3,60
22,-3,60
21,-3,60
20,-3,59
19,-3,60
20,-3,60
23,-3,60
25,-2,60
26,-2,60
22,-2,60
22,-2,60
23,-3,60
23,-3,58
20,-3,59
17,-2,60
18,-1,60
24,-3,59
25,-3,59
24,-2,59
24,-1,59
25,-1,61
24,-1,60
23,-2,60
23,-2,59
23,-2,59
24,-3,59
24,-2,60
23,-2,59
21,-3,58
21,-3,59
21,-2,60
22,-3,59
23,-3,59
23,-2,59
23,-2,60
23,-2,60
23,-2,59
23,-2,60
24,-2,60
23,-2,59
23,-2,60
23,-2,60
23,-3,60
23,-2,59
23,-3,59
23,-2,60
23,-2,60
22,-3,60
22,-3,60
21,-3,59
22,-4,59
22,-4,59
22,-3,59
22,-2,60
22,-3,60
21,-3,60
21,-3,60
21,-4,59
21,-3,60
21,-3,60
21,-3,60
21,-3,60
21,-4,60
21,-3,59
22,-3,60
22,-4,59
22,-4,59
21,-4,59
20,-3,59
21,-3,60
22,-3,60
22,-3,60
22,-3,60
21,-3,59
22,-4,59
23,-3,59
23,-2,61
23,-2,61
21,-2,61
21,-3,61
21,-3,59
21,-4,58
22,-4,58
23,-4,59
22,-3,59
22,-2,60
22,-2,60
23,-3,60
23,-3,60
22,-3,59
21,-3,59
22,-3,59
22,-3,60
22,-3,60
22,-2,60
21,-3,60
22,-3,60
23,-3,59
23,-3,59
21,-2,60
21,-3,60
22,-3,60
22,-3,60
23,-2,60
22,-2,60
22,-2,60
22,-3,59
22,-3,59
22,-3,59
22,-3,60
22,-3,59
22,-3,60
22,-3,60
23,-3,60
22,-3,60
22,-3,60
22,-2,60
22,-2,60
23,-2,60
22,-3,59
22,-3,59
22,-3,60
22,-3,59
22,-3,60
22,-2,60
22,-3,60
22,-3,59
23,-3,60
22,-3,60
22,-3,60
22,-3,60
22,-3,59
22,-3,59
22,-2,60
22,-3,60
22,-3,60
22,-3,60
22,-2,60
22,-3,60
22,-3,60
22,-2,60
22,-3,59
22,-3,59
22,-3,60
22,-3,60
22,-2,60
22,-2,60
22,-3,59
22,-3,60
21,-3,59
22,-3,59
22,-3,60
22,-3,60
22,-2,60
22,-3,60
22,-3,59
23,-3,59
22,-2,59
22,-3,59
22,-3,60
22,-3,60
22,-2,60
22,-3,59
21,-3,59
22,-3,59
22,-2,60
22,-2,60
22,-2,60
22,-3,59
22,-3,59
22,-3,60
22,-2,60
22,-2,60
22,-3,60
22,-3,59
22,-3,60
22,-3,60
22,-3,60
22,-3,60
22,-2,60
22,-2,60
24,-3,60
23,-3,59
21,-3,60
21,-3,60
22,-3,60
22,-3,60
22,-3,60
22,-3,60
21,-3,59
22,-3,59
22,-3,60
22,-3,60
22,-3,60
22,-3,59
22,-2,60
22,-2,60
23,-3,60
22,-2,60
22,-2,60
22,-3,59
22,-3,59
22,-3,60
22,-2,60
22,-3,59
22,-3,59
22,-3,59
22,-3,60
22,-2,60
22,-3,60
22,-3,60
22,-3,60
22,-3,60
22,-3,60
22,-3,60
22,-3,59
22,-3,60
22,-3,60
22,-3,59
22,-3,59
22,-3,60
22,-3,60
22,-3,60
22,-3,60
22,-3,60
22,-3,60
22,-3,60
22,-3,60
22,-3,60
22,-3,60
22,-3,60
22,-3,60
22,-3,60
22,-2,60
22,-3,60
22,-3,60
22,-2,60
22,-3,60
22,-3,59
22,-3,59
22,-2,60
22,-3,60
22,-3,60
22,-2,60
22,-3,60
22,-3,60
22,-3,59
22,-3,60
22,-2,60
22,-2,60
22,-3,59
22,-3,60
22,-3,60
22,-3,59
22,-3,60
22,-3,60
22,-3,60
22,-2,60
22,-3,59
22,-3,60
22,-3,60
22,-3,60
22,-3,60
22,-3,60
22,-3,60
22,-2,60
22,-2,60
22,-3,60
22,-3,60
22,-2,60
22,-3,60
22,-3,59
22,-3,59
22,-3,60
22,-2,60
22,-3,60
22,-3,59
22,-3,60
22,-3,60
22,-3,60
22,-3,59
22,-2,60
22,-3,60
22,-3,59
22,-3,60
22,-3,59
22,-3,60
22,-3,60
22,-3,60
22,-3,59
22,-2,60
22,-3,60
22,-3,59
22,-2,60
22,-2,60
22,-3,60
22,-3,60
22,-3,60
22,-3,59
22,-2,59
22,-3,60
22,-3,60
22,-3,60
22,-2,60
22,-3,60
22,-3,60
22,-3,60
22,-3,60
22,-2,60
22,-2,60
22,-3,60
22,-3,60
22,-2,60
22,-3,60
22,-3,59
22,-3,60
22,-3,60
22,-3,60
22,-3,60
22,-2,60
22,-2,60
22,-3,60
22,-3,59
22,-3,60
22,-3,59
22,-3,60
22,-2,60
22,-3,60
22,-3,59
22,-2,60
22,-3,60
22,-3,60
22,-2,59
22,-3,60
22,-3,60
22,-2,60
22,-2,60
22,-2,60
22,-3,60
22,-3,60
22,-2,59
22,-3,59
23,-3,60
22,-2,60
23,-2,59
23,-3,59
23,-2,59
22,-2,60
23,-3,60
22,-2,59
22,-3,59
22,-3,59
23,-2,59
22,-2,60
22,-3,59
22,-2,60
22,-2,60
22,-3,59
22,-3,59
22,-2,60
22,-2,60
23,-2,60
22,-3,60
22,-3,59
22,-2,60
22,-2,60
22,-3,59
22,-3,60
22,-3,60
22,-3,59
22,-3,59
22,-2,60
22,-3,59
22,-3,60
22,-2,60
23,-3,60
22,-3,59
23,-3,60
22,-3,60
23,-2,60
22,-3,59
22,-3,60
22,-3,59
22,-3,60
22,-2,60
23,-3,60
22,-2,59
22,-3,60
23,-3,60
22,-3,60
22,-2,60
22,-3,60
22,-3,59
22,-3,60
22,-2,60
23,-2,60
22,-3,60
22,-3,60
22,-3,59
22,-2,59
22,-3,60
22,-3,60
22,-2,60
22,-3,59
22,-3,60
22,-3,59
22,-3,59
22,-3,59
22,-3,60
22,-3,60
22,-2,59
22,-3,59
22,-2,60
23,-2,60
23,-2,60
22,-3,59
22,-3,59
22,-2,60
22,-2,60
22,-2,59
22,-3,60
22,-3,59
22,-3,60
22,-2,60
22,-3,59
22,-2,59
22,-3,60
22,-3,59
22,-2,60
22,-3,59
22,-3,60
22,-2,59
22,-2,60
22,-3,60
22,-2,60
22,-2,60
22,-2,60
22,-3,60
22,-2,59
22,-2,60
22,-3,59
22,-3,60
22,-3,60
23,-2,60
22,-2,60
22,-3,59
22,-3,59
22,-2,60
22,-2,60
22,-2,60
22,-3,60
22,-3,60
22,-3,59
22,-3,59
22,-3,59
22,-3,60
22,-3,60
22,-3,60
22,-2,60
22,-3,59
22,-2,60
22,-3,60
22,-2,60
22,-3,59
22,-3,59
22,-2,60
22,-2,60
22,-2,59
22,-3,59
22,-2,60
22,-2,60
22,-3,60
22,-3,60
22,-2,59
22,-2,60
22,-2,60
22,-3,59
22,-3,59
22,-2,59
22,-2,60
22,-2,60
22,-3,60
22,-3,59
22,-2,60
22,-2,60
22,-2,59
22,-2,59
22,-2,60
22,-2,60
22,-2,60
22,-2,60
22,-3,60
22,-2,60
22,-3,59
22,-3,60
22,-3,59
22,-2,60
22,-3,60
22,-2,60
22,-3,60
22,-2,60
22,-2,60
22,-3,59
22,-2,60
22,-2,60
22,-2,60
22,-2,60
22,-3,59
22,-3,60
22,-2,59
22,-2,59
22,-3,60
22,-3,59
22,-3,59
22,-2,60
22,-2,60
22,-2,60
22,-2,60
22,-2,59
22,-3,60
22,-3,60
22,-3,60
22,-2,60
22,-3,59
22,-3,60
22,-2,60
22,-3,60
22,-3,59
22,-2,60
22,-3,59
22,-2,60
22,-2,60
22,-3,59
22,-3,59
22,-2,60
22,-3,60
22,-2,60
22,-3,60
22,-2,59
22,-2,60
22,-3,60
22,-2,60
22,-2,60
22,-2,60
22,-2,60
22,-2,60
22,-2,59
22,-2,60
22,-2,59
22,-2,60
22,-2,59
22,-3,59
22,-3,60
22,-2,60
22,-3,60
22,-3,60
22,-3,59
22,-2,60
22,-3,59
22,-2,60
22,-2,60
22,-3,60
22,-2,60
22,-3,60
22,-3,59
22,-2,60
22,-2,60
22,-2,60
22,-3,59
22,-2,60
22,-3,60
22,-2,60
22,-3,60
22,-3,59
22,-3,60
22,-2,59
22,-3,60
22,-3,59
22,-2,60
22,-2,60
22,-3,60
22,-2,60
22,-3,60
22,-3,60
22,-2,59
22,-2,60
22,-2,59
22,-3,60
22,-3,60
22,-3,59
22,-3,59
22,-2,60
22,-2,60
22,-3,60
22,-2,60
22,-2,60
22,-2,60
22,-2,59
22,-2,60
22,-2,60
22,-3,60
22,-3,60
22,-2,60
22,-2,60
22,-2,60
22,-3,60
22,-2,60
22,-2,60
22,-2,60
22,-3,60
22,-3,60
22,-2,59
22,-2,60
22,-3,60
22,-2,60
22,-2,59
22,-2,60
22,-2,60
22,-3,59
22,-3,60
22,-2,60
22,-2,60
22,-3,60
22,-3,60
22,-2,60
22,-2,60
22,-3,59
22,-3,60
22,-2,60
22,-3,60
22,-2,60
22,-2,60
22,-2,60
22,-2,60
22,-2,60
22,-3,60
22,-2,60
22,-3,59
22,-3,59
22,-2,60
22,-3,59
22,-3,60
22,-3,59
22,-3,60
22,-2,60
22,-3,59
22,-3,60
22,-3,60
22,-2,60
22,-3,60
22,-3,60
22,-2,60
22,-2,60
22,-2,60
22,-2,60
22,-3,59
22,-3,59
22,-3,60
22,-3,60
22,-3,60
22,-2,60
22,-2,60
22,-2,60
22,-2,60
22,-2,60
22,-3,60
22,-3,60
22,-3,59
22,-2,60
22,-2,59
22,-2,60
22,-3,59
22,-3,60
22,-3,60
22,-2,59
22,-2,60
22,-2,60
22,-3,59
22,-2,60
22,-2,60
22,-3,60
22,-2,60
22,-2,60
22,-3,60
22,-2,60
22,-2,60
22,-3,60
22,-3,59
22,-2,59
22,-3,60
22,-3,59
22,-2,60
22,-2,60
22,-2,60
22,-3,60
22,-3,60
22,-2,60
22,-3,60
22,-3,60
22,-3,60
22,-2,60
22,-2,60
22,-3,60
22,-3,60
22,-2,60
22,-2,60
22,-3,59
22,-2,60
22,-2,60
22,-2,60
22,-2,60
22,-3,60
22,-3,60
22,-2,60
22,-2,60
22,-3,60
22,-3,59
22,-3,60
22,-2,60
22,-3,60
22,-3,60
22,-2,60
22,-2,60
22,-3,59
22,-3,59
22,-2,60
22,-2,60
22,-3,59
22,-2,60
22,-3,60
22,-3,60
22,-3,60
22,-2,60
22,-3,60
22,-3,59
22,-3,60
22,-2,60
22,-3,60
22,-3,59
22,-3,60
22,-2,60
22,-2,60
22,-3,60
22,-2,60
22,-3,60
22,-3,60
22,-3,60
22,-2,60
22,-3,60
22,-3,59
22,-3,60
22,-3,60
22,-2,60
22,-3,60
22,-3,60
22,-3,60
22,-2,60
22,-3,60
22,-2,60
22,-2,60
22,-3,59
22,-3,60
22,-3,60
22,-3,60
22,-3,59
22,-3,60
22,-2,59
22,-2,60
22,-3,59
22,-3,59
22,-3,60
22,-2,60
22,-3,60
22,-3,59
22,-3,60
22,-3,60
22,-3,60
22,-3,60
22,-3,59
22,-3,60
22,-3,60
22,-2,60
22,-2,60
22,-3,60
22,-3,59
22,-3,60
22,-2,60
22,-3,59
22,-2,60
22,-2,59
22,-2,60
22,-3,60
22,-2,60
22,-3,60
22,-2,59
22,-3,59
22,-2,60
22,-2,60
22,-2,60
22,-3,60
22,-3,60
22,-3,59
22,-2,60
22,-2,60
22,-3,60
22,-2,60
22,-3,60
22,-3,59
22,-2,60
22,-3,60
22,-3,60
22,-3,59
22,-3,60
22,-2,60
22,-3,60
22,-3,60
22,-3,60
22,-2,60
22,-3,60
22,-3,59
22,-3,60
22,-3,60
22,-3,60
22,-3,60
22,-3,60
22,-3,60
22,-2,60
22,-2,60
22,-2,60
22,-3,60
22,-3,59
23,-2,59
23,-3,60
22,-3,59
21,-2,60
22,-2,60
22,-3,59
22,-3,59
22,-3,59
22,-3,60
22,-3,60
22,-3,60
22,-3,59
22,-3,59
22,-3,60
22,-3,60
22,-3,60
22,-3,59
22,-3,60
22,-3,60
22,-3,60
22,-2,60
22,-3,60
22,-3,59
22,-3,60
22,-2,60
22,-3,59
22,-3,59
22,-3,59
22,-2,60
21,-2,60
22,-3,60
22,-3,60
22,-2,60
22,-2,60
22,-3,59
22,-3,59
22,-3,60
22,-2,60
22,-3,60
22,-3,60
22,-3,60
22,-3,60
22,-3,60
22,-3,59
22,-3,60
22,-3,60
22,-3,59
22,-2,60
22,-3,60
22,-3,60
22,-3,60
22,-3,60
22,-2,60
22,-3,59
22,-3,60
22,-3,59
22,-3,60
22,-2,60
22,-3,60
22,-3,60
22,-3,59
22,-3,60
22,-3,59
22,-2,60
22,-2,59
22,-3,60
22,-3,59
22,-3,59
22,-2,60
22,-2,60
22,-3,60
22,-3,60
22,-3,59
22,-2,60
22,-3,60
22,-3,59
22,-2,59
22,-2,60
22,-3,60
22,-3,60
22,-3,60
22,-3,60
22,-3,60
22,-3,59
22,-3,59
22,-2,60
22,-2,60
22,-3,60
22,-3,60
22,-2,60
22,-3,60
22,-3,60
22,-3,59
22,-2,60
22,-3,60
22,-3,59
22,-3,60
22,-3,59
22,-3,60
22,-3,60
22,-3,59
22,-3,59
22,-2,60
22,-3,60
22,-3,60
22,-3,60
22,-3,60
22,-3,60
22,-3,60
22,-3,60
22,-3,60
22,-3,60
22,-3,60
22,-3,60
22,-3,60
22,-3,60
22,-3,59
22,-3,60
22,-2,60
22,-3,60
22,-3,60
22,-3,59
22,-3,60
22,-2,60
22,-3,60
22,-3,60
22,-3,59
22,-2,60
22,-2,60
22,-3,59
22,-3,59
22,-3,59
22,-2,60
22,-2,60
22,-3,60
22,-3,60
22,-3,60
22,-2,60
22,-3,60
22,-3,60
22,-3,60
22,-3,60
22,-2,60
22,-3,60
22,-3,60
22,-3,60
22,-3,60
22,-3,59
22,-2,60
22,-2,60
22,-3,60
22,-3,60
22,-3,60
22,-3,60
22,-3,59
22,-3,60
22,-3,60
22,-2,60
22,-3,59
22,-3,60
22,-3,60
22,-3,60
22,-3,60
22,-3,60
22,-3,60
22,-3,60
22,-2,60
22,-2,60
22,-3,60
22,-3,60
22,-3,60
22,-3,59
22,-2,60
22,-2,60
22,-3,60
22,-3,60
22,-3,60
22,-3,59
22,-2,59
22,-2,60
22,-3,60
22,-3,60
22,-2,60
22,-3,60
22,-3,60
22,-3,60
22,-3,60
22,-3,59
22,-3,59
22,-3,60
22,-2,60
22,-3,60
22,-3,59
22,-3,59
22,-3,60
22,-3,60
22,-3,59
22,-3,59
22,-3,60
22,-3,60
22,-2,60
22,-3,59
22,-3,59
22,-2,60
22,-2,59
22,-3,60
22,-3,60
22,-3,60
22,-3,60
22,-2,60
22,-2,59
22,-3,59
22,-3,60
22,-2,60
22,-3,60
22,-3,60
22,-3,60
22,-2,60
22,-3,60
22,-3,60
22,-3,60
22,-3,59
22,-3,59
22,-2,60
22,-3,60
22,-3,60
22,-3,59
22,-2,60
22,-3,60
22,-2,59
22,-3,59
22,-3,60
22,-2,60
22,-2,60
22,-3,59
22,-3,60
22,-3,60
22,-3,60
22,-3,60
22,-3,60
22,-2,60
22,-3,59
22,-3,59
22,-3,59
22,-3,60
22,-2,60
22,-3,60
22,-3,60
22,-2,59
22,-2,60
22,-2,60
22,-2,59
22,-3,60
22,-3,60
22,-2,59
22,-3,59
22,-3,59
23,-3,59
22,-3,60
22,-3,60
22,-3,60
23,-3,60
23,-3,59
22,-2,60
23,-2,60
23,-2,59
23,-2,60
22,-2,59
23,-3,60
23,-3,59
23,-3,59
23,-2,59
22,-3,60
23,-3,60
23,-3,60
22,-3,59
22,-3,59
23,-3,59
22,-3,59
22,-3,59
22,-2,60
23,-2,60
23,-3,59
23,-2,59
23,-2,59
23,-3,60
23,-2,60
23,-3,59
22,-2,59
23,-2,59
22,-3,60
22,-3,59
22,-3,59
23,-3,60
22,-2,59
22,-3,59
23,-2,60
23,-2,59
22,-3,60
22,-2,60
22,-3,60
23,-3,59
22,-2,60
22,-2,59
23,-3,59
22,-3,60
22,-3,60
22,-3,59
22,-3,59
22,-3,59
23,-3,59
23,-3,59
22,-3,59
22,-2,60
22,-3,59
22,-2,59
22,-3,59
22,-3,59
22,-2,59
22,-2,60
22,-3,59
22,-3,60
22,-3,60
22,-2,59
22,-3,60
22,-3,60
22,-2,60
22,-3,59
22,-3,59
22,-3,59
22,-3,60
22,-3,59
22,-3,60
22,-3,60
22,-3,60
22,-2,60
22,-3,59
22,-3,60
22,-3,60
22,-3,59
22,-3,59
22,-3,60
22,-3,60
22,-3,60
22,-3,60
22,-3,60
22,-3,59
22,-3,60
22,-3,60
22,-3,60
22,-3,59
22,-3,60
22,-2,60
22,-3,60
22,-2,60
23,-3,59
22,-3,60
22,-2,60
22,-3,60
22,-3,60
22,-3,59
22,-2,60
23,-3,60
22,-3,59
22,-3,60
22,-3,60
22,-3,59
22,-3,60
22,-3,60
22,-3,59
22,-2,60
22,-3,60
22,-3,60
22,-3,60
22,-3,60
22,-3,60
22,-3,60
22,-3,59
22,-3,60
22,-3,60
22,-2,60
22,-3,59
22,-3,60
22,-3,60
22,-3,60
22,-3,60
22,-3,59
22,-3,60
22,-2,60
22,-3,60
22,-3,59
22,-3,60
22,-3,60
22,-3,60
22,-2,60
22,-3,60
22,-3,59
22,-3,60
22,-3,60
22,-3,60
22,-3,59
22,-3,60
22,-3,60
22,-2,60
22,-3,60
22,-3,60
22,-2,60
22,-3,59
22,-3,60
22,-2,60
22,-3,60
22,-3,59
22,-3,60
22,-3,59
22,-3,59
22,-2,59
22,-3,60
22,-3,60
22,-3,59
22,-3,60
22,-3,59
22,-3,59
22,-3,60
22,-3,59
22,-3,60
22,-3,60
22,-3,60
22,-3,59
22,-3,59
22,-3,60
22,-3,60
22,-3,59
22,-3,59
22,-3,60
22,-3,60
22,-3,60
22,-3,59
22,-3,60
22,-2,60
22,-3,59
23,-3,60
23,-3,60
22,-3,60
22,-3,59
22,-3,60
22,-3,60
22,-2,60
22,-3,60
22,-3,59
22,-3,59
22,-3,60
22,-3,60
22,-3,60
22,-3,60
22,-3,59
22,-3,59
22,-2,60
22,-3,59
22,-3,59
22,-3,60
22,-2,60
22,-3,59
22,-3,59
22,-3,59
22,-2,60
22,-3,60
22,-3,59
22,-3,59
22,-3,60
22,-3,59
22,-3,59
22,-3,59
22,-3,59
22,-3,59
22,-3,60
22,-3,59
22,-3,60
22,-3,60
22,-3,59
22,-3,59
22,-3,59
22,-3,60
22,-3,60
22,-3,59
22,-3,59
22,-3,60
22,-3,60
22,-3,59
22,-3,60
22,-3,59
22,-3,60
22,-2,60
22,-3,59
22,-3,60
22,-3,60
22,-3,59
22,-3,59
22,-3,60
22,-3,60
22,-3,60
22,-2,60
22,-3,60
22,-3,60
22,-3,60
22,-3,59
22,-3,59
22,-3,60
22,-3,60
22,-3,60
22,-3,59
22,-3,59
22,-3,60
22,-3,60
22,-3,59
22,-3,60
22,-3,60
22,-3,60
22,-3,60
22,-3,59
22,-3,60
22,-3,60
22,-3,59
22,-3,60
22,-3,60
22,-3,60
22,-3,60
22,-3,59
22,-3,59
22,-2,60
22,-2,60
22,-3,60
22,-3,59
22,-3,59
22,-3,59
22,-3,60
22,-3,60
22,-3,60
22,-3,60
22,-3,60
22,-3,60
22,-3,60
22,-2,59
22,-3,60
22,-3,60
22,-3,60
22,-3,59
22,-3,60
22,-3,60
22,-3,60
22,-3,59
22,-3,59
22,-3,60
22,-2,60
22,-3,59
22,-3,60
22,-2,60
22,-3,59
22,-3,59
22,-2,59
22,-3,60
22,-3,60
22,-3,59
22,-3,60
22,-3,60
22,-3,59
22,-3,60
22,-2,60
22,-3,60
22,-3,60
22,-3,60
22,-3,60
22,-3,59
22,-3,59
22,-3,60
22,-2,60
22,-3,60
22,-3,60
22,-3,59
22,-3,60
22,-3,60
22,-3,60
22,-3,59
22,-3,60
22,-2,60
22,-3,59
22,-3,60
22,-3,59
22,-3,59
22,-3,60
22,-3,60
22,-3,60
22,-3,60
22,-3,59
22,-3,60
22,-3,60
22,-3,60
22,-3,59
22,-2,59
22,-3,60
22,-3,60
22,-3,59
22,-3,60
22,-2,60
22,-3,60
22,-3,60
22,-3,60
22,-3,60
22,-3,60
22,-3,60
22,-3,59
22,-3,60
22,-3,60
22,-3,59
22,-3,60
22,-3,60
22,-3,59
22,-3,60
22,-3,60
22,-3,60
22,-3,60
22,-3,59
22,-3,59
22,-3,60
22,-3,59
22,-3,60
22,-3,60
22,-3,60
22,-3,60
22,-3,60
22,-3,59
22,-3,59
22,-3,60
22,-3,59
22,-3,60
22,-3,60
22,-3,60
22,-2,59
22,-3,60
22,-3,60
22,-3,60
22,-3,60
22,-3,60
22,-3,60
22,-3,59
22,-3,59
22,-2,60
22,-3,60
22,-3,59
22,-3,60
22,-2,60
23,-3,59
22,-3,60
22,-3,60
22,-3,59
22,-3,60
23,-3,60
22,-3,60
22,-3,60
22,-2,59
22,-3,60
22,-3,59
22,-3,59
22,-3,59
23,-3,60
23,-3,60
23,-3,60
22,-3,60
22,-3,59
22,-3,60
22,-2,60
23,-3,60
22,-3,59
22,-3,59
22,-2,60
22,-3,59
23,-3,59
22,-3,60
22,-3,59
23,-3,60
22,-3,59
22,-3,59
22,-3,60
22,-3,60
22,-3,59
22,-3,59
22,-3,59
22,-3,59
22,-3,59
23,-3,59
22,-3,59
22,-3,60
22,-3,60
23,-3,59
22,-2,60
22,-3,60
22,-3,60
22,-3,59
22,-3,59
22,-3,59
23,-3,59
22,-3,60
22,-3,59
22,-3,60
22,-2,60
22,-3,59
22,-3,59
22,-3,59
22,-3,59
23,-3,60
22,-3,60
22,-3,60
22,-3,59
22,-3,59
22,-3,59
22,-3,60
22,-3,60
22,-3,60
22,-3,59
23,-3,59
22,-3,60
22,-3,60
22,-3,60
22,-3,60
22,-3,59
22,-3,60
22,-3,60
22,-3,59
22,-3,59
22,-3,59
22,-3,59
22,-3,60
22,-3,59
22,-3,59
22,-3,60
22,-3,59
22,-3,59
22,-3,60
22,-3,60
22,-3,60
22,-3,59
22,-3,60
22,-3,59
22,-3,59
22,-3,60
22,-3,59
23,-3,60
22,-3,60
22,-3,60
22,-3,59
22,-3,59
22,-3,60
22,-3,59
22,-3,60
22,-3,60
22,-3,59
22,-3,60
22,-3,60
22,-3,59
22,-3,60
22,-3,59
22,-3,59
22,-3,60
22,-3,60
22,-3,60
22,-2,60
22,-3,59
22,-3,60
23,-2,60
22,-3,60
22,-3,60
22,-3,60
22,-3,59
22,-3,60
22,-3,59
22,-3,59
22,-2,60
22,-3,60
22,-3,60
22,-3,59
22,-3,60
22,-3,60
22,-3,60
22,-3,60
22,-3,59
22,-3,60
22,-3,60
22,-3,60
22,-3,60
23,-3,59
22,-3,59
22,-3,60
22,-3,60
22,-3,60
22,-3,60
22,-3,59
22,-3,60
22,-3,60
22,-3,60
22,-3,59
22,-3,60
22,-3,60
22,-3,60
22,-3,59
22,-3,60
22,-2,60
22,-3,59
22,-3,60
22,-3,59
22,-3,60
22,-3,59
22,-3,60
22,-3,60
22,-3,60
22,-3,59
22,-3,60
22,-3,59
22,-3,60
22,-3,60
22,-3,60
22,-3,60
22,-3,59
22,-3,60
22,-3,60
22,-3,60
22,-3,60
22,-3,59
22,-3,60
22,-3,60
22,-3,60
22,-3,60
22,-3,60
22,-2,60
22,-3,60
22,-3,60
22,-3,60
22,-3,60
22,-3,60
22,-3,60
22,-3,59
22,-3,60
22,-3,60
22,-3,59
22,-3,60
22,-3,60
22,-3,60
22,-3,59
22,-3,59
22,-3,60
22,-3,60
22,-2,59
22,-3,59
22,-3,60
22,-2,59
23,-3,60
22,-3,60
22,-3,60
22,-3,59
22,-2,60
22,-3,60
22,-3,59
22,-3,59
22,-3,59
22,-3,59
22,-3,59
23,-3,59
22,-3,60
22,-3,60
23,-3,59
22,-3,59
22,-2,60
22,-3,59
22,-3,60
23,-3,60
22,-3,60
22,-3,59
22,-3,59
22,-3,60
22,-3,59
22,-2,59
22,-3,60
23,-3,59
22,-3,59
22,-3,59
22,-3,60
22,-3,59
22,-3,59
22,-3,60
22,-3,60
22,-3,59
22,-3,60
22,-3,60
22,-3,60
22,-3,60
22,-3,60
22,-3,60
22,-3,59
22,-3,60
22,-3,60
22,-3,59
22,-3,59
22,-3,60
23,-3,60
22,-3,59
22,-3,60
23,-3,60
22,-3,59
22,-3,60
22,-3,60
22,-3,60
22,-3,60
22,-3,59
22,-3,59
23,-3,60
22,-3,60
22,-3,59
22,-3,59
22,-3,60
22,-3,59
22,-3,59
23,-3,59
22,-3,60
22,-3,60
22,-3,60
22,-3,60
22,-3,60
22,-3,59
22,-3,60
22,-3,59
22,-3,60
22,-3,59
22,-2,60
22,-3,59
22,-3,59
22,-3,60
22,-3,60
22,-3,60
22,-3,59
22,-3,59
22,-3,60
22,-3,60
22,-3,60
22,-3,60
22,-3,59
22,-3,60
22,-3,59
22,-3,60
22,-3,59
22,-3,60
22,-3,59
22,-3,60
22,-3,59
22,-3,60
22,-3,60
22,-3,59
22,-3,59
22,-3,60
22,-3,60
22,-3,60
22,-3,60
22,-3,60
22,-3,60
23,-3,59
23,-3,59
22,-3,60
21,-3,60
22,-3,60
22,-3,60
22,-3,60
22,-3,59
22,-3,59
22,-3,60
22,-3,59
22,-3,60
22,-3,60
22,-3,60
22,-3,59
22,-3,60
22,-3,60
22,-3,60
22,-3,60
22,-3,59
22,-3,60
22,-3,59
22,-3,60
22,-3,59
22,-3,60
23,-3,60
22,-3,60
22,-3,60
22,-3,60
22,-2,60
22,-3,59
22,-3,60
22,-3,60
22,-3,60
22,-3,60
22,-3,59
22,-3,59
22,-2,60
23,-2,60
22,-3,60
21,-3,60
23,-3,59
22,-4,58
22,-3,59
22,-2,60
22,-2,61
22,-3,60
22,-3,59
22,-3,58
23,-2,60
23,-2,61
22,-3,60
22,-3,59
22,-3,59
22,-3,60
22,-2,60
23,-3,60
22,-3,59
22,-3,59
22,-3,60
22,-3,59
22,-3,59
22,-3,59
22,-3,60
22,-3,59
22,-3,60
22,-3,60
22,-2,60
22,-2,60
22,-3,59
22,-3,59
22,-3,59
22,-2,60
22,-3,59
22,-3,59
22,-3,59
22,-3,59
22,-3,59
22,-3,60
22,-3,60
22,-3,59
22,-3,60
22,-3,60
22,-3,59
22,-3,59
22,-3,59
22,-2,60
23,-3,60
22,-3,59
22,-3,59
22,-3,60
22,-3,60
22,-3,59
22,-3,60
22,-3,59
22,-3,60
22,-3,60
22,-3,60
22,-3,59
22,-2,59
22,-3,60
22,-3,59
22,-3,59
22,-3,59
22,-3,60
22,-3,60
22,-3,59
22,-3,60
22,-3,59
22,-3,59
22,-3,60
22,-3,60
22,-3,60
22,-3,59
22,-3,60
22,-3,60
22,-3,60
22,-3,60
22,-3,60
22,-3,59
22,-3,59
23,-3,60
22,-3,59
22,-3,60
22,-3,60
22,-3,60
22,-3,59
22,-3,60
22,-3,60
22,-2,60
22,-3,59
22,-3,60
22,-3,60
23,-3,60
22,-3,59
22,-3,59
22,-3,59
22,-2,60
22,-3,59
22,-3,59
22,-3,60
22,-3,60
22,-3,60
22,-3,60
22,-3,59
22,-3,59
22,-2,60
22,-3,60
23,-3,59
22,-3,60
22,-3,60
22,-3,59
22,-3,59
22,-3,60
22,-3,60
22,-3,59
22,-3,60
22,-3,60
22,-3,60
22,-3,60
22,-3,60
22,-3,59
22,-3,59
22,-3,60
22,-3,59
22,-3,59
22,-3,60
22,-3,59
22,-3,60
22,-3,59
22,-3,59
22,-3,59
22,-3,59
22,-3,60
22,-3,60
22,-3,59
22,-3,59
22,-3,60
22,-3,60
22,-3,60
22,-3,59
22,-3,59
22,-3,60
22,-3,60
22,-3,60
22,-3,60
22,-3,59
22,-3,59
22,-3,60
22,-3,60
22,-3,59
23,-3,59
22,-3,60
22,-3,60
22,-3,59
22,-2,60
23,-3,60
22,-3,59
22,-3,59
23,-3,60
23,-3,60
23,-3,59
22,-3,60
22,-3,60
22,-3,59
22,-3,59
22,-2,60
23,-3,59
22,-3,59
22,-3,59
22,-3,59
22,-3,60
22,-3,60
22,-3,59
22,-3,60
22,-3,59
22,-3,59
22,-3,59
22,-3,60
22,-3,59
22,-3,59
22,-3,60
23,-3,60
22,-3,59
22,-3,59
22,-2,60
22,-3,60
22,-3,59
22,-2,59
22,-3,60
23,-3,59
22,-3,59
22,-3,59
22,-2,60
22,-3,60
22,-3,59
22,-3,59
22,-3,60
22,-3,60
22,-3,60
22,-3,60
22,-3,60
22,-3,60
22,-2,60
22,-3,60
22,-3,59
22,-3,59
22,-2,60
22,-3,60
22,-3,60
22,-3,59
22,-3,60
22,-3,59
22,-3,60
22,-3,60
22,-3,60
22,-3,60
22,-3,60
22,-3,59
22,-3,59
22,-2,60
22,-2,60
22,-3,59
22,-3,59
22,-3,60
22,-3,60
22,-3,60
22,-3,60
22,-3,60
22,-3,59
22,-3,59
22,-3,59
22,-3,60
22,-3,60
22,-3,60
22,-3,60
22,-3,59
22,-3,59
22,-3,60
22,-3,59
22,-3,60
22,-3,60
22,-3,59
22,-3,60
22,-3,60
22,-3,60
22,-3,60
22,-3,59
22,-3,60
22,-2,60
22,-3,59
23,-3,59
22,-3,60
22,-3,60
22,-3,60
22,-3,59
22,-3,59
22,-3,60
22,-3,60
22,-3,59
22,-3,59
22,-3,59
22,-3,60
22,-3,60
22,-3,59
22,-3,60
22,-3,60
22,-3,59
22,-3,60
22,-3,60
22,-3,59
22,-3,59
22,-3,59
22,-3,59
22,-3,59
22,-3,59
22,-3,60
22,-3,60
22,-3,60
22,-3,60
22,-3,60
22,-3,59
22,-3,59
22,-3,60
22,-3,60
22,-3,59
22,-3,59
22,-3,60
22,-3,60
22,-3,60
22,-3,59
22,-3,59
22,-3,59
22,-3,60
22,-3,60
22,-3,59
22,-3,60
22,-3,60
22,-3,59
22,-3,60
22,-3,60
22,-3,60
22,-3,59
22,-3,60
22,-3,60
22,-3,60
22,-3,60
22,-3,59
22,-3,60
22,-3,60
22,-3,60
22,-3,60
22,-3,60
22,-3,60
22,-3,60
22,-3,59
22,-3,60
22,-3,60
22,-3,60
22,-3,59
22,-3,59
22,-3,60
22,-3,60
22,-3,60
22,-3,59
22,-3,59
22,-3,59
22,-3,60
22,-3,60
22,-3,59
22,-3,59
22,-3,60
23,-3,60
22,-3,60
22,-3,60
22,-3,59
22,-3,60
22,-3,59
22,-3,60
22,-3,60
22,-3,60
22,-3,60
22,-3,60
22,-3,59
22,-3,60
22,-3,60
22,-3,60
22,-3,59
22,-3,59
22,-3,60
22,-3,60
22,-3,59
22,-3,59
22,-3,60
22,-3,60
22,-3,60
22,-3,60
22,-3,59
22,-3,60
22,-3,60
22,-3,60
22,-3,59
22,-3,60
22,-3,59
22,-3,60
22,-3,60
22,-3,60
22,-3,60
22,-3,59
22,-3,60
22,-3,60
22,-3,60
22,-3,60
22,-3,59
22,-3,60
22,-3,60
22,-3,59
22,-3,60
22,-3,60
22,-3,60
23,-3,59
22,-3,60
22,-3,60
22,-3,60
22,-3,60
22,-3,59
22,-3,59
22,-3,59
22,-3,60
22,-3,60
22,-3,59
22,-3,60
22,-3,60
22,-3,59
22,-3,59
22,-3,60
22,-3,60
22,-3,59
22,-3,59
22,-3,59
22,-3,60
22,-3,60
22,-3,60
22,-3,60
22,-3,60
22,-3,59
22,-3,59
22,-3,59
22,-3,59
22,-3,60
22,-3,60
22,-3,59
22,-3,60
22,-3,60
22,-3,59
22,-3,60
22,-3,60
22,-3,60
22,-3,59
22,-3,59
22,-3,60
22,-3,60
22,-3,59
22,-3,60
22,-3,60
22,-3,60
22,-3,60
22,-3,59
22,-3,59
22,-3,60
22,-3,60
22,-3,60
23,-3,60
22,-3,59
22,-3,60
22,-3,60
22,-3,60
22,-3,60
22,-3,60
22,-3,59
22,-3,59
22,-3,59
22,-3,60
22,-3,59
22,-3,60
22,-3,60
22,-3,59
22,-3,60
22,-3,59
22,-3,60
22,-3,59
22,-3,59
23,-3,59
22,-3,60
22,-2,59
22,-3,59
22,-3,59
22,-3,60
22,-3,59
22,-3,60
22,-3,60
22,-3,59
22,-3,60
22,-3,59
22,-3,60
22,-3,60
22,-3,59
22,-3,60
22,-3,59
22,-3,60
22,-3,60
22,-3,60
22,-3,60
22,-3,59
22,-3,60
22,-3,60
22,-3,60
22,-3,59
22,-3,59
22,-3,59
22,-3,60
22,-3,59
22,-3,59
22,-3,59
22,-3,60
22,-3,59
22,-3,60
22,-3,60
22,-3,59
22,-3,60
22,-3,60
22,-3,60
22,-3,59
22,-3,60
22,-3,60
22,-3,60
22,-3,59
22,-3,60
22,-3,60
22,-3,60
22,-3,60
22,-3,60
22,-3,59
22,-3,60
22,-3,60
22,-3,60
22,-3,59
22,-3,59
22,-3,60
22,-3,59
22,-3,60
22,-3,59
22,-3,60
22,-3,60
22,-3,59
22,-3,59
22,-3,60
22,-3,59
22,-3,59
22,-3,60
22,-3,60
22,-3,59
22,-3,59
22,-3,60
22,-3,60
21,-2,60
21,-2,61
22,-3,60
22,-3,59
23,-4,58
24,-4,58
23,-3,59
22,-3,60
21,-3,60
21,-2,61
22,-2,61
23,-3,60
22,-3,59
22,-3,59
22,-3,59
22,-3,60
22,-3,60
21,-3,60
21,-3,60
21,-3,59
22,-3,60
22,-3,60
22,-3,60
22,-3,60
22,-3,59
22,-3,60
22,-3,60
22,-2,60
22,-3,59
22,-3,60
22,-2,60
22,-3,60
22,-3,60
22,-3,60
22,-3,59
22,-3,60
22,-3,60
22,-3,59
22,-3,60
22,-3,60
21,-2,61
26,0,66
19,-3,61
11,-10,47
16,-7,46
30,-1,58
41,-5,70
29,4,66
18,4,62
21,-4,57
25,-8,52
29,-5,55
24,-1,62
22,-1,62
19,-2,61
20,-3,61
22,-2,62
19,0,62
19,-3,62
19,-4,61
18,-3,62
15,-3,62
11,-4,61
9,-6,61
9,-6,61
12,-5,61
14,-8,60
14,-9,61
13,-8,61
10,-7,61
10,-6,61
11,-9,61
12,-9,61
10,-7,61
10,-4,63
9,-6,62
11,-7,63
12,-6,64
11,-6,63
11,-6,63
12,-6,61
13,-6,63
12,-6,64
12,-6,63
13,-6,62
12,-6,62
11,-7,61
10,-7,61
9,-6,61
9,-6,62
10,-6,62
11,-6,62
10,-6,63
10,-6,63
10,-6,63
12,-6,63
12,-6,63
11,-6,63
11,-6,62
11,-7,61
11,-6,61
10,-6,62
11,-6,64
11,-6,65
11,-6,63
12,-6,62
11,-6,62
10,-7,62
10,-6,62
11,-6,61
11,-7,61
12,-7,61
11,-8,60
11,-7,61
12,-5,62
12,-5,63
12,-4,63
12,-4,63
12,-5,63
12,-5,61
12,-5,61
14,-5,62
15,-4,63
16,-4,63
15,-4,62
16,-4,62
15,-4,62
15,-4,62
15,-4,62
15,-3,63
15,-4,62
14,-4,62
14,-4,62
14,-4,62
15,-4,62
15,-4,62
15,-4,62
15,-4,62
15,-5,61
15,-6,60
14,-6,60
14,-5,61
14,-4,62
15,-3,63
15,-4,63
16,-4,63
15,-4,63
15,-3,62
14,-4,62
13,-4,61
13,-4,61
14,-4,62
14,-4,62
14,-4,62
14,-3,62
15,-3,62
15,-4,62
13,-4,62
13,-4,61
13,-4,62
13,-4,62
13,-4,62
13,-4,62
13,-4,62
14,-4,62
14,-4,61
15,-4,61
15,-4,61
14,-4,62
13,-3,63
13,-3,62
13,-3,63
12,-3,62
12,-3,62
12,-3,63
13,-2,63
14,-3,63
14,-3,63
14,-3,63
15,-3,62
14,-3,62
13,-4,61
14,-4,61
14,-3,62
14,-3,62
13,-3,62
14,-3,62
14,-3,62
15,-3,62
15,-3,62
15,-3,62
15,-3,61
15,-3,62
14,-3,62
14,-3,62
14,-3,62
14,-3,62
14,-2,62
15,-2,62
15,-2,62
15,-3,62
14,-3,61
14,-3,62
14,-3,62
14,-2,62
14,-2,62
14,-2,62
14,-2,62
14,-2,62
14,-2,62
15,-3,62
15,-3,62
15,-3,62
14,-3,62
14,-3,62
14,-3,62
14,-2,62
14,-2,62
14,-2,62
14,-2,62
15,-2,62
15,-2,62
14,-3,62
14,-2,62
14,-2,62
14,-2,62
14,-3,62
14,-2,62
14,-2,62
14,-2,62
15,-2,62
15,-2,62
14,-2,62
14,-2,62
14,-2,62
15,-3,62
15,-2,62
14,-2,62
14,-2,62
14,-3,62
15,-3,62
14,-2,62
14,-2,62
14,-2,62
14,-3,62
14,-2,62
14,-2,62
14,-2,62
14,-2,62
14,-2,62
14,-2,62
14,-2,62
14,-2,62
14,-3,62
14,-3,62
14,-2,62
14,-2,62
14,-3,62
14,-3,62
14,-3,62
14,-2,62
14,-2,62
14,-3,62
14,-3,62
14,-2,62
14,-3,62
14,-3,62
14,-3,62
14,-3,62
14,-2,62
14,-3,62
14,-2,62
14,-2,62
14,-2,62
14,-2,62
14,-2,62
14,-2,62
13,-3,62
13,-3,62
13,-3,62
14,-2,62
14,-2,63
14,-2,63
14,-2,62
13,-3,62
13,-3,62
14,-3,62
14,-3,62
14,-3,62
14,-2,62
14,-3,62
13,-3,62
13,-3,62
14,-3,61
14,-3,61
14,-3,62
14,-2,62
13,-2,63
14,-3,62
14,-3,62
14,-3,61
14,-3,62
14,-3,62
14,-3,63
14,-2,62
13,-3,62
13,-3,62
14,-3,62
14,-3,62
14,-2,62
13,-3,62
13,-3,62
14,-3,62
14,-2,62
14,-3,62
14,-3,62
14,-3,62
14,-2,62
13,-2,62
13,-3,62
14,-3,61
14,-3,61
14,-3,62
14,-3,62
14,-3,62
14,-2,62
13,-2,63
13,-2,62
14,-3,62
14,-2,62
14,-2,62
13,-3,62
13,-2,62
14,-2,62
14,-2,62
14,-2,62
14,-2,62
14,-3,62
14,-2,62
14,-3,62
13,-3,62
13,-3,62
14,-3,62
14,-3,62
14,-3,62
14,-3,62
13,-3,62
14,-3,62
14,-3,62
14,-3,62
14,-3,62
14,-3,62
14,-2,62
14,-2,62
14,-2,62
14,-3,61
14,-3,62
14,-2,62
14,-3,62
14,-2,62
14,-3,62
14,-3,62
14,-3,62
14,-2,62
14,-2,62
14,-3,62
14,-2,62
14,-3,62
14,-3,62
14,-2,62
14,-3,62
14,-2,62
14,-3,62
14,-2,62
14,-2,62
14,-2,62
14,-2,62
14,-3,62
14,-3,62
14,-2,62
14,-3,62
14,-2,62
14,-2,62
14,-3,62
14,-3,62
14,-3,62
14,-3,62
14,-3,62
14,-3,62
14,-3,62
14,-3,62
14,-2,62
14,-3,62
14,-3,62
14,-3,62
14,-3,62
14,-3,62
14,-2,62
14,-2,62
14,-3,62
14,-2,62
14,-3,62
14,-2,62
14,-3,62
14,-3,62
14,-2,62
14,-3,62
14,-2,62
14,-3,62
14,-2,62
14,-2,62
14,-3,62
14,-3,62
14,-3,62
14,-3,62
14,-3,62
14,-3,62
14,-3,62
14,-3,62
14,-2,62
14,-2,62
14,-3,62
14,-2,62
14,-3,62
14,-3,62
14,-3,62
14,-2,62
14,-3,62
14,-3,62
14,-3,62
14,-3,62
14,-3,62
14,-3,62
14,-3,62
14,-3,62
14,-3,62
14,-3,62
14,-3,62
14,-3,62
14,-3,62
14,-3,62
14,-3,62
14,-3,62
14,-3,62
14,-3,62
14,-3,62
14,-3,62
14,-3,62
14,-3,62
14,-2,62
14,-3,62
14,-3,62
14,-3,62
14,-2,62
14,-3,62
14,-2,62
14,-3,62
14,-3,62
14,-3,62
14,-3,62
14,-2,62
14,-2,62
14,-2,62
14,-3,62
14,-3,62
14,-2,62
14,-2,62
14,-3,62
14,-3,62
14,-3,62
14,-3,62
14,-2,62
14,-3,62
14,-3,62
14,-3,62
14,-2,62
14,-2,62
14,-3,62
14,-2,62
14,-3,62
14,-3,62
14,-3,62
14,-3,62
14,-2,62
14,-3,62
14,-3,62
14,-2,62
14,-3,62
14,-2,62
14,-3,62
14,-3,62
14,-3,62
14,-3,62
14,-3,62
14,-3,62
14,-3,62
14,-3,62
14,-3,62
14,-3,62
14,-3,62
14,-2,62
14,-3,62
14,-3,62
14,-3,62
14,-2,62
14,-2,62
14,-2,62
14,-3,62
14,-3,62
14,-3,62
14,-2,62
14,-3,62
14,-3,62
14,-3,62
14,-3,62
14,-2,62
14,-2,62
14,-3,62
14,-3,62
14,-3,62
14,-3,62
14,-3,62
14,-3,62
14,-2,62
14,-2,62
14,-3,62
14,-3,62
14,-2,62
14,-3,62
14,-2,62
14,-2,62
14,-2,62
14,-3,62
14,-3,62
14,-3,62
14,-3,62
14,-3,62
14,-3,62
14,-3,62
14,-3,62
14,-3,62
14,-3,62
14,-3,62
14,-3,62
14,-2,62
14,-2,62
13,-2,62
14,-3,62
14,-3,62
13,-3,62
15,-3,62
14,-3,62
14,-3,62
14,-2,62
13,-2,63
14,-3,62
14,-3,62
14,-3,62
14,-3,62
14,-3,62
14,-2,62
14,-3,62
14,-3,62
14,-3,62
14,-3,62
14,-3,62
14,-3,62
14,-3,62
14,-3,62
14,-3,61
14,-3,62
14,-3,62
15,-2,62
14,-2,62
13,-3,62
14,-2,62
14,-3,62
14,-3,62
14,-2,62
14,-3,62
14,-3,62
14,-3,62
14,-2,62
14,-3,62
14,-3,62
14,-3,62
14,-3,62
14,-2,62
14,-3,62
14,-3,62
14,-3,62
14,-3,62
14,-3,62
14,-2,62
14,-3,62
14,-3,62
14,-3,62
14,-3,62
14,-2,62
14,-3,62
14,-3,62
14,-2,62
14,-2,62
14,-2,62
14,-2,62
14,-2,62
14,-2,62
14,-2,62
14,-3,62
14,-3,62
14,-2,62
14,-2,62
14,-3,62
14,-3,62
14,-3,62
14,-3,62
14,-2,62
14,-3,62
14,-2,62
14,-2,63
14,-2,62
15,-2,62
15,-3,61
14,-3,61
14,-3,62
14,-3,62
15,-3,62
14,-3,62
14,-3,62
14,-3,62
14,-3,62
14,-3,62
14,-3,62
14,-3,62
14,-3,62
14,-3,62
14,-3,62
14,-2,62
14,-2,62
14,-3,62
14,-3,62
14,-3,62
14,-2,62
14,-3,62
14,-3,62
14,-3,62
14,-2,62
14,-3,62
14,-3,62
14,-3,62
14,-3,62
14,-3,62
14,-3,62
14,-3,62
14,-3,62
14,-3,62
14,-3,62
14,-3,62
14,-3,62
14,-3,62
14,-3,62
14,-3,62
14,-3,62
14,-3,62
14,-3,62
14,-3,62
14,-3,62
14,-3,62
14,-3,62
14,-3,62
14,-3,62
14,-3,62
14,-3,62
14,-3,62
14,-3,62
14,-3,62
14,-3,62
14,-3,62
14,-3,62
14,-3,62
14,-3,62
14,-3,62
14,-3,62
14,-3,62
14,-3,62
14,-3,62
14,-3,62
14,-3,62
14,-3,62
14,-3,62
14,-3,62
14,-3,62
14,-3,62
14,-3,62
14,-3,62
14,-3,62
14,-3,62
14,-3,62
14,-3,62
14,-3,62
14,-3,62
14,-3,62
14,-3,62
14,-3,62
14,-3,62
14,-3,62
14,-3,62
14,-2,62
13,-3,62
14,-3,62
14,-2,62
14,-3,62
14,-3,62
14,-3,62
14,-3,62
14,-3,62
14,-3,62
14,-3,62
14,-3,62
14,-3,62
14,-3,62
14,-3,62
14,-3,62
14,-3,62
14,-3,62
14,-3,62
14,-3,62
14,-3,62
14,-3,62
14,-3,62
14,-3,62
14,-3,62
14,-3,62
14,-3,62
14,-3,62
14,-3,62
14,-3,62
14,-3,62
14,-3,62
14,-2,62
14,-3,62
14,-3,62
14,-3,62
14,-3,62
14,-3,62
14,-3,62
14,-3,62
14,-3,62
14,-3,62
14,-3,62
14,-3,62
14,-3,62
14,-3,62
14,-3,62
14,-2,62
14,-3,62
14,-3,62
14,-3,62
14,-3,62
14,-3,62
14,-3,62
14,-3,62
14,-3,62
14,-3,62
14,-3,62
14,-3,62
14,-3,62
14,-3,62
14,-3,62
14,-3,62
14,-3,62
14,-3,62
14,-3,62
14,-3,62
14,-3,62
14,-3,62
14,-3,62
14,-3,62
14,-3,62
14,-3,62
14,-3,62
14,-3,62
14,-3,62
14,-3,62
14,-3,62
14,-3,62
14,-3,62
14,-3,62
14,-3,62
14,-3,62
14,-3,62
14,-3,62
14,-3,62
14,-3,62
14,-3,62
14,-3,62
14,-3,62
14,-3,62
14,-3,62
14,-3,62
14,-3,62
14,-3,62
14,-3,62
14,-2,62
14,-3,62
14,-3,62
14,-3,62
14,-3,62
14,-3,62
14,-3,62
14,-3,62
14,-3,62
14,-3,62
14,-3,62
14,-3,62
14,-3,62
14,-3,62
14,-3,62
14,-3,62
14,-3,62
14,-3,62
14,-3,62
14,-3,62
14,-3,62
14,-3,62
14,-3,62
14,-3,62
14,-3,62
14,-3,62
14,-3,62
14,-3,62
14,-3,62
14,-2,62
14,-3,62
14,-3,62
14,-3,62
14,-3,62
14,-3,62
14,-3,62
14,-3,62
14,-3,62
14,-3,62
14,-3,62
14,-3,62
14,-3,62
14,-3,62
14,-3,62
14,-3,62
14,-3,62
14,-3,62
14,-3,62
14,-3,62
14,-3,62
14,-3,62
14,-3,62
14,-3,62
14,-3,62
14,-3,62
14,-3,62
14,-3,62
14,-3,62
14,-3,62
13,-3,62
14,-3,62
14,-3,62
14,-3,62
14,-3,62
14,-3,62
14,-3,62
14,-3,62
14,-3,62
14,-3,62
14,-3,62
14,-3,62
14,-3,62
14,-3,62
14,-3,62
14,-3,62
14,-3,62
14,-3,62
14,-3,62
14,-3,62
14,-3,62
14,-3,62
14,-3,62
14,-3,62
14,-3,62
14,-3,62
14,-3,62
14,-3,62
14,-3,62
14,-3,62
14,-3,62
14,-3,62
14,-3,62
14,-3,62
14,-3,62
14,-3,62
14,-3,62
14,-3,62
14,-3,62
14,-3,62
14,-3,62
14,-3,62
14,-3,62
14,-3,62
14,-3,62
14,-3,62
14,-3,62
14,-3,62
14,-3,62
14,-3,62
14,-3,62
14,-3,62
14,-3,62
14,-3,62
14,-3,62
14,-3,62
14,-3,62
14,-3,62
14,-3,62
14,-3,62
14,-3,62
14,-3,62
14,-3,62
14,-3,62
14,-3,62
14,-3,62
14,-3,62
13,-3,62
14,-3,62
14,-3,62
14,-3,62
14,-3,62
14,-3,62
14,-3,62
14,-3,62
14,-3,62
14,-2,62
14,-3,62
14,-3,62
14,-3,62
14,-3,62
14,-3,62
14,-3,62
14,-3,62
14,-3,62
14,-3,62
14,-3,62
14,-3,62
14,-3,62
14,-3,62
14,-3,62
14,-3,62
14,-3,62
14,-3,62
14,-3,62
14,-3,62
14,-3,62
14,-3,62
14,-3,62
14,-3,62
14,-3,62
14,-3,62
14,-3,62
14,-3,62
14,-3,62
14,-3,62
14,-3,62
14,-3,62
14,-3,62
14,-3,62
14,-3,62
14,-3,62
14,-2,62
14,-3,62
14,-3,62
14,-3,62
14,-3,62
14,-3,62
14,-3,62
14,-3,62
14,-3,62
14,-3,62
14,-3,62
14,-3,62
14,-3,62
14,-2,62
14,-3,62
14,-3,62
14,-3,62
14,-2,62
14,-3,62
14,-3,62
14,-3,62
14,-3,62
14,-3,62
14,-3,62
14,-3,62
14,-3,62
14,-3,62
14,-3,62
14,-3,62
14,-3,62
14,-3,62
14,-3,62
14,-3,62
14,-3,62
14,-3,62
14,-3,62
14,-3,62
14,-3,62
14,-3,62
14,-3,62
14,-3,62
14,-3,62
14,-3,62
14,-3,62
14,-3,62
14,-3,62
14,-3,62
14,-3,62
14,-3,62
14,-3,62
14,-3,62
14,-3,62
14,-2,62
13,-3,62
14,-3,62
14,-3,62
14,-3,62
14,-3,62
14,-3,62
14,-3,62
14,-3,62
14,-3,62
14,-3,62
14,-3,62
14,-3,62
14,-3,62
14,-3,62
14,-3,62
14,-3,62
14,-3,62
14,-3,62
14,-3,62
14,-3,62
14,-3,62
14,-3,62
14,-3,62
14,-3,62
14,-3,62
14,-3,62
14,-3,62
14,-3,62
14,-3,62
14,-3,62
14,-3,62
14,-3,62
14,-3,62
14,-3,62
14,-3,62
14,-3,62
14,-3,62
14,-3,62
14,-3,62
14,-3,62
14,-3,62
14,-3,62
14,-3,62
14,-3,62
14,-3,62
14,-3,62
14,-3,62
14,-3,62
14,-3,62
14,-3,62
14,-3,62
14,-3,62
14,-3,62
14,-3,62
14,-3,62
14,-3,63
13,-3,62
13,-3,62
14,-3,62
14,-3,62
14,-3,62
14,-3,62
14,-3,62
14,-3,62
14,-3,62
14,-3,62
14,-3,62
14,-3,62
14,-3,62
14,-3,62
14,-3,62
14,-3,62
14,-3,62
14,-2,62
14,-3,62
14,-3,62
14,-3,62
14,-3,62
14,-2,62
14,-3,62
14,-3,62
14,-3,62
14,-3,62
14,-3,62
14,-3,62
14,-2,62
14,-3,62
14,-3,62
14,-3,62
14,-3,62
14,-3,62
14,-3,62
14,-3,62
14,-2,62
14,-3,62
14,-3,62
14,-3,62
14,-3,62
14,-3,62
14,-3,62
14,-3,62
14,-3,62
14,-3,62
14,-3,62
14,-3,62
14,-3,62
14,-3,62
14,-3,62
14,-2,62
14,-3,62
14,-3,62
14,-3,62
14,-3,62
14,-3,62
14,-3,62
14,-3,62
14,-2,62
14,-3,62
14,-3,62
14,-3,62
14,-2,62
14,-3,62
14,-3,62
14,-3,62
14,-3,62
14,-2,62
14,-3,62
14,-3,62
14,-3,62
14,-3,62
14,-3,62
14,-3,62
14,-3,62
14,-3,62
14,-3,62
14,-3,62
14,-3,62
14,-3,62
14,-3,62
14,-2,62
14,-3,62
14,-3,62
14,-3,62
14,-3,62
14,-3,62
14,-3,62
14,-3,62
14,-3,62
14,-3,62
14,-3,62
14,-3,62
14,-2,62
14,-3,62
14,-3,62
14,-3,62
14,-3,62
14,-2,62
14,-3,62
14,-3,62
14,-3,62
14,-3,62
14,-3,62
14,-3,62
14,-3,61
14,-3,61
15,-3,61
14,-1,64
14,-1,64
13,-2,63
14,-4,61
14,-4,59
15,-4,60
15,-2,63
14,-2,63
14,-2,63
15,-3,62
15,-3,62
14,-2,62
14,-2,63
16,-2,64
15,-3,63
14,-4,63
13,-4,63
12,-4,63
15,-3,67
8,-3,68
6,-3,68
3,0,63
3,-4,61
5,-12,60
5,-13,59
7,-14,58
7,-15,57
6,-15,57
-2,-24,49
-5,-26,43
26,-14,60
39,-4,66
29,-2,65
27,4,67
27,4,68
18,3,64
12,5,61
13,5,61
17,4,61
18,4,61
16,5,57
19,4,58
23,3,58
21,2,59
18,3,59
18,7,62
16,7,62
11,9,58
12,10,57
17,9,58
18,5,58
19,3,56
24,0,57
26,-1,58
27,0,59
28,1,60
26,4,60
25,4,61
30,4,65
26,3,60
24,4,59
23,5,58
24,7,58
23,8,59
20,11,55
20,10,55
22,10,58
21,10,60
23,8,60
28,5,62
29,4,61
28,3,58
29,3,58
29,3,59
28,2,59
26,1,59
25,2,57
25,3,56
24,7,54
25,9,54
25,7,56
24,6,58
27,4,60
37,-5,63
35,-5,61
26,-5,55
26,-4,55
31,-1,56
32,6,55
29,5,57
20,2,60
14,0,59
23,-3,61
24,-4,59
26,-4,58
26,-2,59
25,-1,59
26,0,59
25,1,59
24,1,60
31,-1,63
27,1,59
14,3,55
14,1,57
20,-1,61
25,-1,60
29,-2,61
23,2,58
22,2,60
22,1,59
22,0,58
23,-1,60
23,0,59
23,1,59
24,0,60
24,0,60
24,0,58
23,0,58
23,0,61
22,0,60
23,-1,59
23,0,59
23,0,59
24,1,59
24,1,60
24,0,59
24,-1,59
24,-1,59
23,0,59
22,1,59
22,0,59
23,0,59
24,0,59
24,1,60
23,2,59
22,1,58
25,0,59
27,1,60
23,1,58
23,0,59
24,0,59
25,1,59
25,1,59
23,1,58
23,1,58
25,1,59
25,0,59
24,1,58
24,1,59
24,1,58
24,1,59
25,1,59
24,1,61
24,2,62
24,2,60
26,1,58
26,0,57
23,-2,56
22,-2,58
24,0,59
24,1,59
24,0,59
24,0,59
24,1,59
24,1,59
24,1,59
23,1,59
23,0,58
26,0,59
25,1,59
23,1,59
24,1,59
25,1,59
25,1,59
24,1,58
25,0,58
25,0,59
25,1,59
25,0,58
24,1,59
24,0,59
24,1,59
25,1,58
25,2,59
25,2,59
25,0,58
24,1,58
24,1,58
25,1,59
25,1,59
25,1,59
24,0,58
25,1,59
25,1,59
25,1,59
24,1,59
24,1,59
24,1,59
25,1,59
24,1,59
24,0,59
25,0,59
24,1,59
24,1,59
24,0,59
24,1,59
24,1,59
24,1,59
24,1,59
25,0,60
24,1,59
24,1,59
24,1,59
24,0,59
24,-1,59
23,-1,59
22,0,58
24,1,59
25,2,59
24,1,60
24,0,59
24,0,59
24,0,59
24,1,59
24,1,59
24,0,59
24,0,59
24,0,59
24,1,59
24,0,59
24,1,59
23,1,59
24,0,59
24,0,59
24,1,59
24,0,59
24,1,59
24,1,59
24,1,59
24,0,59
24,1,59
24,0,59
24,1,59
23,1,59
24,0,59
24,0,59
24,1,59
24,0,59
24,1,59
24,1,59
24,0,59
24,0,59
24,1,59
24,1,59
24,0,59
24,1,59
25,0,59
24,1,58
24,1,59
24,1,59
24,2,59
25,1,59
24,1,59
23,1,59
24,1,60
24,1,59
24,1,59
23,1,59
23,1,59
24,1,59
25,1,59
24,1,59
24,-1,59
25,-1,59
24,0,59
23,1,58
23,1,58
24,0,59
24,1,58
24,0,59
24,0,58
25,-1,58
24,-1,58
23,0,59
24,0,60
25,1,60
25,0,59
25,1,60
25,1,59
24,1,59
24,1,59
24,0,59
24,0,59
23,0,59
23,0,59
23,1,59
23,1,59
23,1,59
23,1,59
23,1,59
23,0,59
24,-1,60
24,0,59
24,0,59
23,0,59
24,1,59
24,1,59
24,1,59
24,1,59
24,0,59
24,0,59
24,1,59
24,1,59
24,1,59
24,1,59
24,1,59
24,0,59
24,1,59
24,1,59
24,1,59
24,1,59
24,0,59
24,1,59
24,1,59
24,1,59
24,1,59
24,1,59
24,1,59
24,1,59
24,1,59
25,1,60
24,0,58
23,0,58
24,1,59
25,1,59
24,1,59
24,1,59
24,1,59
25,1,59
24,1,59
24,0,59
24,1,59
25,1,59
24,0,59
24,0,59
24,0,58
25,0,59
25,0,58
25,0,58
25,1,59
25,2,59
25,2,59
25,2,60
25,1,60
25,1,60
25,1,58
26,0,59
26,-1,58
24,0,57
25,-1,57
23,0,58
23,0,59
23,1,59
24,1,59
25,1,59
25,1,59
25,2,59
26,3,59
27,6,62
26,11,62
26,14,63
22,11,63
17,8,62
17,7,65
17,7,64
11,7,62
1,6,63
-3,4,63
-2,4,64
-2,1,63
-1,0,62
1,-2,61
1,-3,60
2,-5,58
4,-4,59
5,-4,60
9,0,64
10,1,65
11,1,64
10,0,64
8,-4,62
9,-6,64
11,-5,63
8,-5,62
8,-3,64
6,-1,66
5,-2,64
3,-2,63
2,0,65
0,1,64
0,1,65
0,2,65
0,2,63
0,2,64
1,2,64
-1,1,63
-1,2,63
-1,0,63
-1,0,61
0,-3,60
2,0,65
2,1,67
2,1,66
2,1,66
-1,0,64
-1,0,64
-1,-1,63
0,-1,63
2,-2,63
2,0,66
2,0,64
0,-1,63
0,1,64
-1,1,67
-1,-2,64
0,-2,67
0,-4,68
0,-6,66
1,-6,66
1,-7,63
0,-7,65
-4,-7,61
-6,-6,60
-7,-5,61
-9,-1,63
-11,0,61
-12,1,62
-11,3,63
-12,4,62
-12,2,59
-9,3,62
-9,3,61
-9,5,61
-10,6,61
-10,8,61
-14,7,59
-15,8,61
-17,9,61
-21,9,63
-23,10,65
-22,7,64
-18,4,62
-9,-1,58
2,2,61
3,5,62
-1,7,62
-5,7,63
-9,6,62
-9,5,63
-9,4,64
-9,3,62
-9,4,62
-8,4,64
-9,4,64
-11,6,65
-13,7,69
-13,7,67
-12,5,65
-7,5,65
-10,4,58
-11,5,59
-13,9,64
-15,7,61
-14,7,59
-9,8,64
-6,7,64
-6,7,64
-10,9,61
-10,9,59
